{
	"version":"Sample 1.0.0",
	"model":"goth.moc",
	"textures":[
		"goth.2048/texture_00.png",
		"goth.2048/texture_01.png",
		"goth.2048/texture_02.png",
		"goth.2048/texture_03.png",
		"goth.2048/texture_04.png"
	],
	"expressions":[
		{"name":"goth_1","file":"expression/goth_1.exp.json"},
		{"name":"goth_2","file":"expression/goth_2.exp.json"},
		{"name":"goth_3","file":"expression/goth_3.exp.json"},
		{"name":"goth_4","file":"expression/goth_4.exp.json"},
		{"name":"goth_5","file":"expression/goth_5.exp.json"},
		{"name":"01","file":"expression/01.exp.json"},
		{"name":"02","file":"expression/02.exp.json"},
		{"name":"03","file":"expression/03.exp.json"},
		{"name":"04","file":"expression/04.exp.json"},
		{"name":"05","file":"expression/05.exp.json"},
		{"name":"06","file":"expression/06.exp.json"},
		{"name":"07","file":"expression/07.exp.json"},
		{"name":"08","file":"expression/08.exp.json"},
		{"name":"09","file":"expression/09.exp.json"},
		{"name":"10","file":"expression/10.exp.json"},
		{"name":"11","file":"expression/11.exp.json"},
		{"name":"12","file":"expression/12.exp.json"},
		{"name":"13","file":"expression/13.exp.json"},
		{"name":"14","file":"expression/14.exp.json"},
		{"name":"15","file":"expression/15.exp.json"},
		{"name":"16","file":"expression/16.exp.json"},
		{"name":"17","file":"expression/17.exp.json"},
		{"name":"18","file":"expression/18.exp.json"},
		{"name":"19","file":"expression/19.exp.json"},
		{"name":"20","file":"expression/20.exp.json"},
		{"name":"21","file":"expression/21.exp.json"},
		{"name":"22","file":"expression/22.exp.json"},
		{"name":"23","file":"expression/23.exp.json"},
		{"name":"24","file":"expression/24.exp.json"},
		{"name":"25","file":"expression/25.exp.json"},
		{"name":"26","file":"expression/26.exp.json"},
		{"name":"27","file":"expression/27.exp.json"},
		{"name":"28","file":"expression/28.exp.json"},
		{"name":"29","file":"expression/29.exp.json"},
		{"name":"30","file":"expression/30.exp.json"},
		{"name":"31","file":"expression/31.exp.json"},
		{"name":"32","file":"expression/32.exp.json"},
		{"name":"33","file":"expression/33.exp.json"},
		{"name":"34","file":"expression/34.exp.json"},
		{"name":"35","file":"expression/35.exp.json"},
		{"name":"36","file":"expression/36.exp.json"},
		{"name":"37","file":"expression/37.exp.json"},
		{"name":"38","file":"expression/38.exp.json"},
		{"name":"39","file":"expression/39.exp.json"},
		{"name":"40","file":"expression/40.exp.json"},
		{"name":"41","file":"expression/41.exp.json"},
		{"name":"42","file":"expression/42.exp.json"},
		{"name":"43","file":"expression/43.exp.json"},
		{"name":"44","file":"expression/44.exp.json"},
		{"name":"45","file":"expression/45.exp.json"},
		{"name":"46","file":"expression/46.exp.json"},
		{"name":"47","file":"expression/47.exp.json"},
		{"name":"48","file":"expression/48.exp.json"},
		{"name":"49","file":"expression/49.exp.json"},
		{"name":"50","file":"expression/50.exp.json"},
		{"name":"51","file":"expression/51.exp.json"},
		{"name":"52","file":"expression/52.exp.json"},
		{"name":"53","file":"expression/53.exp.json"},
		{"name":"54","file":"expression/54.exp.json"},
		{"name":"55","file":"expression/55.exp.json"},
		{"name":"56","file":"expression/56.exp.json"},
		{"name":"57","file":"expression/57.exp.json"},
		{"name":"58","file":"expression/58.exp.json"},
		{"name":"59","file":"expression/59.exp.json"},
		{"name":"60","file":"expression/60.exp.json"},
		{"name":"61","file":"expression/61.exp.json"},
		{"name":"62","file":"expression/62.exp.json"},
		{"name":"63","file":"expression/63.exp.json"},
		{"name":"64","file":"expression/64.exp.json"},
		{"name":"65","file":"expression/65.exp.json"},
		{"name":"66","file":"expression/66.exp.json"},
		{"name":"67","file":"expression/67.exp.json"},
		{"name":"68","file":"expression/68.exp.json"},
		{"name":"69","file":"expression/69.exp.json"},
		{"name":"70","file":"expression/70.exp.json"},
		{"name":"71","file":"expression/71.exp.json"},
		{"name":"72","file":"expression/72.exp.json"},
		{"name":"73","file":"expression/73.exp.json"},
		{"name":"74","file":"expression/74.exp.json"},
		{"name":"75","file":"expression/75.exp.json"},
		{"name":"76","file":"expression/76.exp.json"},
		{"name":"77","file":"expression/77.exp.json"},
		{"name":"78","file":"expression/78.exp.json"},
		{"name":"79","file":"expression/79.exp.json"},
		{"name":"80","file":"expression/80.exp.json"},
		{"name":"81","file":"expression/81.exp.json"},
		{"name":"82","file":"expression/82.exp.json"},
		{"name":"83","file":"expression/83.exp.json"},
		{"name":"84","file":"expression/84.exp.json"},
		{"name":"85","file":"expression/85.exp.json"},
		{"name":"86","file":"expression/86.exp.json"},
		{"name":"87","file":"expression/87.exp.json"},
		{"name":"88","file":"expression/88.exp.json"},
		{"name":"89","file":"expression/89.exp.json"},
		{"name":"90","file":"expression/90.exp.json"},
		{"name":"91","file":"expression/91.exp.json"},
		{"name":"92","file":"expression/92.exp.json"},
		{"name":"93","file":"expression/93.exp.json"},
		{"name":"94","file":"expression/94.exp.json"},
		{"name":"95","file":"expression/95.exp.json"},
		{"name":"96","file":"expression/96.exp.json"},
		{"name":"AccGlass1_1","file":"expression/AccGlass1_1.exp.json"},
		{"name":"AccGlass1_2","file":"expression/AccGlass1_2.exp.json"},
		{"name":"AccGlass1_3","file":"expression/AccGlass1_3.exp.json"},
		{"name":"AccGlass1_4","file":"expression/AccGlass1_4.exp.json"},
		{"name":"AccGlass1_5","file":"expression/AccGlass1_5.exp.json"},
		{"name":"AccGlass2_1","file":"expression/AccGlass2_1.exp.json"},
		{"name":"AccGlass2_2","file":"expression/AccGlass2_2.exp.json"},
		{"name":"AccGlass2_3","file":"expression/AccGlass2_3.exp.json"},
		{"name":"AccGlass2_4","file":"expression/AccGlass2_4.exp.json"},
		{"name":"AccGlass2_5","file":"expression/AccGlass2_5.exp.json"},
		{"name":"AccGlass3_1","file":"expression/AccGlass3_1.exp.json"},
		{"name":"AccGlass3_2","file":"expression/AccGlass3_2.exp.json"},
		{"name":"AccGlass3_3","file":"expression/AccGlass3_3.exp.json"},
		{"name":"AccGlass3_4","file":"expression/AccGlass3_4.exp.json"},
		{"name":"AccGlass3_5","file":"expression/AccGlass3_5.exp.json"},
		{"name":"AccGlassNull","file":"expression/AccGlassNull.exp.json"},
		{"name":"AccHair1","file":"expression/AccHair1.exp.json"},
		{"name":"AccHair2","file":"expression/AccHair2.exp.json"},
		{"name":"AccHair3","file":"expression/AccHair3.exp.json"},
		{"name":"AccHair4","file":"expression/AccHair4.exp.json"},
		{"name":"AccHair5","file":"expression/AccHair5.exp.json"},
		{"name":"AccHair6","file":"expression/AccHair6.exp.json"},
		{"name":"AccHairNull","file":"expression/AccHairNull.exp.json"},
		{"name":"AccNeck1","file":"expression/AccNeck1.exp.json"},
		{"name":"AccNeck2","file":"expression/AccNeck2.exp.json"},
		{"name":"AccNeck3","file":"expression/AccNeck3.exp.json"},
		{"name":"AccNeck4","file":"expression/AccNeck4.exp.json"},
		{"name":"AccNeck5","file":"expression/AccNeck5.exp.json"},
		{"name":"AccNeckNull","file":"expression/AccNeckNull.exp.json"},
		{"name":"Fox_off","file":"expression/Fox_off.exp.json"},
		{"name":"Fox_on","file":"expression/Fox_on.exp.json"},
		{"name":"HairLong","file":"expression/HairLong.exp.json"},
		{"name":"HairPony","file":"expression/HairPony.exp.json"},
		{"name":"HairSemi","file":"expression/HairSemi.exp.json"},
		{"name":"HairSemiPony","file":"expression/HairSemiPony.exp.json"},
		{"name":"HairSemiTwin","file":"expression/HairSemiTwin.exp.json"},
		{"name":"HairTwin","file":"expression/HairTwin.exp.json"},
		{"name":"Room_off","file":"expression/Room_off.exp.json"},
		{"name":"Room_on","file":"expression/Room_on.exp.json"},
		{"name":"Word_off","file":"expression/Word_off.exp.json"},
		{"name":"Word_on","file":"expression/Word_on.exp.json"},
		{"name":"Word2_off","file":"expression/Word2_off.exp.json"},
		{"name":"Word2_on","file":"expression/Word2_on.exp.json"}
	],
	"motions":{
		"":[
			{"file":"motion/00.mtn"},
			{"file":"motion/00_2.mtn"},
			{"file":"motion/nade_01.mtn"},
			{"file":"motion/nade_02.mtn"},
			{"file":"motion/nade_02_2.mtn"},
			{"file":"motion/nade_03.mtn"},
			{"file":"motion/nade_03_2.mtn"},
			{"file":"motion/nade_04.mtn"},
			{"file":"motion/nade_04_2.mtn"},
			{"file":"motion/nade_05.mtn"},
			{"file":"motion/nade_05_2.mtn"},
			{"file":"motion/nade_06.mtn"},
			{"file":"motion/nade_06_2.mtn"},
			{"file":"motion/nade_EX1.mtn"},
			{"file":"motion/nade_EX1_2.mtn"},
			{"file":"motion/nade_EX1_3.mtn"},
			{"file":"motion/nade_EX1_4.mtn"},
			{"file":"motion/nade_EX1_4_02.mtn"},
			{"file":"motion/nade_EX2.mtn"},
			{"file":"motion/nade_EX2_02.mtn"},
			{"file":"motion/nade_EX2_02_2.mtn"},
			{"file":"motion/nade_EX2_03.mtn"},
			{"file":"motion/nade_EX2_04.mtn"},
			{"file":"motion/nade_EX2_04_2.mtn"},
			{"file":"motion/nade_EX3.mtn"},
			{"file":"motion/nade_EX3_02.mtn"},
			{"file":"motion/nade_EX3_2.mtn"},
			{"file":"motion/nade_EX3_2_02.mtn"},
			{"file":"motion/nade_EX3_3.mtn"},
			{"file":"motion/nade_EX3_3_02.mtn"},
			{"file":"motion/nade_EX3_4.mtn"},
			{"file":"motion/nade_EX3_4_02.mtn"},
			{"file":"motion/nade_EX4.mtn"},
			{"file":"motion/nade_EX4_02.mtn"},
			{"file":"motion/nade_EX4_2.mtn"},
			{"file":"motion/nade_EX4_2_02.mtn"},
			{"file":"motion/nade_EX5.mtn"},
			{"file":"motion/nade_EX5_02.mtn"},
			{"file":"motion/nade_EX5_2.mtn"},
			{"file":"motion/nade_EX5_2_02.mtn"},
			{"file":"motion/nade_EX5_3.mtn"},
			{"file":"motion/nade_EX5_3_02.mtn"},
			{"file":"motion/nade_EX5_4.mtn"},
			{"file":"motion/nade_EX5_4_02.mtn"},
			{"file":"motion/nade_EX6.mtn"},
			{"file":"motion/nade_EX6_02.mtn"},
			{"file":"motion/nade_EX6_2.mtn"},
			{"file":"motion/nade_EX6_2_02.mtn"},
			{"file":"motion/nade_low.mtn"},
			{"file":"motion/nade_low_2.mtn"},
			{"file":"motion/nade_midium.mtn"},
			{"file":"motion/nade_midium_2.mtn"}
		]
	}
}