{
	"version":"Sample 1.0.0",
	"model":"Baisu.moc",
	"textures":[
		"Baisu.1024/texture_00.png"
	],
	"expressions":[
		{"name":"Hakire","file":"expressions/Hakire.exp.json"},
		{"name":"Hjitome","file":"expressions/Hjitome.exp.json"},
		{"name":"Hjitome2","file":"expressions/Hjitome2.exp.json"},
		{"name":"Hkirakira","file":"expressions/Hkirakira.exp.json"},
		{"name":"Hodoroki","file":"expressions/Hodoroki.exp.json"},
		{"name":"Htujo","file":"expressions/Htujo.exp.json"},
		{"name":"Htujo2","file":"expressions/Htujo2.exp.json"},
		{"name":"Hwarui","file":"expressions/Hwarui.exp.json"}
	],
	"motions":{
		"":[
			{"file":"motions/Sleft1.mtn" ,"fade_in":1000, "fade_out":1000},
			{"file":"motions/Snomal.mtn" ,"fade_in":1000, "fade_out":1000},
			{"file":"motions/Sright1.mtn" ,"fade_in":1000, "fade_out":1000},
			{"file":"motions/Sstop.mtn" ,"fade_in":1000, "fade_out":1000}
		]
	}
}
