{
  "Version": 3,
  "FileReferences": {
    "Moc": "1024100.moc3",
    "Textures": [
      "textures/texture_00.png"
    ],
    "Physics": ".physics3.json",
    "Motions": {
      "": [
        {
          "File": "motions/00_Skill_02.motion3.json"
        },
        {
          "File": "motions/20_Expression_Anger_01.motion3.json"
        },
        {
          "File": "motions/20_Expression_Sad_01.motion3.json"
        },
        {
          "File": "motions/00_Anger_01.motion3.json"
        },
        {
          "File": "motions/00_Sad_01.motion3.json"
        },
        {
          "File": "motions/20_Expression_Shame_01.motion3.json"
        },
        {
          "File": "motions/bound.motion3.json"
        },
        {
          "File": "motions/20_Expression_Eye_01.motion3.json"
        },
        {
          "File": "motions/00_Serious_01.motion3.json"
        },
        {
          "File": "motions/00_Puzzle_01.motion3.json"
        },
        {
          "File": "motions/00_Upset_01.motion3.json"
        },
        {
          "File": "motions/00_Pride_01.motion3.json"
        },
        {
          "File": "motions/20_Expression_Serious_01.motion3.json"
        },
        {
          "File": "motions/00_Anger_02.motion3.json"
        },
        {
          "File": "motions/00_Excite_01.motion3.json"
        },
        {
          "File": "motions/00_Shame_01.motion3.json"
        },
        {
          "File": "motions/00_Skill_01.motion3.json"
        },
        {
          "File": "motions/00_Wait_01.motion3.json"
        },
        {
          "File": "motions/20_Expression_Puzzle_01.motion3.json"
        },
        {
          "File": "motions/00_Doubt_01.motion3.json"
        },
        {
          "File": "motions/00_Cry_01.motion3.json"
        },
        {
          "File": "motions/bound_double.motion3.json"
        },
        {
          "File": "motions/20_Expression_Smile_01.motion3.json"
        },
        {
          "File": "motions/00_Happy_01.motion3.json"
        },
        {
          "File": "motions/00_Surprise_01.motion3.json"
        },
        {
          "File": "motions/20_Expression_Upset_01.motion3.json"
        },
        {
          "File": "motions/bound_down.motion3.json"
        },
        {
          "File": "motions/00_Happy_02.motion3.json"
        },
        {
          "File": "motions/00_Appeal_01.motion3.json"
        }
      ]
    }
  },
  "Groups": [
    {
      "Target": "Parameter",
      "Name": "EyeBlink",
      "Ids": [
        "PARAM_EYE_R_OPEN",
        "PARAM_EYE_L_OPEN"
      ]
    },
    {
      "Target": "Parameter",
      "Name": "LipSync",
      "Ids": [
        "PARAM_MOUTH_OPEN_Y"
      ]
    }
  ]
}