{
  "Version": 3,
  "FileReferences": {
    "Moc": "sharedassets2.assets.moc3",
    "Textures": [
      "textures/textures_00.png"
    ],
    "Physics": null,
    "Motions": {
      "": [
        {
          "File": "motions/04Anal_zeme2B.motion3.json"
        },
        {
          "File": "motions/01titi_kokyuu.motion3.json"
        },
        {
          "File": "motions/01titi_kokyuuB.motion3.json"
        },
        {
          "File": "motions/02titi_kaishi.motion3.json"
        },
        {
          "File": "motions/03titi_zeme.motion3.json"
        },
        {
          "File": "motions/04titi_zeme2.motion3.json"
        },
        {
          "File": "motions/05titi_zettyo.motion3.json"
        },
        {
          "File": "motions/06titi_bonyu.motion3.json"
        },
        {
          "File": "motions/07titi_end.motion3.json"
        },
        {
          "File": "motions/02tikubi_kaishi.motion3.json"
        },
        {
          "File": "motions/03tikubi_zeme01.motion3.json"
        },
        {
          "File": "motions/04tikubi_zeme02.motion3.json"
        },
        {
          "File": "motions/05tikubi_zettyo.motion3.json"
        },
        {
          "File": "motions/05tikubi_zettyobonyu.motion3.json"
        },
        {
          "File": "motions/06tikubi_end.motion3.json"
        },
        {
          "File": "motions/taikiInmon.motion3.json"
        },
        {
          "File": "motions/taikiInmushi.motion3.json"
        },
        {
          "File": "motions/taikiInmushiI.motion3.json"
        },
        {
          "File": "motions/taikiInmushiZ.motion3.json"
        },
        {
          "File": "motions/taikiInmushiZI.motion3.json"
        },
        {
          "File": "motions/taikiOsawari.motion3.json"
        },
        {
          "File": "motions/taikiOsawariInmon.motion3.json"
        },
        {
          "File": "motions/taikiOsawariInmonSita.motion3.json"
        },
        {
          "File": "motions/taikiOsawariSita.motion3.json"
        },
        {
          "File": "motions/taikiTeiko.motion3.json"
        },
        {
          "File": "motions/taikiTeikoB.motion3.json"
        },
        {
          "File": "motions/taikiTujo.motion3.json"
        },
        {
          "File": "motions/taikiTujoB.motion3.json"
        },
        {
          "File": "motions/taikiTukare.motion3.json"
        },
        {
          "File": "motions/taiki_KaiwaOsawari.motion3.json"
        }
      ]
    }
  },
  "Groups": []
}