{
	"Version": 3,
	"Meta": {
		"Duration": 4.3,
		"Fps": 30.0,
		"Loop": true,
		"AreBeziersRestricted": true,
		"CurveCount": 46,
		"TotalSegmentCount": 245,
		"TotalPointCount": 655,
		"UserDataCount": 0,
		"TotalUserDataSize": 0
	},
	"Curves": [
		{
			"Target": "Parameter",
			"Id": "PARAM_ANGLE_X",
			"Segments": [
				0,
				0,
				1,
				0.167,
				0,
				0.333,
				16,
				0.5,
				16,
				1,
				0.867,
				16,
				1.233,
				7.246,
				1.6,
				0,
				1,
				1.844,
				-4.831,
				2.089,
				-5,
				2.333,
				-5,
				1,
				2.456,
				-5,
				2.578,
				-5.041,
				2.7,
				-4.94,
				1,
				2.889,
				-4.785,
				3.078,
				30,
				3.267,
				30,
				0,
				4.3,
				30
			]
		},
		{
			"Target": "Parameter",
			"Id": "PARAM_ANGLE_Y",
			"Segments": [
				0,
				-11,
				1,
				0.067,
				-11,
				0.133,
				-17,
				0.2,
				-17,
				1,
				0.289,
				-17,
				0.378,
				-9.309,
				0.467,
				-7,
				1,
				0.578,
				-4.114,
				0.689,
				-4,
				0.8,
				-4,
				1,
				0.911,
				-4,
				1.022,
				-6.422,
				1.133,
				-10,
				1,
				1.289,
				-15.009,
				1.444,
				-17,
				1.6,
				-17,
				1,
				1.7,
				-17,
				1.8,
				-15.861,
				1.9,
				-14.46,
				1,
				2.356,
				-8.077,
				2.811,
				-2.669,
				3.267,
				4,
				1,
				3.444,
				6.603,
				3.622,
				9,
				3.8,
				9,
				0,
				4.3,
				9
			]
		},
		{
			"Target": "Parameter",
			"Id": "PARAM_ANGLE_Z",
			"Segments": [
				0,
				-13,
				1,
				0.067,
				-13,
				0.133,
				-14.32,
				0.2,
				-14.32,
				1,
				0.289,
				-14.32,
				0.378,
				-5.986,
				0.467,
				-5,
				1,
				0.567,
				-3.891,
				0.667,
				-4,
				0.767,
				-4,
				1,
				1.044,
				-4,
				1.322,
				-6,
				1.6,
				-6,
				1,
				1.7,
				-6,
				1.8,
				-3,
				1.9,
				-3,
				1,
				2.356,
				-3,
				2.811,
				-3,
				3.267,
				-3,
				1,
				3.411,
				-3,
				3.556,
				1,
				3.7,
				1,
				0,
				4.3,
				1
			]
		},
		{
			"Target": "Parameter",
			"Id": "PARAM_EYE_L_OPEN",
			"Segments": [
				0,
				0.8,
				1,
				0.067,
				0.806,
				0.133,
				-0.006,
				0.2,
				0,
				1,
				0.256,
				-0.007,
				0.311,
				0.907,
				0.367,
				0.9,
				0,
				1.333,
				0.9,
				0,
				1.367,
				0.9,
				0,
				1.4,
				0.9,
				0,
				1.433,
				0.9,
				0,
				1.467,
				0.9,
				0,
				1.5,
				0.9,
				3,
				1.533,
				0.9,
				0,
				2.567,
				0.9,
				1,
				2.644,
				0.907,
				2.722,
				-0.007,
				2.8,
				0,
				1,
				2.867,
				-0.009,
				2.933,
				1.109,
				3,
				1.1,
				1,
				3.078,
				1.101,
				3.156,
				0.999,
				3.233,
				1,
				0,
				4.3,
				1
			]
		},
		{
			"Target": "Parameter",
			"Id": "PARAM_EYE_R_OPEN",
			"Segments": [
				0,
				0.8,
				1,
				0.067,
				0.806,
				0.133,
				-0.006,
				0.2,
				0,
				1,
				0.256,
				-0.007,
				0.311,
				0.907,
				0.367,
				0.9,
				0,
				1.333,
				0.9,
				0,
				1.367,
				0.9,
				0,
				1.4,
				0.9,
				0,
				1.433,
				0.9,
				0,
				1.467,
				0.9,
				0,
				1.5,
				0.9,
				3,
				1.533,
				0.9,
				0,
				2.567,
				0.9,
				1,
				2.644,
				0.907,
				2.722,
				-0.007,
				2.8,
				0,
				1,
				2.867,
				-0.009,
				2.933,
				1.109,
				3,
				1.1,
				1,
				3.078,
				1.101,
				3.156,
				0.999,
				3.233,
				1,
				0,
				4.3,
				1
			]
		},
		{
			"Target": "Parameter",
			"Id": "PARAM_EYE_L_SMILE",
			"Segments": [
				0,
				0,
				0,
				4.3,
				0
			]
		},
		{
			"Target": "Parameter",
			"Id": "PARAM_EYE_R_SMILE",
			"Segments": [
				0,
				0,
				0,
				4.3,
				0
			]
		},
		{
			"Target": "Parameter",
			"Id": "PARAM_EYE_BALL_X",
			"Segments": [
				0,
				-0.4,
				1,
				0.078,
				-0.4,
				0.156,
				-0.4,
				0.233,
				-0.4,
				1,
				0.467,
				-0.4,
				0.7,
				-0.6,
				0.933,
				-0.6,
				1,
				1.178,
				-0.6,
				1.422,
				0.1,
				1.667,
				0.1,
				1,
				1.878,
				0.1,
				2.089,
				-0.4,
				2.3,
				-0.4,
				1,
				2.4,
				-0.4,
				2.5,
				-0.4,
				2.6,
				-0.4,
				1,
				2.678,
				-0.4,
				2.756,
				-0.4,
				2.833,
				-0.4,
				1,
				2.889,
				-0.4,
				2.944,
				0.7,
				3,
				0.7,
				0,
				4.3,
				0.7
			]
		},
		{
			"Target": "Parameter",
			"Id": "PARAM_EYE_BALL_Y",
			"Segments": [
				0,
				-0.4,
				1,
				0.078,
				-0.4,
				0.156,
				-0.4,
				0.233,
				-0.4,
				1,
				1.022,
				-0.4,
				1.811,
				-0.4,
				2.6,
				-0.4,
				1,
				2.678,
				-0.4,
				2.756,
				-0.4,
				2.833,
				-0.4,
				1,
				2.889,
				-0.4,
				2.944,
				0.7,
				3,
				0.7,
				0,
				4.3,
				0.7
			]
		},
		{
			"Target": "Parameter",
			"Id": "PARAM_EYE_DEFORM",
			"Segments": [
				0,
				0,
				1,
				0.067,
				0,
				0.133,
				-0.2,
				0.2,
				-0.2,
				1,
				0.256,
				-0.2,
				0.311,
				0.3,
				0.367,
				0.3,
				0,
				4.3,
				0.3
			]
		},
		{
			"Target": "Parameter",
			"Id": "PARAM_EYEBALL_ZOOM",
			"Segments": [
				0,
				0,
				0,
				4.3,
				0
			]
		},
		{
			"Target": "Parameter",
			"Id": "PARAM_EYE_L_EX",
			"Segments": [
				0,
				0,
				0,
				4.3,
				0
			]
		},
		{
			"Target": "Parameter",
			"Id": "PARAM_EYE_R_EX",
			"Segments": [
				0,
				0,
				0,
				4.3,
				0
			]
		},
		{
			"Target": "Parameter",
			"Id": "PARAM_BROW_L_X",
			"Segments": [
				0,
				0,
				0,
				4.3,
				0
			]
		},
		{
			"Target": "Parameter",
			"Id": "PARAM_BROW_L_Y",
			"Segments": [
				0,
				-0.1,
				0,
				4.3,
				-0.1
			]
		},
		{
			"Target": "Parameter",
			"Id": "PARAM_BROW_R_X",
			"Segments": [
				0,
				0,
				0,
				4.3,
				0
			]
		},
		{
			"Target": "Parameter",
			"Id": "PARAM_BROW_R_Y",
			"Segments": [
				0,
				-0.1,
				0,
				4.3,
				-0.1
			]
		},
		{
			"Target": "Parameter",
			"Id": "PARAM_BROW_L_ANGLE",
			"Segments": [
				0,
				-0.2,
				0,
				4.3,
				-0.2
			]
		},
		{
			"Target": "Parameter",
			"Id": "PARAM_BROW_R_ANGLE",
			"Segments": [
				0,
				-0.2,
				0,
				4.3,
				-0.2
			]
		},
		{
			"Target": "Parameter",
			"Id": "PARAM_BROW_L_FORM",
			"Segments": [
				0,
				0.6,
				0,
				4.3,
				0.6
			]
		},
		{
			"Target": "Parameter",
			"Id": "PARAM_BROW_R_FORM",
			"Segments": [
				0,
				0.6,
				0,
				4.3,
				0.6
			]
		},
		{
			"Target": "Parameter",
			"Id": "PARAM_MOUTH_FORM",
			"Segments": [
				0,
				1,
				0,
				4.3,
				1
			]
		},
		{
			"Target": "Parameter",
			"Id": "PARAM_MOUTH_OPEN_Y",
			"Segments": [
				0,
				0,
				1,
				0.044,
				-0.006,
				0.089,
				0.751,
				0.133,
				0.745,
				1,
				0.222,
				0.743,
				0.311,
				0.19,
				0.4,
				0.188,
				1,
				0.444,
				0.186,
				0.489,
				0.417,
				0.533,
				0.416,
				1,
				0.556,
				0.414,
				0.578,
				0.308,
				0.6,
				0.306,
				1,
				0.622,
				0.308,
				0.644,
				0.437,
				0.667,
				0.439,
				1,
				0.711,
				0.442,
				0.756,
				0.084,
				0.8,
				0.086,
				1,
				0.844,
				0.085,
				0.889,
				0.276,
				0.933,
				0.275,
				1,
				0.956,
				0.27,
				0.978,
				0.004,
				1,
				0,
				1,
				1.044,
				-0.004,
				1.089,
				0.537,
				1.133,
				0.533,
				1,
				1.2,
				0.537,
				1.267,
				-0.004,
				1.333,
				0,
				0,
				1.6,
				0,
				1,
				1.644,
				-0.006,
				1.689,
				0.719,
				1.733,
				0.714,
				1,
				1.756,
				0.708,
				1.778,
				0.359,
				1.8,
				0.353,
				1,
				1.822,
				0.362,
				1.844,
				0.901,
				1.867,
				0.91,
				1,
				1.911,
				0.915,
				1.956,
				0.214,
				2,
				0.22,
				1,
				2.022,
				0.227,
				2.044,
				0.691,
				2.067,
				0.698,
				1,
				2.156,
				0.697,
				2.244,
				0.386,
				2.333,
				0.384,
				1,
				2.356,
				0.389,
				2.378,
				0.655,
				2.4,
				0.659,
				1,
				2.444,
				0.664,
				2.489,
				-0.005,
				2.533,
				0,
				0,
				2.867,
				0,
				1,
				2.911,
				-0.006,
				2.956,
				0.719,
				3,
				0.714,
				1,
				3.022,
				0.707,
				3.044,
				0.289,
				3.067,
				0.282,
				1,
				3.089,
				0.288,
				3.111,
				0.607,
				3.133,
				0.612,
				1,
				3.178,
				0.615,
				3.222,
				0.232,
				3.267,
				0.235,
				1,
				3.289,
				0.239,
				3.311,
				0.444,
				3.333,
				0.447,
				1,
				3.4,
				0.451,
				3.467,
				-0.003,
				3.533,
				0,
				0,
				4.3,
				0
			]
		},
		{
			"Target": "Parameter",
			"Id": "PARAM_MOUTH_FORM_B",
			"Segments": [
				0,
				0,
				0,
				4.3,
				0
			]
		},
		{
			"Target": "Parameter",
			"Id": "PARAM_MOUTH_FORMIN",
			"Segments": [
				0,
				0,
				0,
				4.3,
				0
			]
		},
		{
			"Target": "Parameter",
			"Id": "PARAM_MOUTH_TOOTH",
			"Segments": [
				0,
				1,
				0,
				4.3,
				1
			]
		},
		{
			"Target": "Parameter",
			"Id": "PARAM_CHEEK",
			"Segments": [
				0,
				0,
				0,
				4.3,
				0
			]
		},
		{
			"Target": "Parameter",
			"Id": "PARAM_LINGDAI_R",
			"Segments": [
				0,
				0,
				1,
				0.067,
				0,
				0.133,
				-0.4,
				0.2,
				-0.4,
				1,
				0.356,
				-0.4,
				0.511,
				0.4,
				0.667,
				0.4,
				1,
				0.778,
				0.4,
				0.889,
				-0.1,
				1,
				-0.1,
				1,
				1.144,
				-0.1,
				1.289,
				0.2,
				1.433,
				0.2,
				1,
				1.589,
				0.2,
				1.744,
				0.129,
				1.9,
				0,
				1,
				2.067,
				-0.138,
				2.233,
				-0.2,
				2.4,
				-0.2,
				1,
				2.511,
				-0.2,
				2.622,
				0.3,
				2.733,
				0.3,
				1,
				2.944,
				0.3,
				3.156,
				-0.4,
				3.367,
				-0.4,
				1,
				3.544,
				-0.4,
				3.722,
				0.2,
				3.9,
				0.2,
				1,
				3.989,
				0.2,
				4.078,
				0,
				4.167,
				0,
				0,
				4.3,
				0
			]
		},
		{
			"Target": "Parameter",
			"Id": "PARAM_LINGDAI_L",
			"Segments": [
				0,
				0,
				1,
				0.067,
				0,
				0.133,
				-0.5,
				0.2,
				-0.5,
				1,
				0.356,
				-0.5,
				0.511,
				0.4,
				0.667,
				0.4,
				1,
				0.778,
				0.4,
				0.889,
				-0.1,
				1,
				-0.1,
				1,
				1.144,
				-0.1,
				1.289,
				0.2,
				1.433,
				0.2,
				1,
				1.589,
				0.2,
				1.744,
				0.129,
				1.9,
				0,
				1,
				2.067,
				-0.138,
				2.233,
				-0.2,
				2.4,
				-0.2,
				1,
				2.511,
				-0.2,
				2.622,
				0.2,
				2.733,
				0.2,
				1,
				2.944,
				0.2,
				3.156,
				-0.3,
				3.367,
				-0.3,
				1,
				3.544,
				-0.3,
				3.722,
				0.1,
				3.9,
				0.1,
				1,
				3.989,
				0.1,
				4.078,
				0,
				4.167,
				0,
				0,
				4.3,
				0
			]
		},
		{
			"Target": "Parameter",
			"Id": "PARAM_BODY_ANGLE_X",
			"Segments": [
				0,
				0,
				1,
				0.067,
				0,
				0.133,
				0.667,
				0.2,
				2,
				1,
				0.3,
				4,
				0.4,
				5,
				0.5,
				5,
				1,
				0.811,
				5,
				1.122,
				5,
				1.433,
				5,
				1,
				1.589,
				5,
				1.744,
				3.493,
				1.9,
				3,
				1,
				2.067,
				2.472,
				2.233,
				2.452,
				2.4,
				2,
				1,
				2.5,
				1.729,
				2.6,
				1,
				2.7,
				1,
				1,
				2.889,
				1,
				3.078,
				10,
				3.267,
				10,
				0,
				4.3,
				10
			]
		},
		{
			"Target": "Parameter",
			"Id": "PARAM_BODY_ANGLE_Y",
			"Segments": [
				0,
				0,
				1,
				0.067,
				0,
				0.133,
				-4,
				0.2,
				-4,
				1,
				0.3,
				-4,
				0.4,
				0.412,
				0.5,
				1,
				1,
				0.667,
				1.981,
				0.833,
				2,
				1,
				2,
				1,
				1.144,
				2,
				1.289,
				1.104,
				1.433,
				0,
				1,
				1.589,
				-1.189,
				1.744,
				-1.54,
				1.9,
				-1.54,
				1,
				2.067,
				-1.54,
				2.233,
				0,
				2.4,
				0,
				1,
				2.5,
				0,
				2.6,
				-4,
				2.7,
				-4,
				1,
				2.889,
				-4,
				3.078,
				2,
				3.267,
				2,
				0,
				4.3,
				2
			]
		},
		{
			"Target": "Parameter",
			"Id": "PARAM_BODY_ANGLE_Z",
			"Segments": [
				0,
				0,
				1,
				0.167,
				0,
				0.333,
				0.48,
				0.5,
				0.48,
				1,
				0.811,
				0.48,
				1.122,
				0.439,
				1.433,
				0,
				1,
				1.589,
				-0.22,
				1.744,
				-1.3,
				1.9,
				-1.3,
				1,
				2.067,
				-1.3,
				2.233,
				-0.732,
				2.4,
				-0.732,
				1,
				2.5,
				-0.732,
				2.6,
				-1,
				2.7,
				-1,
				1,
				2.889,
				-1,
				3.078,
				0,
				3.267,
				0,
				0,
				4.3,
				0
			]
		},
		{
			"Target": "Parameter",
			"Id": "PARAM_BREAST_Y",
			"Segments": [
				0,
				0,
				1,
				0.067,
				0,
				0.133,
				0.5,
				0.2,
				0.5,
				1,
				0.367,
				0.5,
				0.533,
				-0.7,
				0.7,
				-0.7,
				1,
				0.833,
				-0.7,
				0.967,
				0.3,
				1.1,
				0.3,
				1,
				1.222,
				0.3,
				1.344,
				-0.3,
				1.467,
				-0.3,
				1,
				1.611,
				-0.3,
				1.756,
				0.2,
				1.9,
				0.2,
				1,
				2.067,
				0.2,
				2.233,
				0,
				2.4,
				0,
				1,
				2.544,
				0,
				2.689,
				0.5,
				2.833,
				0.5,
				1,
				3,
				0.5,
				3.167,
				-0.5,
				3.333,
				-0.5,
				1,
				3.478,
				-0.5,
				3.622,
				0.2,
				3.767,
				0.2,
				1,
				3.9,
				0.2,
				4.033,
				0,
				4.167,
				0,
				0,
				4.3,
				0
			]
		},
		{
			"Target": "Parameter",
			"Id": "PARAM_ARM",
			"Segments": [
				0,
				0,
				1,
				0.167,
				0,
				0.333,
				-10,
				0.5,
				-10,
				1,
				1.278,
				-10,
				2.056,
				-10,
				2.833,
				-10,
				1,
				2.989,
				-10,
				3.144,
				6,
				3.3,
				6,
				1,
				3.411,
				6,
				3.522,
				-2,
				3.633,
				-2,
				1,
				3.756,
				-2,
				3.878,
				0,
				4,
				0,
				0,
				4.3,
				0
			]
		},
		{
			"Target": "Parameter",
			"Id": "PARAM_HAND",
			"Segments": [
				0,
				0,
				1,
				0.167,
				0,
				0.333,
				-4.66,
				0.5,
				-5,
				1,
				1.278,
				-6.587,
				2.056,
				-7,
				2.833,
				-7,
				1,
				2.989,
				-7,
				3.144,
				2,
				3.3,
				2,
				1,
				3.411,
				2,
				3.522,
				-1,
				3.633,
				-1,
				1,
				3.756,
				-1,
				3.878,
				0,
				4,
				0,
				0,
				4.3,
				0
			]
		},
		{
			"Target": "Parameter",
			"Id": "PARAM_BREATH",
			"Segments": [
				0,
				0,
				1,
				0.433,
				0,
				0.867,
				1,
				1.3,
				1,
				1,
				1.756,
				1,
				2.211,
				0,
				2.667,
				0,
				1,
				3.111,
				0,
				3.556,
				1,
				4,
				1,
				1,
				4.1,
				1,
				4.2,
				0.944,
				4.3,
				0.858
			]
		},
		{
			"Target": "Parameter",
			"Id": "PARAM_HAIR_FRONT",
			"Segments": [
				0,
				0,
				1,
				0.067,
				0,
				0.133,
				-1,
				0.2,
				-1,
				1,
				0.356,
				-1,
				0.511,
				0.8,
				0.667,
				0.8,
				1,
				0.811,
				0.8,
				0.956,
				-0.5,
				1.1,
				-0.5,
				1,
				1.244,
				-0.5,
				1.389,
				0.5,
				1.533,
				0.5,
				1,
				1.678,
				0.5,
				1.822,
				-0.6,
				1.967,
				-0.6,
				1,
				2.144,
				-0.6,
				2.322,
				0.4,
				2.5,
				0.4,
				1,
				2.733,
				0.4,
				2.967,
				-0.9,
				3.2,
				-0.9,
				1,
				3.378,
				-0.9,
				3.556,
				0.6,
				3.733,
				0.6,
				1,
				3.833,
				0.6,
				3.933,
				-0.4,
				4.033,
				-0.4,
				1,
				4.111,
				-0.4,
				4.189,
				0,
				4.267,
				0,
				0,
				4.3,
				0
			]
		},
		{
			"Target": "Parameter",
			"Id": "PARAM_HAIR_SIDE",
			"Segments": [
				0,
				0,
				1,
				0.067,
				0,
				0.133,
				-0.9,
				0.2,
				-0.9,
				1,
				0.356,
				-0.9,
				0.511,
				0.7,
				0.667,
				0.7,
				1,
				0.811,
				0.7,
				0.956,
				-0.4,
				1.1,
				-0.4,
				1,
				1.244,
				-0.4,
				1.389,
				0.4,
				1.533,
				0.4,
				1,
				1.678,
				0.4,
				1.822,
				-0.4,
				1.967,
				-0.4,
				1,
				2.144,
				-0.4,
				2.322,
				0.3,
				2.5,
				0.3,
				1,
				2.733,
				0.3,
				2.967,
				-0.7,
				3.2,
				-0.7,
				1,
				3.378,
				-0.7,
				3.556,
				0.4,
				3.733,
				0.4,
				1,
				3.833,
				0.4,
				3.933,
				-0.3,
				4.033,
				-0.3,
				1,
				4.111,
				-0.3,
				4.189,
				0,
				4.267,
				0,
				0,
				4.3,
				0
			]
		},
		{
			"Target": "Parameter",
			"Id": "PARAM_HAIR_BACK",
			"Segments": [
				0,
				0,
				1,
				0.067,
				0,
				0.133,
				-0.6,
				0.2,
				-0.6,
				1,
				0.356,
				-0.6,
				0.511,
				0.6,
				0.667,
				0.6,
				1,
				0.811,
				0.6,
				0.956,
				-0.3,
				1.1,
				-0.3,
				1,
				1.244,
				-0.3,
				1.389,
				0.3,
				1.533,
				0.3,
				1,
				1.678,
				0.3,
				1.822,
				-0.4,
				1.967,
				-0.4,
				1,
				2.144,
				-0.4,
				2.322,
				0.3,
				2.5,
				0.3,
				1,
				2.733,
				0.3,
				2.967,
				-0.8,
				3.2,
				-0.8,
				1,
				3.378,
				-0.8,
				3.556,
				0.4,
				3.733,
				0.4,
				1,
				3.833,
				0.4,
				3.933,
				-0.3,
				4.033,
				-0.3,
				1,
				4.111,
				-0.3,
				4.189,
				0,
				4.267,
				0,
				0,
				4.3,
				0
			]
		},
		{
			"Target": "Parameter",
			"Id": "PARAM_HAIR_BIANZI",
			"Segments": [
				0,
				0,
				1,
				0.067,
				0,
				0.133,
				-1,
				0.2,
				-1,
				1,
				0.356,
				-1,
				0.511,
				0.7,
				0.667,
				0.7,
				1,
				0.811,
				0.7,
				0.956,
				-0.5,
				1.1,
				-0.5,
				1,
				1.244,
				-0.5,
				1.389,
				0.4,
				1.533,
				0.4,
				1,
				1.678,
				0.4,
				1.822,
				-0.6,
				1.967,
				-0.6,
				1,
				2.144,
				-0.6,
				2.322,
				0.4,
				2.5,
				0.4,
				1,
				2.733,
				0.4,
				2.967,
				-0.9,
				3.2,
				-0.9,
				1,
				3.378,
				-0.9,
				3.556,
				0.6,
				3.733,
				0.6,
				1,
				3.833,
				0.6,
				3.933,
				-0.3,
				4.033,
				-0.3,
				1,
				4.111,
				-0.3,
				4.189,
				0,
				4.267,
				0,
				0,
				4.3,
				0
			]
		},
		{
			"Target": "Parameter",
			"Id": "PARAM_RIBBON",
			"Segments": [
				0,
				0,
				1,
				0.067,
				0,
				0.133,
				-0.7,
				0.2,
				-0.7,
				1,
				0.356,
				-0.7,
				0.511,
				0.6,
				0.667,
				0.6,
				1,
				0.811,
				0.6,
				0.956,
				-0.5,
				1.1,
				-0.5,
				1,
				1.244,
				-0.5,
				1.389,
				0.4,
				1.533,
				0.4,
				1,
				1.678,
				0.4,
				1.822,
				-0.7,
				1.967,
				-0.7,
				1,
				2.144,
				-0.7,
				2.322,
				0.5,
				2.5,
				0.5,
				1,
				2.733,
				0.5,
				2.967,
				-0.8,
				3.2,
				-0.8,
				1,
				3.378,
				-0.8,
				3.556,
				0.5,
				3.733,
				0.5,
				1,
				3.833,
				0.5,
				3.933,
				-0.4,
				4.033,
				-0.4,
				1,
				4.111,
				-0.4,
				4.189,
				0,
				4.267,
				0,
				0,
				4.3,
				0
			]
		},
		{
			"Target": "Parameter",
			"Id": "PARAM_TEARS",
			"Segments": [
				0,
				0,
				0,
				4.3,
				0
			]
		},
		{
			"Target": "Parameter",
			"Id": "PARAM_SWEAT",
			"Segments": [
				0,
				0,
				0,
				4.3,
				0
			]
		},
		{
			"Target": "Parameter",
			"Id": "PARAM_ANGRY",
			"Segments": [
				0,
				0,
				0,
				4.3,
				0
			]
		},
		{
			"Target": "Parameter",
			"Id": "PARAM_SHOCK",
			"Segments": [
				0,
				0,
				0,
				4.3,
				0
			]
		},
		{
			"Target": "PartOpacity",
			"Id": "PARTS_01_ZF",
			"Segments": [
				0,
				0,
				0,
				4.3,
				0
			]
		}
	]
}