{
	"Version": 3,
	"Meta": {
		"Duration": 3.93,
		"Fps": 30.0,
		"Loop": true,
		"AreBeziersRestricted": true,
		"CurveCount": 46,
		"TotalSegmentCount": 183,
		"TotalPointCount": 507,
		"UserDataCount": 0,
		"TotalUserDataSize": 0
	},
	"Curves": [
		{
			"Target": "Parameter",
			"Id": "PARAM_ANGLE_X",
			"Segments": [
				0,
				0,
				1,
				0.111,
				0,
				0.222,
				-13,
				0.333,
				-13,
				1,
				0.678,
				-13,
				1.022,
				6,
				1.367,
				6,
				1,
				1.589,
				6,
				1.811,
				-4,
				2.033,
				-4,
				1,
				2.156,
				-4,
				2.278,
				6,
				2.4,
				6,
				1,
				2.522,
				6,
				2.644,
				-4,
				2.767,
				-4,
				1,
				2.9,
				-4,
				3.033,
				0,
				3.167,
				0,
				0,
				3.933,
				0
			]
		},
		{
			"Target": "Parameter",
			"Id": "PARAM_ANGLE_Y",
			"Segments": [
				0,
				0,
				1,
				0.111,
				0,
				0.222,
				-20,
				0.333,
				-20,
				1,
				0.456,
				-20,
				0.578,
				-18.941,
				0.7,
				-15,
				1,
				0.922,
				-7.835,
				1.144,
				-3,
				1.367,
				-3,
				1,
				1.478,
				-3,
				1.589,
				-14,
				1.7,
				-14,
				1,
				2.056,
				-14,
				2.411,
				-14,
				2.767,
				-14,
				1,
				2.9,
				-14,
				3.033,
				-8,
				3.167,
				-8,
				0,
				3.933,
				-8
			]
		},
		{
			"Target": "Parameter",
			"Id": "PARAM_ANGLE_Z",
			"Segments": [
				0,
				0,
				1,
				0.111,
				0,
				0.222,
				-9.233,
				0.333,
				-11,
				1,
				0.511,
				-13.827,
				0.689,
				-14,
				0.867,
				-14,
				1,
				1.144,
				-14,
				1.422,
				-14,
				1.7,
				-14,
				1,
				1.811,
				-14,
				1.922,
				-18,
				2.033,
				-18,
				1,
				2.278,
				-18,
				2.522,
				-18,
				2.767,
				-18,
				1,
				2.9,
				-18,
				3.033,
				-13,
				3.167,
				-13,
				0,
				3.933,
				-13
			]
		},
		{
			"Target": "Parameter",
			"Id": "PARAM_EYE_L_OPEN",
			"Segments": [
				0,
				0,
				0,
				1,
				0,
				1,
				1.122,
				0.004,
				1.244,
				0.996,
				1.367,
				1,
				0,
				3.933,
				1
			]
		},
		{
			"Target": "Parameter",
			"Id": "PARAM_EYE_R_OPEN",
			"Segments": [
				0,
				0,
				0,
				1,
				0,
				1,
				1.122,
				0.004,
				1.244,
				0.996,
				1.367,
				1,
				0,
				3.933,
				1
			]
		},
		{
			"Target": "Parameter",
			"Id": "PARAM_EYE_L_SMILE",
			"Segments": [
				0,
				1,
				0,
				3.933,
				1
			]
		},
		{
			"Target": "Parameter",
			"Id": "PARAM_EYE_R_SMILE",
			"Segments": [
				0,
				1,
				0,
				3.933,
				1
			]
		},
		{
			"Target": "Parameter",
			"Id": "PARAM_EYE_BALL_X",
			"Segments": [
				0,
				0.7,
				0,
				3.933,
				0.7
			]
		},
		{
			"Target": "Parameter",
			"Id": "PARAM_EYE_BALL_Y",
			"Segments": [
				0,
				0.3,
				0,
				3.933,
				0.3
			]
		},
		{
			"Target": "Parameter",
			"Id": "PARAM_EYE_DEFORM",
			"Segments": [
				0,
				0,
				0,
				3.933,
				0
			]
		},
		{
			"Target": "Parameter",
			"Id": "PARAM_EYEBALL_ZOOM",
			"Segments": [
				0,
				0,
				0,
				3.933,
				0
			]
		},
		{
			"Target": "Parameter",
			"Id": "PARAM_EYE_L_EX",
			"Segments": [
				0,
				0,
				0,
				3.933,
				0
			]
		},
		{
			"Target": "Parameter",
			"Id": "PARAM_EYE_R_EX",
			"Segments": [
				0,
				0,
				0,
				3.933,
				0
			]
		},
		{
			"Target": "Parameter",
			"Id": "PARAM_BROW_L_X",
			"Segments": [
				0,
				0,
				0,
				3.933,
				0
			]
		},
		{
			"Target": "Parameter",
			"Id": "PARAM_BROW_L_Y",
			"Segments": [
				0,
				-0.3,
				0,
				3.933,
				-0.3
			]
		},
		{
			"Target": "Parameter",
			"Id": "PARAM_BROW_R_X",
			"Segments": [
				0,
				0,
				0,
				3.933,
				0
			]
		},
		{
			"Target": "Parameter",
			"Id": "PARAM_BROW_R_Y",
			"Segments": [
				0,
				-0.3,
				0,
				3.933,
				-0.3
			]
		},
		{
			"Target": "Parameter",
			"Id": "PARAM_BROW_L_ANGLE",
			"Segments": [
				0,
				0.5,
				0,
				3.933,
				0.5
			]
		},
		{
			"Target": "Parameter",
			"Id": "PARAM_BROW_R_ANGLE",
			"Segments": [
				0,
				0.5,
				0,
				3.933,
				0.5
			]
		},
		{
			"Target": "Parameter",
			"Id": "PARAM_BROW_L_FORM",
			"Segments": [
				0,
				-1,
				0,
				3.933,
				-1
			]
		},
		{
			"Target": "Parameter",
			"Id": "PARAM_BROW_R_FORM",
			"Segments": [
				0,
				-1,
				0,
				3.933,
				-1
			]
		},
		{
			"Target": "Parameter",
			"Id": "PARAM_MOUTH_FORM",
			"Segments": [
				0,
				1,
				0,
				3.933,
				1
			]
		},
		{
			"Target": "Parameter",
			"Id": "PARAM_MOUTH_OPEN_Y",
			"Segments": [
				0,
				0,
				0,
				0.2,
				0,
				1,
				0.267,
				-0.006,
				0.333,
				0.727,
				0.4,
				0.722,
				1,
				0.422,
				0.713,
				0.444,
				0.181,
				0.467,
				0.173,
				1,
				0.489,
				0.185,
				0.511,
				0.937,
				0.533,
				0.949,
				1,
				0.556,
				0.942,
				0.578,
				0.509,
				0.6,
				0.502,
				1,
				0.622,
				0.505,
				0.644,
				0.695,
				0.667,
				0.698,
				1,
				0.711,
				0.703,
				0.756,
				0.018,
				0.8,
				0.024,
				1,
				0.867,
				0.021,
				0.933,
				0.395,
				1,
				0.392,
				1,
				1.022,
				0.389,
				1.044,
				0.215,
				1.067,
				0.212,
				1,
				1.089,
				0.214,
				1.111,
				0.374,
				1.133,
				0.376,
				1,
				1.2,
				0.379,
				1.267,
				0.052,
				1.333,
				0.055,
				0,
				1.4,
				0.055,
				1,
				1.422,
				0.054,
				1.444,
				0.001,
				1.467,
				0,
				0,
				1.6,
				0,
				1,
				1.644,
				-0.006,
				1.689,
				0.806,
				1.733,
				0.8,
				1,
				1.778,
				0.802,
				1.822,
				0.579,
				1.867,
				0.58,
				1,
				1.889,
				0.587,
				1.911,
				0.99,
				1.933,
				0.996,
				1,
				1.956,
				0.993,
				1.978,
				0.803,
				2,
				0.8,
				0,
				2.067,
				0.808,
				1,
				2.089,
				0.796,
				2.111,
				0.09,
				2.133,
				0.078,
				1,
				2.167,
				0.078,
				2.2,
				0.665,
				2.233,
				0.959,
				3,
				2.267,
				1,
				1,
				2.278,
				1.088,
				2.289,
				0.887,
				2.3,
				0.616,
				1,
				2.311,
				0.377,
				2.322,
				0.098,
				2.333,
				0.11,
				1,
				2.356,
				0.123,
				2.378,
				0.92,
				2.4,
				0.933,
				1,
				2.422,
				0.925,
				2.444,
				0.416,
				2.467,
				0.408,
				1,
				2.511,
				0.406,
				2.556,
				0.598,
				2.6,
				0.596,
				1,
				2.622,
				0.595,
				2.644,
				0.534,
				2.667,
				0.533,
				1,
				2.689,
				0.535,
				2.711,
				0.618,
				2.733,
				0.62,
				1,
				2.756,
				0.612,
				2.778,
				0.149,
				2.8,
				0.141,
				1,
				2.822,
				0.154,
				2.844,
				0.975,
				2.867,
				0.988,
				1,
				2.978,
				0.984,
				3.089,
				0.004,
				3.2,
				0,
				0,
				3.933,
				0
			]
		},
		{
			"Target": "Parameter",
			"Id": "PARAM_MOUTH_FORM_B",
			"Segments": [
				0,
				0,
				0,
				3.933,
				0
			]
		},
		{
			"Target": "Parameter",
			"Id": "PARAM_MOUTH_FORMIN",
			"Segments": [
				0,
				0,
				0,
				3.933,
				0
			]
		},
		{
			"Target": "Parameter",
			"Id": "PARAM_MOUTH_TOOTH",
			"Segments": [
				0,
				1,
				0,
				3.933,
				1
			]
		},
		{
			"Target": "Parameter",
			"Id": "PARAM_CHEEK",
			"Segments": [
				0,
				0,
				0,
				3.933,
				0
			]
		},
		{
			"Target": "Parameter",
			"Id": "PARAM_LINGDAI_R",
			"Segments": [
				0,
				0,
				1,
				0.133,
				0,
				0.267,
				0.4,
				0.4,
				0.4,
				1,
				0.567,
				0.4,
				0.733,
				-0.3,
				0.9,
				-0.3,
				1,
				1.078,
				-0.3,
				1.256,
				0.2,
				1.433,
				0.2,
				1,
				1.678,
				0.2,
				1.922,
				-0.2,
				2.167,
				-0.2,
				1,
				2.422,
				-0.2,
				2.678,
				0.2,
				2.933,
				0.2,
				1,
				3.133,
				0.2,
				3.333,
				-0.2,
				3.533,
				-0.2,
				1,
				3.667,
				-0.2,
				3.8,
				0,
				3.933,
				0
			]
		},
		{
			"Target": "Parameter",
			"Id": "PARAM_LINGDAI_L",
			"Segments": [
				0,
				0,
				1,
				0.133,
				0,
				0.267,
				0.3,
				0.4,
				0.3,
				1,
				0.567,
				0.3,
				0.733,
				-0.2,
				0.9,
				-0.2,
				1,
				1.078,
				-0.2,
				1.256,
				0.1,
				1.433,
				0.1,
				1,
				1.678,
				0.1,
				1.922,
				-0.2,
				2.167,
				-0.2,
				1,
				2.422,
				-0.2,
				2.678,
				0.2,
				2.933,
				0.2,
				1,
				3.133,
				0.2,
				3.333,
				-0.1,
				3.533,
				-0.1,
				1,
				3.667,
				-0.1,
				3.8,
				0,
				3.933,
				0
			]
		},
		{
			"Target": "Parameter",
			"Id": "PARAM_BODY_ANGLE_X",
			"Segments": [
				0,
				0,
				1,
				0.111,
				0,
				0.222,
				-10,
				0.333,
				-10,
				1,
				0.544,
				-10,
				0.756,
				-8.914,
				0.967,
				-7,
				1,
				1.122,
				-5.589,
				1.278,
				-5,
				1.433,
				-5,
				1,
				2.133,
				-5,
				2.833,
				-6,
				3.533,
				-6,
				0,
				3.933,
				-6
			]
		},
		{
			"Target": "Parameter",
			"Id": "PARAM_BODY_ANGLE_Y",
			"Segments": [
				0,
				0,
				1,
				0.111,
				0,
				0.222,
				-4,
				0.333,
				-4,
				1,
				0.544,
				-4,
				0.756,
				-3.696,
				0.967,
				-2,
				1,
				1.122,
				-0.751,
				1.278,
				1,
				1.433,
				1,
				1,
				1.633,
				1,
				1.833,
				-2,
				2.033,
				-2,
				1,
				2.278,
				-2,
				2.522,
				0.046,
				2.767,
				1,
				1,
				3.022,
				1.998,
				3.278,
				2,
				3.533,
				2,
				0,
				3.933,
				2
			]
		},
		{
			"Target": "Parameter",
			"Id": "PARAM_BODY_ANGLE_Z",
			"Segments": [
				0,
				0,
				1,
				0.111,
				0,
				0.222,
				-2,
				0.333,
				-2,
				1,
				0.544,
				-2,
				0.756,
				-1.909,
				0.967,
				-1,
				1,
				1.122,
				-0.33,
				1.278,
				1,
				1.433,
				1,
				1,
				2.133,
				1,
				2.833,
				0,
				3.533,
				0,
				0,
				3.933,
				0
			]
		},
		{
			"Target": "Parameter",
			"Id": "PARAM_BREAST_Y",
			"Segments": [
				0,
				0,
				1,
				0.133,
				0,
				0.267,
				0.7,
				0.4,
				0.7,
				1,
				0.622,
				0.7,
				0.844,
				-0.6,
				1.067,
				-0.6,
				1,
				1.178,
				-0.6,
				1.289,
				-0.152,
				1.4,
				0.2,
				1,
				1.6,
				0.834,
				1.8,
				1,
				2,
				1,
				1,
				2.167,
				1,
				2.333,
				-0.5,
				2.5,
				-0.5,
				1,
				2.733,
				-0.5,
				2.967,
				0.3,
				3.2,
				0.3,
				1,
				3.444,
				0.3,
				3.689,
				0,
				3.933,
				0
			]
		},
		{
			"Target": "Parameter",
			"Id": "PARAM_ARM",
			"Segments": [
				0,
				0,
				1,
				0.111,
				0,
				0.222,
				-10,
				0.333,
				-10,
				1,
				0.544,
				-10,
				0.756,
				-5.75,
				0.967,
				-2,
				1,
				1.122,
				0.763,
				1.278,
				1,
				1.433,
				1,
				1,
				1.8,
				1,
				2.167,
				-6,
				2.533,
				-6,
				1,
				2.933,
				-6,
				3.333,
				0,
				3.733,
				0,
				0,
				3.933,
				0
			]
		},
		{
			"Target": "Parameter",
			"Id": "PARAM_HAND",
			"Segments": [
				0,
				0,
				1,
				0.111,
				0,
				0.222,
				-7,
				0.333,
				-7,
				1,
				0.544,
				-7,
				0.756,
				-4.322,
				0.967,
				-1,
				1,
				1.122,
				1.448,
				1.278,
				2,
				1.433,
				2,
				1,
				1.8,
				2,
				2.167,
				-3,
				2.533,
				-3,
				1,
				2.933,
				-3,
				3.333,
				0,
				3.733,
				0,
				0,
				3.933,
				0
			]
		},
		{
			"Target": "Parameter",
			"Id": "PARAM_BREATH",
			"Segments": [
				0,
				0,
				1,
				0.433,
				0,
				0.867,
				1,
				1.3,
				1,
				1,
				2.178,
				1,
				3.056,
				0,
				3.933,
				0
			]
		},
		{
			"Target": "Parameter",
			"Id": "PARAM_HAIR_FRONT",
			"Segments": [
				0,
				0,
				1,
				0.133,
				0,
				0.267,
				0.8,
				0.4,
				0.8,
				1,
				0.578,
				0.8,
				0.756,
				-0.6,
				0.933,
				-0.6,
				1,
				1.067,
				-0.6,
				1.2,
				0.2,
				1.333,
				0.2,
				1,
				1.4,
				0.2,
				1.467,
				0,
				1.533,
				0,
				1,
				1.733,
				0,
				1.933,
				0.6,
				2.133,
				0.6,
				1,
				2.256,
				0.6,
				2.378,
				-0.6,
				2.5,
				-0.6,
				1,
				2.644,
				-0.6,
				2.789,
				0.5,
				2.933,
				0.5,
				1,
				3.133,
				0.5,
				3.333,
				-0.3,
				3.533,
				-0.3,
				1,
				3.667,
				-0.3,
				3.8,
				0,
				3.933,
				0
			]
		},
		{
			"Target": "Parameter",
			"Id": "PARAM_HAIR_SIDE",
			"Segments": [
				0,
				0,
				1,
				0.133,
				0,
				0.267,
				0.8,
				0.4,
				0.8,
				1,
				0.578,
				0.8,
				0.756,
				-0.5,
				0.933,
				-0.5,
				1,
				1.067,
				-0.5,
				1.2,
				0.1,
				1.333,
				0.1,
				1,
				1.4,
				0.1,
				1.467,
				0,
				1.533,
				0,
				1,
				1.733,
				0,
				1.933,
				0.6,
				2.133,
				0.6,
				1,
				2.256,
				0.6,
				2.378,
				-0.4,
				2.5,
				-0.4,
				1,
				2.644,
				-0.4,
				2.789,
				0.4,
				2.933,
				0.4,
				1,
				3.133,
				0.4,
				3.333,
				-0.2,
				3.533,
				-0.2,
				1,
				3.667,
				-0.2,
				3.8,
				0,
				3.933,
				0
			]
		},
		{
			"Target": "Parameter",
			"Id": "PARAM_HAIR_BACK",
			"Segments": [
				0,
				0,
				1,
				0.133,
				0,
				0.267,
				0.5,
				0.4,
				0.5,
				1,
				0.578,
				0.5,
				0.756,
				-0.4,
				0.933,
				-0.4,
				1,
				1.067,
				-0.4,
				1.2,
				0.1,
				1.333,
				0.1,
				1,
				1.4,
				0.1,
				1.467,
				0,
				1.533,
				0,
				1,
				1.733,
				0,
				1.933,
				0.4,
				2.133,
				0.4,
				1,
				2.256,
				0.4,
				2.378,
				-0.3,
				2.5,
				-0.3,
				1,
				2.644,
				-0.3,
				2.789,
				0.3,
				2.933,
				0.3,
				1,
				3.133,
				0.3,
				3.333,
				-0.2,
				3.533,
				-0.2,
				1,
				3.667,
				-0.2,
				3.8,
				0,
				3.933,
				0
			]
		},
		{
			"Target": "Parameter",
			"Id": "PARAM_HAIR_BIANZI",
			"Segments": [
				0,
				0,
				1,
				0.133,
				0,
				0.267,
				0.7,
				0.4,
				0.7,
				1,
				0.578,
				0.7,
				0.756,
				-1,
				0.933,
				-1,
				1,
				1.067,
				-1,
				1.2,
				0.5,
				1.333,
				0.5,
				1,
				1.4,
				0.5,
				1.467,
				0,
				1.533,
				0,
				1,
				1.733,
				0,
				1.933,
				0.7,
				2.133,
				0.7,
				1,
				2.256,
				0.7,
				2.378,
				-0.6,
				2.5,
				-0.6,
				1,
				2.644,
				-0.6,
				2.789,
				0.5,
				2.933,
				0.5,
				1,
				3.133,
				0.5,
				3.333,
				-0.2,
				3.533,
				-0.2,
				1,
				3.667,
				-0.2,
				3.8,
				0,
				3.933,
				0
			]
		},
		{
			"Target": "Parameter",
			"Id": "PARAM_RIBBON",
			"Segments": [
				0,
				0,
				1,
				0.133,
				0,
				0.267,
				0.5,
				0.4,
				0.5,
				1,
				0.578,
				0.5,
				0.756,
				-0.5,
				0.933,
				-0.5,
				1,
				1.067,
				-0.5,
				1.2,
				0.4,
				1.333,
				0.4,
				1,
				1.4,
				0.4,
				1.467,
				0,
				1.533,
				0,
				1,
				1.733,
				0,
				1.933,
				0.7,
				2.133,
				0.7,
				1,
				2.256,
				0.7,
				2.378,
				-0.4,
				2.5,
				-0.4,
				1,
				2.644,
				-0.4,
				2.789,
				0.4,
				2.933,
				0.4,
				1,
				3.133,
				0.4,
				3.333,
				-0.3,
				3.533,
				-0.3,
				1,
				3.667,
				-0.3,
				3.8,
				0,
				3.933,
				0
			]
		},
		{
			"Target": "Parameter",
			"Id": "PARAM_TEARS",
			"Segments": [
				0,
				0,
				0,
				3.933,
				0
			]
		},
		{
			"Target": "Parameter",
			"Id": "PARAM_SWEAT",
			"Segments": [
				0,
				0,
				0,
				3.933,
				0
			]
		},
		{
			"Target": "Parameter",
			"Id": "PARAM_ANGRY",
			"Segments": [
				0,
				0,
				0,
				3.933,
				0
			]
		},
		{
			"Target": "Parameter",
			"Id": "PARAM_SHOCK",
			"Segments": [
				0,
				0,
				0,
				3.933,
				0
			]
		},
		{
			"Target": "PartOpacity",
			"Id": "PARTS_01_ZF",
			"Segments": [
				0,
				0,
				0,
				3.93,
				0
			]
		}
	]
}