{
	"Version": 3,
	"Meta": {
		"Duration": 3,
		"Fps": 60.0,
		"Loop": true,
		"AreBeziersRestricted": true,
		"CurveCount": 46,
		"TotalSegmentCount": 246,
		"TotalPointCount": 650,
		"UserDataCount": 0,
		"TotalUserDataSize": 0
	},
	"Curves": [
		{
			"Target": "Parameter",
			"Id": "PARAM_ANGLE_X",
			"Segments": [
				0,
				-30,
				1,
				0.239,
				-30,
				0.478,
				-20,
				0.717,
				-20,
				1,
				0.933,
				-20,
				1.15,
				-30,
				1.367,
				-30,
				1,
				1.45,
				-30,
				1.533,
				-5.58,
				1.617,
				8.26,
				1,
				1.7,
				12.261,
				2.006,
				30,
				2.2,
				30,
				1,
				2.467,
				30,
				2.733,
				30,
				3,
				30
			]
		},
		{
			"Target": "Parameter",
			"Id": "PARAM_ANGLE_Y",
			"Segments": [
				0,
				-24,
				1,
				0.111,
				-24,
				0.222,
				-30,
				0.333,
				-30,
				1,
				0.461,
				-30,
				0.478,
				-24,
				0.717,
				-24,
				1,
				1.017,
				-24,
				0.967,
				-30,
				1.117,
				-30,
				1,
				1.267,
				-30,
				1.278,
				-24,
				1.367,
				-24,
				1,
				1.444,
				-24,
				1.589,
				-17,
				1.7,
				-17,
				0,
				2.2,
				0,
				1,
				2.467,
				0,
				2.733,
				0,
				3,
				0
			]
		},
		{
			"Target": "Parameter",
			"Id": "PARAM_ANGLE_Z",
			"Segments": [
				0,
				-22,
				1,
				0.333,
				-22,
				0.222,
				-28,
				0.333,
				-28,
				1,
				0.417,
				-28,
				0.639,
				-22,
				0.717,
				-22,
				1,
				0.95,
				-22,
				1.028,
				-27,
				1.117,
				-27,
				1,
				1.333,
				-27,
				1.278,
				-22,
				1.367,
				-22,
				1,
				1.406,
				-22,
				1.367,
				-29.744,
				1.5,
				-29.744,
				1,
				1.556,
				-29.744,
				1.644,
				-20.862,
				1.7,
				-19.631,
				1,
				1.867,
				-10.576,
				2.033,
				-8,
				2.2,
				-8,
				1,
				2.467,
				-8,
				2.733,
				-8,
				3,
				-8
			]
		},
		{
			"Target": "Parameter",
			"Id": "PARAM_EYE_L_OPEN",
			"Segments": [
				0,
				0.9,
				0,
				0.083,
				0.9,
				0,
				0.1,
				0.9,
				0,
				0.233,
				0.9,
				0,
				0.25,
				0.9,
				0,
				0.467,
				0.9,
				2,
				0.483,
				0.9,
				0,
				0.733,
				0.9,
				0,
				0.75,
				0.9,
				0,
				1.033,
				0.9,
				0,
				1.05,
				0.9,
				0,
				1.117,
				0.9,
				2,
				1.133,
				0.9,
				0,
				1.2,
				0.9,
				3,
				1.217,
				0.9,
				0,
				1.367,
				0.9,
				1,
				1.411,
				0.904,
				1.456,
				0,
				1.5,
				0,
				1,
				1.567,
				-0.002,
				1.633,
				1.002,
				1.7,
				1,
				0,
				1.817,
				1,
				1,
				1.861,
				1.004,
				1.906,
				0,
				1.95,
				0,
				1,
				2,
				0.005,
				2.05,
				1.245,
				2.1,
				1.25,
				0,
				3,
				1.25
			]
		},
		{
			"Target": "Parameter",
			"Id": "PARAM_EYE_R_OPEN",
			"Segments": [
				0,
				0.9,
				0,
				0.083,
				0.9,
				0,
				0.1,
				0.9,
				0,
				0.233,
				0.9,
				0,
				0.25,
				0.9,
				0,
				0.467,
				0.9,
				2,
				0.483,
				0.9,
				0,
				0.733,
				0.9,
				0,
				0.75,
				0.9,
				0,
				1.033,
				0.9,
				0,
				1.05,
				0.9,
				0,
				1.117,
				0.9,
				2,
				1.133,
				0.9,
				0,
				1.2,
				0.9,
				3,
				1.217,
				0.9,
				0,
				1.367,
				0.9,
				1,
				1.411,
				0.904,
				1.456,
				0,
				1.5,
				0,
				1,
				1.567,
				-0.002,
				1.633,
				1.002,
				1.7,
				1,
				0,
				1.817,
				1,
				1,
				1.861,
				1.004,
				1.906,
				0,
				1.95,
				0,
				1,
				2,
				0.005,
				2.05,
				1.245,
				2.1,
				1.25,
				0,
				3,
				1.25
			]
		},
		{
			"Target": "Parameter",
			"Id": "PARAM_EYE_L_SMILE",
			"Segments": [
				0,
				0,
				1,
				0.456,
				0,
				0.911,
				0,
				1.367,
				0,
				0,
				3,
				0
			]
		},
		{
			"Target": "Parameter",
			"Id": "PARAM_EYE_R_SMILE",
			"Segments": [
				0,
				0,
				1,
				0.456,
				0,
				0.911,
				0,
				1.367,
				0,
				0,
				3,
				0
			]
		},
		{
			"Target": "Parameter",
			"Id": "PARAM_EYE_BALL_X",
			"Segments": [
				0,
				-0.2,
				1,
				0.456,
				-0.2,
				0.911,
				-0.2,
				1.367,
				-0.2,
				1,
				1.422,
				-0.2,
				1.478,
				-0.213,
				1.533,
				-0.1,
				1,
				1.578,
				-0.009,
				1.622,
				1,
				1.667,
				1,
				0,
				3,
				1
			]
		},
		{
			"Target": "Parameter",
			"Id": "PARAM_EYE_BALL_Y",
			"Segments": [
				0,
				-0.5,
				1,
				0.456,
				-0.5,
				0.911,
				-0.5,
				1.367,
				-0.5,
				1,
				1.422,
				-0.5,
				1.478,
				-1,
				1.533,
				-1,
				1,
				1.578,
				-1,
				1.622,
				0.3,
				1.667,
				0.3,
				0,
				3,
				0.3
			]
		},
		{
			"Target": "Parameter",
			"Id": "PARAM_EYE_DEFORM",
			"Segments": [
				0,
				-1,
				1,
				0.372,
				-1,
				0.744,
				-1,
				1.117,
				-1,
				1,
				1.256,
				-1,
				1.394,
				-1,
				1.533,
				-1,
				1,
				1.578,
				-1,
				1.622,
				1,
				1.667,
				1,
				0,
				3,
				1
			]
		},
		{
			"Target": "Parameter",
			"Id": "PARAM_EYEBALL_ZOOM",
			"Segments": [
				0,
				-1,
				1,
				0.372,
				-1,
				0.744,
				-1,
				1.117,
				-1,
				0,
				3,
				-1
			]
		},
		{
			"Target": "Parameter",
			"Id": "PARAM_EYE_L_EX",
			"Segments": [
				0,
				0,
				1,
				0.456,
				0,
				0.911,
				0,
				1.367,
				0,
				0,
				3,
				0
			]
		},
		{
			"Target": "Parameter",
			"Id": "PARAM_EYE_R_EX",
			"Segments": [
				0,
				0,
				1,
				0.456,
				0,
				0.911,
				0,
				1.367,
				0,
				0,
				3,
				0
			]
		},
		{
			"Target": "Parameter",
			"Id": "PARAM_BROW_L_X",
			"Segments": [
				0,
				0,
				1,
				0.456,
				0,
				0.911,
				0,
				1.367,
				0,
				1,
				1.467,
				0,
				1.567,
				0,
				1.667,
				0,
				0,
				3,
				0
			]
		},
		{
			"Target": "Parameter",
			"Id": "PARAM_BROW_L_Y",
			"Segments": [
				0,
				-0.6,
				1,
				0.456,
				-0.6,
				0.911,
				-0.6,
				1.367,
				-0.6,
				1,
				1.467,
				-0.6,
				1.567,
				-0.267,
				1.667,
				0,
				1,
				1.844,
				0.475,
				2.022,
				0.6,
				2.2,
				0.6,
				0,
				3,
				0.6
			]
		},
		{
			"Target": "Parameter",
			"Id": "PARAM_BROW_R_X",
			"Segments": [
				0,
				0,
				1,
				0.456,
				0,
				0.911,
				0,
				1.367,
				0,
				1,
				1.467,
				0,
				1.567,
				0,
				1.667,
				0,
				0,
				3,
				0
			]
		},
		{
			"Target": "Parameter",
			"Id": "PARAM_BROW_R_Y",
			"Segments": [
				0,
				-0.6,
				1,
				0.456,
				-0.6,
				0.911,
				-0.6,
				1.367,
				-0.6,
				1,
				1.467,
				-0.6,
				1.567,
				-0.267,
				1.667,
				0,
				1,
				1.844,
				0.475,
				2.022,
				0.6,
				2.2,
				0.6,
				0,
				3,
				0.6
			]
		},
		{
			"Target": "Parameter",
			"Id": "PARAM_BROW_L_ANGLE",
			"Segments": [
				0,
				-1,
				1,
				0.456,
				-1,
				0.911,
				-1,
				1.367,
				-1,
				1,
				1.467,
				-1,
				1.567,
				-0.506,
				1.667,
				-0.4,
				1,
				1.844,
				-0.212,
				2.022,
				-0.2,
				2.2,
				-0.2,
				0,
				3,
				-0.2
			]
		},
		{
			"Target": "Parameter",
			"Id": "PARAM_BROW_R_ANGLE",
			"Segments": [
				0,
				-1,
				1,
				0.456,
				-1,
				0.911,
				-1,
				1.367,
				-1,
				1,
				1.467,
				-1,
				1.567,
				-0.506,
				1.667,
				-0.4,
				1,
				1.844,
				-0.212,
				2.022,
				-0.2,
				2.2,
				-0.2,
				0,
				3,
				-0.2
			]
		},
		{
			"Target": "Parameter",
			"Id": "PARAM_BROW_L_FORM",
			"Segments": [
				0,
				-0.7,
				1,
				0.456,
				-0.7,
				0.911,
				-0.7,
				1.367,
				-0.7,
				1,
				1.467,
				-0.7,
				1.567,
				-0.404,
				1.667,
				0,
				1,
				1.844,
				0.717,
				2.022,
				1,
				2.2,
				1,
				0,
				3,
				1
			]
		},
		{
			"Target": "Parameter",
			"Id": "PARAM_BROW_R_FORM",
			"Segments": [
				0,
				-0.7,
				1,
				0.456,
				-0.7,
				0.911,
				-0.7,
				1.367,
				-0.7,
				1,
				1.467,
				-0.7,
				1.567,
				-0.404,
				1.667,
				0,
				1,
				1.844,
				0.717,
				2.022,
				1,
				2.2,
				1,
				0,
				3,
				1
			]
		},
		{
			"Target": "Parameter",
			"Id": "PARAM_MOUTH_FORM",
			"Segments": [
				0,
				-0.3,
				1,
				0.456,
				-0.3,
				0.911,
				-0.3,
				1.367,
				-0.3,
				1,
				1.556,
				-0.3,
				1.744,
				0,
				1.933,
				0,
				1,
				1.967,
				0,
				2,
				-1.654,
				2.033,
				-1.826,
				1,
				2.072,
				-2.026,
				2.111,
				-2,
				2.15,
				-2,
				0,
				3,
				-2
			]
		},
		{
			"Target": "Parameter",
			"Id": "PARAM_MOUTH_OPEN_Y",
			"Segments": [
				0,
				0,
				0,
				1.933,
				0,
				1,
				2.006,
				-0.004,
				2.078,
				1,
				2.15,
				1,
				0,
				2.85,
				1,
				0,
				3,
				0
			]
		},
		{
			"Target": "Parameter",
			"Id": "PARAM_MOUTH_FORM_B",
			"Segments": [
				0,
				0,
				1,
				0.717,
				0,
				1.433,
				0,
				2.15,
				0,
				0,
				3,
				0
			]
		},
		{
			"Target": "Parameter",
			"Id": "PARAM_MOUTH_FORMIN",
			"Segments": [
				0,
				0,
				0,
				3,
				0
			]
		},
		{
			"Target": "Parameter",
			"Id": "PARAM_MOUTH_TOOTH",
			"Segments": [
				0,
				1,
				0,
				3,
				1
			]
		},
		{
			"Target": "Parameter",
			"Id": "PARAM_CHEEK",
			"Segments": [
				0,
				0,
				1,
				0.644,
				0,
				1.289,
				0,
				1.933,
				0,
				1,
				2.006,
				0,
				2.078,
				1,
				2.15,
				1,
				0,
				3,
				1
			]
		},
		{
			"Target": "Parameter",
			"Id": "PARAM_LINGDAI_R",
			"Segments": [
				0,
				0,
				1,
				0.128,
				0,
				0.256,
				0.5,
				0.383,
				0.5,
				1,
				0.511,
				0.5,
				0.639,
				-0.3,
				0.767,
				-0.3,
				1,
				0.917,
				-0.3,
				1.067,
				0.2,
				1.217,
				0.2,
				1,
				1.322,
				0.2,
				1.428,
				0.064,
				1.533,
				0,
				1,
				1.683,
				-0.091,
				1.833,
				-0.092,
				1.983,
				-0.2,
				1,
				2.156,
				-0.324,
				2.328,
				-0.6,
				2.5,
				-0.6,
				1,
				2.6,
				-0.6,
				2.7,
				0.3,
				2.8,
				0.3,
				1,
				2.867,
				0.3,
				2.933,
				0,
				3,
				0
			]
		},
		{
			"Target": "Parameter",
			"Id": "PARAM_LINGDAI_L",
			"Segments": [
				0,
				0,
				1,
				0.128,
				0,
				0.256,
				0.4,
				0.383,
				0.4,
				1,
				0.511,
				0.4,
				0.639,
				-0.3,
				0.767,
				-0.3,
				1,
				0.917,
				-0.3,
				1.067,
				0.2,
				1.217,
				0.2,
				1,
				1.322,
				0.2,
				1.428,
				0.064,
				1.533,
				0,
				1,
				1.683,
				-0.091,
				1.833,
				-0.092,
				1.983,
				-0.2,
				1,
				2.156,
				-0.324,
				2.328,
				-0.6,
				2.5,
				-0.6,
				1,
				2.6,
				-0.6,
				2.7,
				0.3,
				2.8,
				0.3,
				1,
				2.867,
				0.3,
				2.933,
				0,
				3,
				0
			]
		},
		{
			"Target": "Parameter",
			"Id": "PARAM_BODY_ANGLE_X",
			"Segments": [
				0,
				-8,
				1,
				0.533,
				-8,
				0.978,
				-8,
				1.367,
				-8,
				1,
				1.567,
				-8,
				1.767,
				-8,
				1.967,
				-8,
				1,
				2.028,
				-8,
				1.967,
				-0.51,
				2.15,
				3.869,
				1,
				2.217,
				6.93,
				2.239,
				9.06,
				2.35,
				9.268,
				1,
				2.539,
				9.906,
				2.728,
				10,
				2.917,
				10,
				0,
				3,
				10
			]
		},
		{
			"Target": "Parameter",
			"Id": "PARAM_BODY_ANGLE_Y",
			"Segments": [
				0,
				-3,
				1,
				0.128,
				-3,
				0.256,
				-5,
				0.383,
				-5,
				1,
				0.511,
				-5,
				0.639,
				-3,
				0.767,
				-3,
				1,
				0.967,
				-3,
				1.167,
				-3,
				1.367,
				-3,
				1,
				1.567,
				-3,
				1.767,
				-3,
				1.967,
				-3,
				1,
				2.028,
				-3,
				2.089,
				-6,
				2.15,
				-6,
				1,
				2.217,
				-6,
				2.283,
				3,
				2.35,
				3,
				1,
				2.406,
				3,
				2.461,
				1,
				2.517,
				1,
				1,
				2.656,
				1,
				2.794,
				2,
				2.933,
				2,
				0,
				3,
				2
			]
		},
		{
			"Target": "Parameter",
			"Id": "PARAM_BODY_ANGLE_Z",
			"Segments": [
				0,
				-2,
				1,
				0.456,
				-2,
				0.911,
				-2,
				1.367,
				-2,
				1,
				1.517,
				-2,
				1.667,
				0,
				1.817,
				0,
				1,
				1.928,
				0,
				2.039,
				0,
				2.15,
				0,
				1,
				2.272,
				0,
				2.394,
				1.205,
				2.517,
				2,
				1,
				2.656,
				2.903,
				2.794,
				3,
				2.933,
				3,
				0,
				3,
				3
			]
		},
		{
			"Target": "Parameter",
			"Id": "PARAM_BREAST_Y",
			"Segments": [
				0,
				0,
				1,
				0.128,
				0,
				0.256,
				-0.4,
				0.383,
				-0.4,
				1,
				0.511,
				-0.4,
				0.639,
				0.6,
				0.767,
				0.6,
				1,
				0.783,
				0.6,
				0.8,
				0.589,
				0.817,
				0.5,
				1,
				0.911,
				-0.002,
				1.006,
				-0.3,
				1.1,
				-0.3,
				1,
				1.189,
				-0.3,
				1.278,
				0.1,
				1.367,
				0.1,
				1,
				1.5,
				0.1,
				1.633,
				0.115,
				1.767,
				0,
				1,
				1.906,
				-0.12,
				2.044,
				-0.6,
				2.183,
				-0.6,
				1,
				2.289,
				-0.6,
				2.394,
				0.5,
				2.5,
				0.5,
				1,
				2.6,
				0.5,
				2.7,
				-0.5,
				2.8,
				-0.5,
				1,
				2.867,
				-0.5,
				2.933,
				0,
				3,
				0
			]
		},
		{
			"Target": "Parameter",
			"Id": "PARAM_ARM",
			"Segments": [
				0,
				0,
				1,
				0.128,
				0,
				0.256,
				5,
				0.383,
				5,
				1,
				0.528,
				5,
				0.672,
				-4,
				0.817,
				-4,
				1,
				0.978,
				-4,
				1.139,
				1,
				1.3,
				1,
				1,
				1.389,
				1,
				1.478,
				-5,
				1.567,
				-5,
				1,
				1.7,
				-5,
				1.833,
				3,
				1.967,
				3,
				1,
				2.083,
				3,
				2.2,
				-5,
				2.317,
				-5,
				1,
				2.444,
				-5,
				2.572,
				1,
				2.7,
				1,
				1,
				2.8,
				1,
				2.9,
				0,
				3,
				0
			]
		},
		{
			"Target": "Parameter",
			"Id": "PARAM_HAND",
			"Segments": [
				0,
				0,
				1,
				0.128,
				0,
				0.256,
				5,
				0.383,
				5,
				1,
				0.528,
				5,
				0.672,
				-3,
				0.817,
				-3,
				1,
				0.978,
				-3,
				1.139,
				0,
				1.3,
				0,
				1,
				1.389,
				0,
				1.478,
				-5,
				1.567,
				-5,
				1,
				1.7,
				-5,
				1.833,
				3,
				1.967,
				3,
				1,
				2.083,
				3,
				2.2,
				-2,
				2.317,
				-2,
				1,
				2.544,
				-2,
				2.772,
				0,
				3,
				0
			]
		},
		{
			"Target": "Parameter",
			"Id": "PARAM_BREATH",
			"Segments": [
				0,
				0,
				1,
				0.144,
				0,
				0.289,
				1,
				0.433,
				1,
				1,
				0.8,
				1,
				1.167,
				0,
				1.533,
				0,
				1,
				1.889,
				0,
				2.244,
				1,
				2.6,
				1,
				1,
				2.733,
				1,
				2.867,
				0.7,
				3,
				0.7
			]
		},
		{
			"Target": "Parameter",
			"Id": "PARAM_HAIR_FRONT",
			"Segments": [
				0,
				0,
				1,
				0.133,
				0,
				0.267,
				0.5,
				0.4,
				0.5,
				1,
				0.533,
				0.5,
				0.667,
				-0.5,
				0.8,
				-0.5,
				1,
				0.933,
				-0.5,
				1.067,
				0.5,
				1.2,
				0.5,
				1,
				1.283,
				0.5,
				1.367,
				-0.5,
				1.45,
				-0.5,
				1,
				1.517,
				-0.5,
				1.583,
				0,
				1.65,
				0,
				1,
				1.817,
				0,
				1.983,
				-0.7,
				2.15,
				-0.7,
				1,
				2.289,
				-0.7,
				2.428,
				0.7,
				2.567,
				0.7,
				1,
				2.672,
				0.7,
				2.778,
				-0.3,
				2.883,
				-0.3,
				1,
				2.922,
				-0.3,
				2.961,
				0,
				3,
				0
			]
		},
		{
			"Target": "Parameter",
			"Id": "PARAM_HAIR_SIDE",
			"Segments": [
				0,
				0,
				1,
				0.133,
				0,
				0.267,
				0.4,
				0.4,
				0.4,
				1,
				0.533,
				0.4,
				0.667,
				-0.4,
				0.8,
				-0.4,
				1,
				0.933,
				-0.4,
				1.067,
				0.4,
				1.2,
				0.4,
				1,
				1.283,
				0.4,
				1.367,
				-0.3,
				1.45,
				-0.3,
				1,
				1.517,
				-0.3,
				1.583,
				0,
				1.65,
				0,
				1,
				1.817,
				0,
				1.983,
				-0.7,
				2.15,
				-0.7,
				1,
				2.289,
				-0.7,
				2.428,
				0.6,
				2.567,
				0.6,
				1,
				2.672,
				0.6,
				2.778,
				-0.3,
				2.883,
				-0.3,
				1,
				2.922,
				-0.3,
				2.961,
				0,
				3,
				0
			]
		},
		{
			"Target": "Parameter",
			"Id": "PARAM_HAIR_BACK",
			"Segments": [
				0,
				0,
				1,
				0.133,
				0,
				0.267,
				0.6,
				0.4,
				0.6,
				1,
				0.533,
				0.6,
				0.667,
				-0.5,
				0.8,
				-0.5,
				1,
				0.933,
				-0.5,
				1.067,
				0.4,
				1.2,
				0.4,
				1,
				1.283,
				0.4,
				1.367,
				-0.3,
				1.45,
				-0.3,
				1,
				1.517,
				-0.3,
				1.583,
				0,
				1.65,
				0,
				1,
				1.817,
				0,
				1.983,
				-0.7,
				2.15,
				-0.7,
				1,
				2.289,
				-0.7,
				2.428,
				0.5,
				2.567,
				0.5,
				1,
				2.672,
				0.5,
				2.778,
				-0.2,
				2.883,
				-0.2,
				1,
				2.922,
				-0.2,
				2.961,
				0,
				3,
				0
			]
		},
		{
			"Target": "Parameter",
			"Id": "PARAM_HAIR_BIANZI",
			"Segments": [
				0,
				0,
				1,
				0.133,
				0,
				0.267,
				0.6,
				0.4,
				0.6,
				1,
				0.533,
				0.6,
				0.667,
				-0.6,
				0.8,
				-0.6,
				1,
				0.933,
				-0.6,
				1.067,
				0.4,
				1.2,
				0.4,
				1,
				1.283,
				0.4,
				1.367,
				-0.3,
				1.45,
				-0.3,
				1,
				1.517,
				-0.3,
				1.583,
				0,
				1.65,
				0,
				1,
				1.817,
				0,
				1.983,
				-0.7,
				2.15,
				-0.7,
				1,
				2.289,
				-0.7,
				2.428,
				0.6,
				2.567,
				0.6,
				1,
				2.672,
				0.6,
				2.778,
				-0.2,
				2.883,
				-0.2,
				1,
				2.922,
				-0.2,
				2.961,
				0,
				3,
				0
			]
		},
		{
			"Target": "Parameter",
			"Id": "PARAM_RIBBON",
			"Segments": [
				0,
				0,
				1,
				0.133,
				0,
				0.267,
				0.5,
				0.4,
				0.5,
				1,
				0.533,
				0.5,
				0.667,
				-0.5,
				0.8,
				-0.5,
				1,
				0.933,
				-0.5,
				1.067,
				0.4,
				1.2,
				0.4,
				1,
				1.283,
				0.4,
				1.367,
				-0.5,
				1.45,
				-0.5,
				1,
				1.517,
				-0.5,
				1.583,
				0,
				1.65,
				0,
				1,
				1.817,
				0,
				1.983,
				-0.8,
				2.15,
				-0.8,
				1,
				2.289,
				-0.8,
				2.428,
				0.6,
				2.567,
				0.6,
				1,
				2.672,
				0.6,
				2.778,
				-0.5,
				2.883,
				-0.5,
				1,
				2.922,
				-0.5,
				2.961,
				0,
				3,
				0
			]
		},
		{
			"Target": "Parameter",
			"Id": "PARAM_TEARS",
			"Segments": [
				0,
				0,
				0,
				3,
				0
			]
		},
		{
			"Target": "Parameter",
			"Id": "PARAM_SWEAT",
			"Segments": [
				0,
				0,
				0,
				3,
				0
			]
		},
		{
			"Target": "Parameter",
			"Id": "PARAM_ANGRY",
			"Segments": [
				0,
				0,
				0,
				3,
				0
			]
		},
		{
			"Target": "Parameter",
			"Id": "PARAM_SHOCK",
			"Segments": [
				0,
				0,
				0,
				3,
				0
			]
		},
		{
			"Target": "PartOpacity",
			"Id": "PARTS_01_ZF",
			"Segments": [
				0,
				0,
				0,
				3,
				0
			]
		}
	]
}