{
	"Version": 3,
	"Meta": {
		"Duration": 5.15,
		"Fps": 60.0,
		"Loop": true,
		"AreBeziersRestricted": true,
		"CurveCount": 46,
		"TotalSegmentCount": 217,
		"TotalPointCount": 595,
		"UserDataCount": 0,
		"TotalUserDataSize": 0
	},
	"Curves": [
		{
			"Target": "Parameter",
			"Id": "PARAM_ANGLE_X",
			"Segments": [
				0,
				-16,
				1,
				0.128,
				-16,
				0.3,
				-5.58,
				0.383,
				8.26,
				1,
				0.467,
				12.261,
				0.773,
				30,
				0.967,
				30,
				1,
				1.117,
				30,
				1.267,
				-8.768,
				1.417,
				-12,
				1,
				1.817,
				-20.618,
				2.217,
				-22,
				2.617,
				-22,
				1,
				3.156,
				-22,
				3.694,
				-12,
				4.233,
				-12,
				0,
				5.15,
				-12
			]
		},
		{
			"Target": "Parameter",
			"Id": "PARAM_ANGLE_Y",
			"Segments": [
				0,
				0,
				1,
				0.156,
				0,
				0.311,
				-17,
				0.467,
				-17,
				0,
				0.967,
				0,
				1,
				1.039,
				0,
				1.111,
				-6.245,
				1.183,
				-12,
				1,
				1.261,
				-18.198,
				1.339,
				-25.599,
				1.417,
				-27,
				1,
				1.567,
				-29.702,
				1.717,
				-30,
				1.867,
				-30,
				1,
				2.394,
				-30,
				2.922,
				-23.58,
				3.45,
				-23.58,
				1,
				3.856,
				-23.58,
				4.261,
				-30,
				4.667,
				-30,
				0,
				5.15,
				-30
			]
		},
		{
			"Target": "Parameter",
			"Id": "PARAM_ANGLE_Z",
			"Segments": [
				0,
				-17,
				1,
				0.089,
				-17,
				0.134,
				-29.744,
				0.267,
				-29.744,
				1,
				0.323,
				-29.744,
				0.411,
				-20.862,
				0.467,
				-19.631,
				1,
				0.634,
				-10.576,
				0.8,
				-8,
				0.967,
				-8,
				1,
				1.039,
				-8,
				1.111,
				-11.242,
				1.183,
				-14,
				1,
				1.261,
				-16.97,
				1.339,
				-20.348,
				1.417,
				-21,
				1,
				1.567,
				-22.258,
				1.717,
				-22.38,
				1.867,
				-22.38,
				1,
				2.8,
				-22.38,
				3.733,
				-22.38,
				4.667,
				-22.38,
				0,
				5.15,
				-22.38
			]
		},
		{
			"Target": "Parameter",
			"Id": "PARAM_EYE_L_OPEN",
			"Segments": [
				0,
				1,
				1,
				0.044,
				0.99,
				0.089,
				0.795,
				0.133,
				0.583,
				1,
				0.156,
				0.476,
				0.178,
				0.361,
				0.2,
				0.247,
				1,
				0.222,
				0.143,
				0.244,
				0.019,
				0.267,
				0,
				1,
				0.333,
				-0.002,
				0.4,
				1.002,
				0.467,
				1,
				0,
				0.583,
				1,
				1,
				0.628,
				1.004,
				0.672,
				0,
				0.717,
				0,
				1,
				0.767,
				0.005,
				0.817,
				1.245,
				0.867,
				1.25,
				0,
				1.067,
				1.25,
				1,
				1.1,
				1.26,
				1.133,
				-0.01,
				1.167,
				0,
				1,
				1.2,
				-0.007,
				1.233,
				0.907,
				1.267,
				0.9,
				0,
				5.133,
				0.9,
				0,
				5.15,
				0.9
			]
		},
		{
			"Target": "Parameter",
			"Id": "PARAM_EYE_R_OPEN",
			"Segments": [
				0,
				1,
				1,
				0.044,
				0.99,
				0.089,
				0.795,
				0.133,
				0.583,
				1,
				0.156,
				0.476,
				0.178,
				0.361,
				0.2,
				0.247,
				1,
				0.222,
				0.143,
				0.244,
				0.019,
				0.267,
				0,
				1,
				0.333,
				-0.002,
				0.4,
				1.002,
				0.467,
				1,
				0,
				0.583,
				1,
				1,
				0.628,
				1.004,
				0.672,
				0,
				0.717,
				0,
				1,
				0.767,
				0.005,
				0.817,
				1.245,
				0.867,
				1.25,
				0,
				1.067,
				1.25,
				1,
				1.1,
				1.26,
				1.133,
				-0.01,
				1.167,
				0,
				1,
				1.2,
				-0.007,
				1.233,
				0.907,
				1.267,
				0.9,
				0,
				5.133,
				0.9,
				0,
				5.15,
				0.9
			]
		},
		{
			"Target": "Parameter",
			"Id": "PARAM_EYE_L_SMILE",
			"Segments": [
				0,
				0,
				0,
				5.15,
				0
			]
		},
		{
			"Target": "Parameter",
			"Id": "PARAM_EYE_R_SMILE",
			"Segments": [
				0,
				0,
				0,
				5.15,
				0
			]
		},
		{
			"Target": "Parameter",
			"Id": "PARAM_EYE_BALL_X",
			"Segments": [
				0,
				0,
				1,
				0.1,
				0,
				0.245,
				-0.213,
				0.3,
				-0.1,
				1,
				0.345,
				-0.009,
				0.389,
				1,
				0.433,
				1,
				0,
				1.167,
				1,
				1,
				1.172,
				1,
				1.178,
				0,
				1.183,
				0,
				0,
				5.15,
				0
			]
		},
		{
			"Target": "Parameter",
			"Id": "PARAM_EYE_BALL_Y",
			"Segments": [
				0,
				0,
				1,
				0.1,
				0,
				0.245,
				-1,
				0.3,
				-1,
				1,
				0.345,
				-1,
				0.389,
				0.3,
				0.433,
				0.3,
				0,
				1.167,
				0.3,
				1,
				1.172,
				0.3,
				1.178,
				0,
				1.183,
				0,
				0,
				5.15,
				0
			]
		},
		{
			"Target": "Parameter",
			"Id": "PARAM_EYE_DEFORM",
			"Segments": [
				0,
				0,
				1,
				0.1,
				0,
				0.161,
				-1,
				0.3,
				-1,
				1,
				0.345,
				-1,
				0.389,
				1,
				0.433,
				1,
				0,
				1.167,
				1,
				1,
				1.172,
				1,
				1.178,
				0,
				1.183,
				0,
				0,
				5.15,
				0
			]
		},
		{
			"Target": "Parameter",
			"Id": "PARAM_EYEBALL_ZOOM",
			"Segments": [
				0,
				0,
				0,
				5.15,
				0
			]
		},
		{
			"Target": "Parameter",
			"Id": "PARAM_EYE_L_EX",
			"Segments": [
				0,
				0,
				0,
				5.15,
				0
			]
		},
		{
			"Target": "Parameter",
			"Id": "PARAM_EYE_R_EX",
			"Segments": [
				0,
				0,
				0,
				5.15,
				0
			]
		},
		{
			"Target": "Parameter",
			"Id": "PARAM_BROW_L_X",
			"Segments": [
				0,
				0,
				1,
				0.144,
				0,
				0.289,
				0,
				0.433,
				0,
				0,
				5.15,
				0
			]
		},
		{
			"Target": "Parameter",
			"Id": "PARAM_BROW_L_Y",
			"Segments": [
				0,
				0,
				1,
				0.144,
				0,
				0.334,
				-0.267,
				0.433,
				0,
				1,
				0.611,
				0.475,
				0.789,
				0.6,
				0.967,
				0.6,
				0,
				5.15,
				0.6
			]
		},
		{
			"Target": "Parameter",
			"Id": "PARAM_BROW_R_X",
			"Segments": [
				0,
				0,
				1,
				0.144,
				0,
				0.289,
				0,
				0.433,
				0,
				0,
				5.15,
				0
			]
		},
		{
			"Target": "Parameter",
			"Id": "PARAM_BROW_R_Y",
			"Segments": [
				0,
				0,
				1,
				0.144,
				0,
				0.334,
				-0.267,
				0.433,
				0,
				1,
				0.611,
				0.475,
				0.789,
				0.6,
				0.967,
				0.6,
				0,
				5.15,
				0.6
			]
		},
		{
			"Target": "Parameter",
			"Id": "PARAM_BROW_L_ANGLE",
			"Segments": [
				0,
				0,
				1,
				0.144,
				0,
				0.334,
				-0.506,
				0.433,
				-0.4,
				1,
				0.611,
				-0.212,
				0.789,
				-0.2,
				0.967,
				-0.2,
				0,
				5.15,
				-0.2
			]
		},
		{
			"Target": "Parameter",
			"Id": "PARAM_BROW_R_ANGLE",
			"Segments": [
				0,
				0,
				1,
				0.144,
				0,
				0.334,
				-0.506,
				0.433,
				-0.4,
				1,
				0.611,
				-0.212,
				0.789,
				-0.2,
				0.967,
				-0.2,
				0,
				5.15,
				-0.2
			]
		},
		{
			"Target": "Parameter",
			"Id": "PARAM_BROW_L_FORM",
			"Segments": [
				0,
				0,
				1,
				0.144,
				0,
				0.334,
				-0.404,
				0.433,
				0,
				1,
				0.611,
				0.717,
				0.789,
				1,
				0.967,
				1,
				0,
				5.15,
				1
			]
		},
		{
			"Target": "Parameter",
			"Id": "PARAM_BROW_R_FORM",
			"Segments": [
				0,
				0,
				1,
				0.144,
				0,
				0.334,
				-0.404,
				0.433,
				0,
				1,
				0.611,
				0.717,
				0.789,
				1,
				0.967,
				1,
				0,
				5.15,
				1
			]
		},
		{
			"Target": "Parameter",
			"Id": "PARAM_MOUTH_FORM",
			"Segments": [
				0,
				1,
				1,
				0.233,
				1,
				0.511,
				0,
				0.7,
				0,
				1,
				0.734,
				0,
				0.767,
				-1.654,
				0.8,
				-1.826,
				1,
				0.839,
				-2.026,
				0.878,
				-2,
				0.917,
				-2,
				0,
				1.1,
				-2,
				1,
				1.15,
				-2,
				1.2,
				-1.8,
				1.25,
				-1.8,
				0,
				5.15,
				-1.8
			]
		},
		{
			"Target": "Parameter",
			"Id": "PARAM_MOUTH_OPEN_Y",
			"Segments": [
				0,
				0,
				0,
				0.7,
				0,
				1,
				0.772,
				-0.004,
				0.844,
				1,
				0.917,
				1,
				0,
				1.167,
				0,
				0,
				5.133,
				0,
				0,
				5.15,
				0
			]
		},
		{
			"Target": "Parameter",
			"Id": "PARAM_MOUTH_FORM_B",
			"Segments": [
				0,
				0,
				1,
				0.306,
				0,
				0.611,
				0,
				0.917,
				0,
				0,
				5.15,
				0
			]
		},
		{
			"Target": "Parameter",
			"Id": "PARAM_MOUTH_FORMIN",
			"Segments": [
				0,
				0,
				0,
				5.15,
				0
			]
		},
		{
			"Target": "Parameter",
			"Id": "PARAM_MOUTH_TOOTH",
			"Segments": [
				0,
				1,
				0,
				5.15,
				1
			]
		},
		{
			"Target": "Parameter",
			"Id": "PARAM_CHEEK",
			"Segments": [
				0,
				0,
				1,
				0.389,
				0,
				0.778,
				0,
				1.167,
				0,
				1,
				1.206,
				0,
				1.244,
				1,
				1.283,
				1,
				0,
				5.15,
				1
			]
		},
		{
			"Target": "Parameter",
			"Id": "PARAM_LINGDAI_R",
			"Segments": [
				0,
				0,
				1,
				0.106,
				0,
				0.211,
				-0.3,
				0.317,
				-0.3,
				1,
				0.428,
				-0.3,
				0.539,
				0.3,
				0.65,
				0.3,
				1,
				0.756,
				0.3,
				0.861,
				-0.4,
				0.967,
				-0.4,
				1,
				1.178,
				-0.4,
				1.389,
				0.6,
				1.6,
				0.6,
				1,
				1.833,
				0.6,
				2.067,
				-0.3,
				2.3,
				-0.3,
				1,
				2.556,
				-0.3,
				2.811,
				0.1,
				3.067,
				0.1,
				1,
				3.356,
				0.1,
				3.644,
				-0.1,
				3.933,
				-0.1,
				1,
				4.194,
				-0.1,
				4.456,
				0.1,
				4.717,
				0.1,
				1,
				4.861,
				0.1,
				5.006,
				0,
				5.15,
				0
			]
		},
		{
			"Target": "Parameter",
			"Id": "PARAM_LINGDAI_L",
			"Segments": [
				0,
				0,
				1,
				0.106,
				0,
				0.211,
				-0.3,
				0.317,
				-0.3,
				1,
				0.428,
				-0.3,
				0.539,
				0.3,
				0.65,
				0.3,
				1,
				0.756,
				0.3,
				0.861,
				-0.4,
				0.967,
				-0.4,
				1,
				1.178,
				-0.4,
				1.389,
				0.6,
				1.6,
				0.6,
				1,
				1.833,
				0.6,
				2.067,
				-0.3,
				2.3,
				-0.3,
				1,
				2.556,
				-0.3,
				2.811,
				0.1,
				3.067,
				0.1,
				1,
				3.356,
				0.1,
				3.644,
				-0.1,
				3.933,
				-0.1,
				1,
				4.194,
				-0.1,
				4.456,
				0.1,
				4.717,
				0.1,
				1,
				4.861,
				0.1,
				5.006,
				0,
				5.15,
				0
			]
		},
		{
			"Target": "Parameter",
			"Id": "PARAM_BODY_ANGLE_X",
			"Segments": [
				0,
				-3,
				1,
				0.144,
				-3,
				0.289,
				-3,
				0.433,
				-3,
				1,
				0.506,
				-3,
				0.578,
				-2.989,
				0.65,
				-1.989,
				1,
				0.717,
				-1.066,
				0.783,
				1,
				0.85,
				1,
				1,
				1.044,
				1,
				1.239,
				-4.751,
				1.433,
				-6,
				1,
				1.85,
				-8.676,
				2.267,
				-9,
				2.683,
				-9,
				1,
				3.094,
				-9,
				3.506,
				-6,
				3.917,
				-6,
				1,
				4.317,
				-6,
				4.717,
				-9,
				5.117,
				-9,
				0,
				5.15,
				-9
			]
		},
		{
			"Target": "Parameter",
			"Id": "PARAM_BODY_ANGLE_Y",
			"Segments": [
				0,
				0,
				1,
				0.078,
				0,
				0.156,
				2,
				0.233,
				2,
				1,
				0.3,
				2,
				0.367,
				2,
				0.433,
				2,
				1,
				0.506,
				2,
				0.578,
				-2,
				0.65,
				-2,
				1,
				0.711,
				-2,
				0.772,
				2,
				0.833,
				2,
				1,
				0.928,
				2,
				1.022,
				0.47,
				1.117,
				0,
				1,
				1.222,
				-0.525,
				1.328,
				-0.592,
				1.433,
				-1,
				1,
				1.578,
				-1.558,
				1.722,
				-2,
				1.867,
				-2,
				1,
				2.394,
				-2,
				2.922,
				0,
				3.45,
				0,
				1,
				3.833,
				0,
				4.217,
				-2,
				4.6,
				-2,
				0,
				5.15,
				-2
			]
		},
		{
			"Target": "Parameter",
			"Id": "PARAM_BODY_ANGLE_Z",
			"Segments": [
				0,
				0,
				1,
				0.078,
				0,
				0.156,
				1,
				0.233,
				1,
				1,
				0.3,
				1,
				0.367,
				1,
				0.433,
				1,
				1,
				0.506,
				1,
				0.578,
				-1,
				0.65,
				-1,
				1,
				0.711,
				-1,
				0.772,
				0,
				0.833,
				0,
				1,
				1.033,
				0,
				1.233,
				0,
				1.433,
				0,
				1,
				1.722,
				0,
				2.011,
				-2,
				2.3,
				-2,
				1,
				2.533,
				-2,
				2.767,
				0,
				3,
				0,
				1,
				3.311,
				0,
				3.622,
				-0.017,
				3.933,
				-0.54,
				1,
				4.272,
				-1.109,
				4.611,
				-2,
				4.95,
				-2,
				1,
				5.017,
				-2,
				5.083,
				-1.347,
				5.15,
				-0.787
			]
		},
		{
			"Target": "Parameter",
			"Id": "PARAM_BREAST_Y",
			"Segments": [
				0,
				0,
				1,
				0.106,
				0,
				0.211,
				0.2,
				0.317,
				0.2,
				1,
				0.428,
				0.2,
				0.539,
				-0.2,
				0.65,
				-0.2,
				1,
				0.778,
				-0.2,
				0.906,
				0.6,
				1.033,
				0.6,
				1,
				1.267,
				0.6,
				1.5,
				-0.5,
				1.733,
				-0.5,
				1,
				1.961,
				-0.5,
				2.189,
				0.4,
				2.417,
				0.4,
				1,
				2.633,
				0.4,
				2.85,
				-0.3,
				3.067,
				-0.3,
				1,
				3.356,
				-0.3,
				3.644,
				0.2,
				3.933,
				0.2,
				1,
				4.194,
				0.2,
				4.456,
				-0.2,
				4.717,
				-0.2,
				1,
				4.861,
				-0.2,
				5.006,
				0,
				5.15,
				0
			]
		},
		{
			"Target": "Parameter",
			"Id": "PARAM_ARM",
			"Segments": [
				0,
				0,
				1,
				0.078,
				0,
				0.156,
				0,
				0.233,
				0,
				1,
				0.3,
				0,
				0.367,
				0,
				0.433,
				0,
				0,
				5.15,
				0
			]
		},
		{
			"Target": "Parameter",
			"Id": "PARAM_HAND",
			"Segments": [
				0,
				0,
				1,
				0.078,
				0,
				0.156,
				0,
				0.233,
				0,
				1,
				0.3,
				0,
				0.367,
				0,
				0.433,
				0,
				0,
				5.15,
				0
			]
		},
		{
			"Target": "Parameter",
			"Id": "PARAM_BREATH",
			"Segments": [
				0,
				0,
				1,
				0.267,
				0,
				0.533,
				1,
				0.8,
				1,
				1,
				1.2,
				1,
				1.6,
				0,
				2,
				0,
				1,
				2.478,
				0,
				2.956,
				1,
				3.433,
				1,
				1,
				4,
				1,
				4.567,
				0,
				5.133,
				0,
				0,
				5.15,
				0
			]
		},
		{
			"Target": "Parameter",
			"Id": "PARAM_HAIR_FRONT",
			"Segments": [
				0,
				0,
				1,
				0.089,
				0,
				0.178,
				-0.6,
				0.267,
				-0.6,
				1,
				0.394,
				-0.6,
				0.522,
				0.4,
				0.65,
				0.4,
				1,
				0.789,
				0.4,
				0.928,
				-0.7,
				1.067,
				-0.7,
				1,
				1.211,
				-0.7,
				1.356,
				0.9,
				1.5,
				0.9,
				1,
				1.761,
				0.9,
				2.022,
				-0.7,
				2.283,
				-0.7,
				1,
				2.667,
				-0.7,
				3.05,
				0.7,
				3.433,
				0.7,
				1,
				3.8,
				0.7,
				4.167,
				-0.4,
				4.533,
				-0.4,
				1,
				4.739,
				-0.4,
				4.944,
				0,
				5.15,
				0
			]
		},
		{
			"Target": "Parameter",
			"Id": "PARAM_HAIR_SIDE",
			"Segments": [
				0,
				0,
				1,
				0.089,
				0,
				0.178,
				-0.5,
				0.267,
				-0.5,
				1,
				0.394,
				-0.5,
				0.522,
				0.3,
				0.65,
				0.3,
				1,
				0.789,
				0.3,
				0.928,
				-0.6,
				1.067,
				-0.6,
				1,
				1.211,
				-0.6,
				1.356,
				0.8,
				1.5,
				0.8,
				1,
				1.761,
				0.8,
				2.022,
				-0.6,
				2.283,
				-0.6,
				1,
				2.667,
				-0.6,
				3.05,
				0.6,
				3.433,
				0.6,
				1,
				3.8,
				0.6,
				4.167,
				-0.3,
				4.533,
				-0.3,
				1,
				4.739,
				-0.3,
				4.944,
				0,
				5.15,
				0
			]
		},
		{
			"Target": "Parameter",
			"Id": "PARAM_HAIR_BACK",
			"Segments": [
				0,
				0,
				1,
				0.089,
				0,
				0.178,
				-0.4,
				0.267,
				-0.4,
				1,
				0.394,
				-0.4,
				0.522,
				0.3,
				0.65,
				0.3,
				1,
				0.789,
				0.3,
				0.928,
				-0.6,
				1.067,
				-0.6,
				1,
				1.211,
				-0.6,
				1.356,
				0.7,
				1.5,
				0.7,
				1,
				1.761,
				0.7,
				2.022,
				-0.5,
				2.283,
				-0.5,
				1,
				2.667,
				-0.5,
				3.05,
				0.5,
				3.433,
				0.5,
				1,
				3.8,
				0.5,
				4.167,
				-0.3,
				4.533,
				-0.3,
				1,
				4.739,
				-0.3,
				4.944,
				0,
				5.15,
				0
			]
		},
		{
			"Target": "Parameter",
			"Id": "PARAM_HAIR_BIANZI",
			"Segments": [
				0,
				0,
				1,
				0.089,
				0,
				0.178,
				-0.6,
				0.267,
				-0.6,
				1,
				0.394,
				-0.6,
				0.522,
				0.4,
				0.65,
				0.4,
				1,
				0.789,
				0.4,
				0.928,
				-0.6,
				1.067,
				-0.6,
				1,
				1.211,
				-0.6,
				1.356,
				0.8,
				1.5,
				0.8,
				1,
				1.761,
				0.8,
				2.022,
				-0.6,
				2.283,
				-0.6,
				1,
				2.667,
				-0.6,
				3.05,
				0.5,
				3.433,
				0.5,
				1,
				3.8,
				0.5,
				4.167,
				-0.4,
				4.533,
				-0.4,
				1,
				4.739,
				-0.4,
				4.944,
				0,
				5.15,
				0
			]
		},
		{
			"Target": "Parameter",
			"Id": "PARAM_RIBBON",
			"Segments": [
				0,
				0,
				1,
				0.089,
				0,
				0.178,
				-0.6,
				0.267,
				-0.6,
				1,
				0.394,
				-0.6,
				0.522,
				0.4,
				0.65,
				0.4,
				1,
				0.789,
				0.4,
				0.928,
				-0.7,
				1.067,
				-0.7,
				1,
				1.211,
				-0.7,
				1.356,
				1,
				1.5,
				1,
				1,
				1.761,
				1,
				2.022,
				-0.7,
				2.283,
				-0.7,
				1,
				2.667,
				-0.7,
				3.05,
				0.6,
				3.433,
				0.6,
				1,
				3.8,
				0.6,
				4.167,
				-0.4,
				4.533,
				-0.4,
				1,
				4.739,
				-0.4,
				4.944,
				0,
				5.15,
				0
			]
		},
		{
			"Target": "Parameter",
			"Id": "PARAM_TEARS",
			"Segments": [
				0,
				0,
				0,
				5.15,
				0
			]
		},
		{
			"Target": "Parameter",
			"Id": "PARAM_SWEAT",
			"Segments": [
				0,
				0,
				0,
				5.15,
				0
			]
		},
		{
			"Target": "Parameter",
			"Id": "PARAM_ANGRY",
			"Segments": [
				0,
				0,
				0,
				5.15,
				0
			]
		},
		{
			"Target": "Parameter",
			"Id": "PARAM_SHOCK",
			"Segments": [
				0,
				0,
				0,
				5.15,
				0
			]
		},
		{
			"Target": "PartOpacity",
			"Id": "PARTS_01_ZF",
			"Segments": [
				0,
				0,
				0,
				5.15,
				0
			]
		}
	]
}