{
	"Version": 3,
	"Meta": {
		"Duration": 7.67,
		"Fps": 30.0,
		"Loop": true,
		"AreBeziersRestricted": true,
		"CurveCount": 46,
		"TotalSegmentCount": 114,
		"TotalPointCount": 298,
		"UserDataCount": 0,
		"TotalUserDataSize": 0
	},
	"Curves": [
		{
			"Target": "Parameter",
			"Id": "PARAM_ANGLE_X",
			"Segments": [
				0,
				0,
				0,
				7.667,
				0
			]
		},
		{
			"Target": "Parameter",
			"Id": "PARAM_ANGLE_Y",
			"Segments": [
				0,
				0,
				0,
				7.667,
				0
			]
		},
		{
			"Target": "Parameter",
			"Id": "PARAM_ANGLE_Z",
			"Segments": [
				0,
				0,
				0,
				7.667,
				0
			]
		},
		{
			"Target": "Parameter",
			"Id": "PARAM_EYE_L_OPEN",
			"Segments": [
				0,
				1,
				0,
				1.867,
				1,
				1,
				1.944,
				1.008,
				2.022,
				-0.008,
				2.1,
				0,
				1,
				2.167,
				-0.008,
				2.233,
				1.008,
				2.3,
				1,
				0,
				5.867,
				1,
				1,
				5.944,
				1.008,
				6.022,
				-0.008,
				6.1,
				0,
				1,
				6.167,
				-0.008,
				6.233,
				1.008,
				6.3,
				1,
				0,
				7.633,
				1,
				0,
				7.667,
				1
			]
		},
		{
			"Target": "Parameter",
			"Id": "PARAM_EYE_R_OPEN",
			"Segments": [
				0,
				1,
				0,
				1.867,
				1,
				1,
				1.944,
				1.008,
				2.022,
				-0.008,
				2.1,
				0,
				1,
				2.167,
				-0.008,
				2.233,
				1.008,
				2.3,
				1,
				0,
				5.867,
				1,
				1,
				5.944,
				1.008,
				6.022,
				-0.008,
				6.1,
				0,
				1,
				6.167,
				-0.008,
				6.233,
				1.008,
				6.3,
				1,
				0,
				7.633,
				1,
				0,
				7.667,
				1
			]
		},
		{
			"Target": "Parameter",
			"Id": "PARAM_EYE_L_SMILE",
			"Segments": [
				0,
				0,
				0,
				7.667,
				0
			]
		},
		{
			"Target": "Parameter",
			"Id": "PARAM_EYE_R_SMILE",
			"Segments": [
				0,
				0,
				0,
				7.667,
				0
			]
		},
		{
			"Target": "Parameter",
			"Id": "PARAM_EYE_BALL_X",
			"Segments": [
				0,
				0.7,
				0,
				7.667,
				0.7
			]
		},
		{
			"Target": "Parameter",
			"Id": "PARAM_EYE_BALL_Y",
			"Segments": [
				0,
				0.3,
				0,
				7.667,
				0.3
			]
		},
		{
			"Target": "Parameter",
			"Id": "PARAM_EYE_DEFORM",
			"Segments": [
				0,
				0,
				0,
				7.667,
				0
			]
		},
		{
			"Target": "Parameter",
			"Id": "PARAM_EYEBALL_ZOOM",
			"Segments": [
				0,
				0,
				0,
				7.667,
				0
			]
		},
		{
			"Target": "Parameter",
			"Id": "PARAM_EYE_L_EX",
			"Segments": [
				0,
				0,
				0,
				7.667,
				0
			]
		},
		{
			"Target": "Parameter",
			"Id": "PARAM_EYE_R_EX",
			"Segments": [
				0,
				0,
				0,
				7.667,
				0
			]
		},
		{
			"Target": "Parameter",
			"Id": "PARAM_BROW_L_X",
			"Segments": [
				0,
				0,
				0,
				7.667,
				0
			]
		},
		{
			"Target": "Parameter",
			"Id": "PARAM_BROW_L_Y",
			"Segments": [
				0,
				-0.1,
				0,
				7.667,
				-0.1
			]
		},
		{
			"Target": "Parameter",
			"Id": "PARAM_BROW_R_X",
			"Segments": [
				0,
				0,
				0,
				7.667,
				0
			]
		},
		{
			"Target": "Parameter",
			"Id": "PARAM_BROW_R_Y",
			"Segments": [
				0,
				-0.1,
				0,
				7.667,
				-0.1
			]
		},
		{
			"Target": "Parameter",
			"Id": "PARAM_BROW_L_ANGLE",
			"Segments": [
				0,
				-0.2,
				0,
				7.667,
				-0.2
			]
		},
		{
			"Target": "Parameter",
			"Id": "PARAM_BROW_R_ANGLE",
			"Segments": [
				0,
				-0.2,
				0,
				7.667,
				-0.2
			]
		},
		{
			"Target": "Parameter",
			"Id": "PARAM_BROW_L_FORM",
			"Segments": [
				0,
				0.6,
				0,
				7.667,
				0.6
			]
		},
		{
			"Target": "Parameter",
			"Id": "PARAM_BROW_R_FORM",
			"Segments": [
				0,
				0.6,
				0,
				7.667,
				0.6
			]
		},
		{
			"Target": "Parameter",
			"Id": "PARAM_MOUTH_FORM",
			"Segments": [
				0,
				1,
				0,
				7.667,
				1
			]
		},
		{
			"Target": "Parameter",
			"Id": "PARAM_MOUTH_OPEN_Y",
			"Segments": [
				0,
				0,
				0,
				7.633,
				0,
				0,
				7.667,
				0
			]
		},
		{
			"Target": "Parameter",
			"Id": "PARAM_MOUTH_FORM_B",
			"Segments": [
				0,
				0,
				0,
				7.667,
				0
			]
		},
		{
			"Target": "Parameter",
			"Id": "PARAM_MOUTH_FORMIN",
			"Segments": [
				0,
				0,
				0,
				7.667,
				0
			]
		},
		{
			"Target": "Parameter",
			"Id": "PARAM_MOUTH_TOOTH",
			"Segments": [
				0,
				1,
				0,
				7.667,
				1
			]
		},
		{
			"Target": "Parameter",
			"Id": "PARAM_CHEEK",
			"Segments": [
				0,
				0,
				0,
				7.667,
				0
			]
		},
		{
			"Target": "Parameter",
			"Id": "PARAM_LINGDAI_R",
			"Segments": [
				0,
				0,
				1,
				0.467,
				0,
				0.933,
				0.3,
				1.4,
				0.3,
				1,
				1.822,
				0.3,
				2.244,
				0,
				2.667,
				0,
				1,
				3.156,
				0,
				3.644,
				0.2,
				4.133,
				0.2,
				1,
				4.511,
				0.2,
				4.889,
				0,
				5.267,
				0,
				1,
				5.722,
				0,
				6.178,
				0.2,
				6.633,
				0.2,
				1,
				6.978,
				0.2,
				7.322,
				0,
				7.667,
				0
			]
		},
		{
			"Target": "Parameter",
			"Id": "PARAM_LINGDAI_L",
			"Segments": [
				0,
				0,
				1,
				0.467,
				0,
				0.933,
				0.3,
				1.4,
				0.3,
				1,
				1.822,
				0.3,
				2.244,
				0,
				2.667,
				0,
				1,
				3.156,
				0,
				3.644,
				0.2,
				4.133,
				0.2,
				1,
				4.511,
				0.2,
				4.889,
				0,
				5.267,
				0,
				1,
				5.722,
				0,
				6.178,
				0.2,
				6.633,
				0.2,
				1,
				6.978,
				0.2,
				7.322,
				0,
				7.667,
				0
			]
		},
		{
			"Target": "Parameter",
			"Id": "PARAM_BODY_ANGLE_X",
			"Segments": [
				0,
				0,
				0,
				7.667,
				0
			]
		},
		{
			"Target": "Parameter",
			"Id": "PARAM_BODY_ANGLE_Y",
			"Segments": [
				0,
				0,
				0,
				7.667,
				0
			]
		},
		{
			"Target": "Parameter",
			"Id": "PARAM_BODY_ANGLE_Z",
			"Segments": [
				0,
				0,
				0,
				7.667,
				0
			]
		},
		{
			"Target": "Parameter",
			"Id": "PARAM_BREAST_Y",
			"Segments": [
				0,
				0,
				1,
				0.144,
				0,
				0.289,
				-0.2,
				0.433,
				-0.2,
				1,
				0.778,
				-0.2,
				1.122,
				0.3,
				1.467,
				0.3,
				1,
				1.867,
				0.3,
				2.267,
				0.225,
				2.667,
				0,
				1,
				2.833,
				-0.094,
				3,
				-0.2,
				3.167,
				-0.2,
				1,
				3.511,
				-0.2,
				3.856,
				0.3,
				4.2,
				0.3,
				1,
				4.556,
				0.3,
				4.911,
				0.221,
				5.267,
				0,
				1,
				5.433,
				-0.104,
				5.6,
				-0.2,
				5.767,
				-0.2,
				1,
				6.111,
				-0.2,
				6.456,
				0.3,
				6.8,
				0.3,
				1,
				7.089,
				0.3,
				7.378,
				0,
				7.667,
				0
			]
		},
		{
			"Target": "Parameter",
			"Id": "PARAM_ARM",
			"Segments": [
				0,
				0,
				1,
				0.433,
				0,
				0.867,
				-4,
				1.3,
				-4,
				1,
				1.756,
				-4,
				2.211,
				2,
				2.667,
				2,
				1,
				3.111,
				2,
				3.556,
				-4,
				4,
				-4,
				1,
				4.422,
				-4,
				4.844,
				2,
				5.267,
				2,
				1,
				5.689,
				2,
				6.111,
				-3,
				6.533,
				-3,
				0,
				7.667,
				-3
			]
		},
		{
			"Target": "Parameter",
			"Id": "PARAM_HAND",
			"Segments": [
				0,
				0,
				0,
				7.667,
				0
			]
		},
		{
			"Target": "Parameter",
			"Id": "PARAM_BREATH",
			"Segments": [
				0,
				0,
				1,
				0.433,
				0,
				0.867,
				1,
				1.3,
				1,
				1,
				1.756,
				1,
				2.211,
				0,
				2.667,
				0,
				1,
				3.111,
				0,
				3.556,
				1,
				4,
				1,
				1,
				4.422,
				1,
				4.844,
				0,
				5.267,
				0,
				1,
				5.689,
				0,
				6.111,
				1,
				6.533,
				1,
				1,
				6.911,
				1,
				7.289,
				0,
				7.667,
				0
			]
		},
		{
			"Target": "Parameter",
			"Id": "PARAM_HAIR_FRONT",
			"Segments": [
				0,
				0,
				1,
				0.511,
				0,
				1.022,
				0.4,
				1.533,
				0.4,
				1,
				1.989,
				0.4,
				2.444,
				-0.4,
				2.9,
				-0.4,
				1,
				3.356,
				-0.4,
				3.811,
				0.4,
				4.267,
				0.4,
				1,
				4.689,
				0.4,
				5.111,
				-0.4,
				5.533,
				-0.4,
				1,
				5.956,
				-0.4,
				6.378,
				0.4,
				6.8,
				0.4,
				1,
				7.089,
				0.4,
				7.378,
				0,
				7.667,
				0
			]
		},
		{
			"Target": "Parameter",
			"Id": "PARAM_HAIR_SIDE",
			"Segments": [
				0,
				0,
				1,
				0.511,
				0,
				1.022,
				0.3,
				1.533,
				0.3,
				1,
				1.989,
				0.3,
				2.444,
				-0.3,
				2.9,
				-0.3,
				1,
				3.356,
				-0.3,
				3.811,
				0.3,
				4.267,
				0.3,
				1,
				4.689,
				0.3,
				5.111,
				-0.3,
				5.533,
				-0.3,
				1,
				5.956,
				-0.3,
				6.378,
				0.3,
				6.8,
				0.3,
				1,
				7.089,
				0.3,
				7.378,
				0,
				7.667,
				0
			]
		},
		{
			"Target": "Parameter",
			"Id": "PARAM_HAIR_BACK",
			"Segments": [
				0,
				0,
				1,
				0.511,
				0,
				1.022,
				0.3,
				1.533,
				0.3,
				1,
				1.989,
				0.3,
				2.444,
				-0.3,
				2.9,
				-0.3,
				1,
				3.356,
				-0.3,
				3.811,
				0.3,
				4.267,
				0.3,
				1,
				4.689,
				0.3,
				5.111,
				-0.3,
				5.533,
				-0.3,
				1,
				5.956,
				-0.3,
				6.378,
				0.3,
				6.8,
				0.3,
				1,
				7.089,
				0.3,
				7.378,
				0,
				7.667,
				0
			]
		},
		{
			"Target": "Parameter",
			"Id": "PARAM_HAIR_BIANZI",
			"Segments": [
				0,
				0,
				1,
				0.511,
				0,
				1.022,
				0.4,
				1.533,
				0.4,
				1,
				1.989,
				0.4,
				2.444,
				-0.4,
				2.9,
				-0.4,
				1,
				3.356,
				-0.4,
				3.811,
				0.4,
				4.267,
				0.4,
				1,
				4.689,
				0.4,
				5.111,
				-0.4,
				5.533,
				-0.4,
				1,
				5.956,
				-0.4,
				6.378,
				0.4,
				6.8,
				0.4,
				1,
				7.089,
				0.4,
				7.378,
				0,
				7.667,
				0
			]
		},
		{
			"Target": "Parameter",
			"Id": "PARAM_RIBBON",
			"Segments": [
				0,
				0,
				1,
				0.511,
				0,
				1.022,
				0.5,
				1.533,
				0.5,
				1,
				1.989,
				0.5,
				2.444,
				-0.5,
				2.9,
				-0.5,
				1,
				3.356,
				-0.5,
				3.811,
				0.5,
				4.267,
				0.5,
				1,
				4.689,
				0.5,
				5.111,
				-0.5,
				5.533,
				-0.5,
				1,
				5.956,
				-0.5,
				6.378,
				0.5,
				6.8,
				0.5,
				0,
				7.667,
				0.5
			]
		},
		{
			"Target": "Parameter",
			"Id": "PARAM_TEARS",
			"Segments": [
				0,
				0,
				0,
				7.667,
				0
			]
		},
		{
			"Target": "Parameter",
			"Id": "PARAM_SWEAT",
			"Segments": [
				0,
				0,
				0,
				7.667,
				0
			]
		},
		{
			"Target": "Parameter",
			"Id": "PARAM_ANGRY",
			"Segments": [
				0,
				0,
				0,
				7.667,
				0
			]
		},
		{
			"Target": "Parameter",
			"Id": "PARAM_SHOCK",
			"Segments": [
				0,
				0,
				0,
				7.667,
				0
			]
		},
		{
			"Target": "PartOpacity",
			"Id": "PARTS_01_ZF",
			"Segments": [
				0,
				0,
				0,
				7.67,
				0
			]
		}
	]
}