{
	"Version": 3,
	"Meta": {
		"PhysicsSettingCount": 10,
		"TotalInputCount": 44,
		"TotalOutputCount": 9,
		"VertexCount": 29,
		"EffectiveForces": {
			"Gravity": {
				"X": 0,
				"Y": -1
			},
			"Wind": {
				"X": 0,
				"Y": 0
			}
		},
		"PhysicsDictionary": [
			{
				"Id": "PhysicsSetting1",
				"Name": "Hair Front"
			},
			{
				"Id": "PhysicsSetting2",
				"Name": "Back Hair"
			},
			{
				"Id": "PhysicsSetting3",
				"Name": "Back Hair Side"
			},
			{
				"Id": "PhysicsSetting4",
				"Name": "Hair Ribbon"
			},
			{
				"Id": "PhysicsSetting5",
				"Name": "Hair Side"
			},
			{
				"Id": "PhysicsSetting6",
				"Name": "Body Ribbon ZF"
			},
			{
				"Id": "PhysicsSetting7",
				"Name": "Body Ribbon CF-L"
			},
			{
				"Id": "PhysicsSetting8",
				"Name": "Body Ribbon CF-R"
			},
			{
				"Id": "PhysicsSetting9",
				"Name": "Breath X"
			},
			{
				"Id": "PhysicsSetting10",
				"Name": "Breath Y"
			}
		]
	},
	"PhysicsSettings": [
		{
			"Id": "PhysicsSetting1",
			"Input": [
				{
					"Source": {
						"Target": "Parameter",
						"Id": "PARAM_ANGLE_X"
					},
					"Weight": 30,
					"Type": "X",
					"Reflect": false
				},
				{
					"Source": {
						"Target": "Parameter",
						"Id": "PARAM_ANGLE_Z"
					},
					"Weight": 30,
					"Type": "Angle",
					"Reflect": true
				},
				{
					"Source": {
						"Target": "Parameter",
						"Id": "PARAM_BODY_ANGLE_X"
					},
					"Weight": 20,
					"Type": "X",
					"Reflect": false
				},
				{
					"Source": {
						"Target": "Parameter",
						"Id": "PARAM_BODY_ANGLE_Z"
					},
					"Weight": 40,
					"Type": "Angle",
					"Reflect": true
				},
				{
					"Source": {
						"Target": "Parameter",
						"Id": "PARAM_ANGLE_Y"
					},
					"Weight": 30,
					"Type": "X",
					"Reflect": false
				},
				{
					"Source": {
						"Target": "Parameter",
						"Id": "PARAM_BODY_ANGLE_Y"
					},
					"Weight": 30,
					"Type": "Angle",
					"Reflect": false
				},
				{
					"Source": {
						"Target": "Parameter",
						"Id": "PARAM_BREATH"
					},
					"Weight": 20,
					"Type": "X",
					"Reflect": false
				}
			],
			"Output": [
				{
					"Destination": {
						"Target": "Parameter",
						"Id": "PARAM_HAIR_FRONT"
					},
					"VertexIndex": 1,
					"Scale": 1.513,
					"Weight": 100,
					"Type": "Angle",
					"Reflect": false
				}
			],
			"Vertices": [
				{
					"Position": {
						"X": 0,
						"Y": 0
					},
					"Mobility": 1,
					"Delay": 1,
					"Acceleration": 1,
					"Radius": 0
				},
				{
					"Position": {
						"X": 0,
						"Y": 3
					},
					"Mobility": 0.8,
					"Delay": 0.8,
					"Acceleration": 1.5,
					"Radius": 3
				}
			],
			"Normalization": {
				"Position": {
					"Minimum": -10,
					"Default": 0,
					"Maximum": 10
				},
				"Angle": {
					"Minimum": -10,
					"Default": 0,
					"Maximum": 10
				}
			}
		},
		{
			"Id": "PhysicsSetting2",
			"Input": [
				{
					"Source": {
						"Target": "Parameter",
						"Id": "PARAM_ANGLE_X"
					},
					"Weight": 30,
					"Type": "X",
					"Reflect": false
				},
				{
					"Source": {
						"Target": "Parameter",
						"Id": "PARAM_ANGLE_Z"
					},
					"Weight": 30,
					"Type": "Angle",
					"Reflect": true
				},
				{
					"Source": {
						"Target": "Parameter",
						"Id": "PARAM_BODY_ANGLE_X"
					},
					"Weight": 20,
					"Type": "X",
					"Reflect": false
				},
				{
					"Source": {
						"Target": "Parameter",
						"Id": "PARAM_BODY_ANGLE_Z"
					},
					"Weight": 40,
					"Type": "Angle",
					"Reflect": true
				},
				{
					"Source": {
						"Target": "Parameter",
						"Id": "PARAM_ANGLE_Y"
					},
					"Weight": 30,
					"Type": "X",
					"Reflect": false
				},
				{
					"Source": {
						"Target": "Parameter",
						"Id": "PARAM_BODY_ANGLE_Y"
					},
					"Weight": 30,
					"Type": "Angle",
					"Reflect": false
				},
				{
					"Source": {
						"Target": "Parameter",
						"Id": "PARAM_BREATH"
					},
					"Weight": 20,
					"Type": "X",
					"Reflect": false
				}
			],
			"Output": [
				{
					"Destination": {
						"Target": "Parameter",
						"Id": "PARAM_HAIR_BACK"
					},
					"VertexIndex": 1,
					"Scale": 1.2,
					"Weight": 100,
					"Type": "Angle",
					"Reflect": false
				}
			],
			"Vertices": [
				{
					"Position": {
						"X": 0,
						"Y": 0
					},
					"Mobility": 1,
					"Delay": 1,
					"Acceleration": 1,
					"Radius": 0
				},
				{
					"Position": {
						"X": 0,
						"Y": 3
					},
					"Mobility": 0.9,
					"Delay": 0.9,
					"Acceleration": 1.2,
					"Radius": 3
				}
			],
			"Normalization": {
				"Position": {
					"Minimum": -10,
					"Default": 0,
					"Maximum": 10
				},
				"Angle": {
					"Minimum": -10,
					"Default": 0,
					"Maximum": 10
				}
			}
		},
		{
			"Id": "PhysicsSetting3",
			"Input": [
				{
					"Source": {
						"Target": "Parameter",
						"Id": "PARAM_ANGLE_X"
					},
					"Weight": 30,
					"Type": "X",
					"Reflect": false
				},
				{
					"Source": {
						"Target": "Parameter",
						"Id": "PARAM_ANGLE_Z"
					},
					"Weight": 30,
					"Type": "Angle",
					"Reflect": true
				},
				{
					"Source": {
						"Target": "Parameter",
						"Id": "PARAM_BODY_ANGLE_X"
					},
					"Weight": 20,
					"Type": "X",
					"Reflect": false
				},
				{
					"Source": {
						"Target": "Parameter",
						"Id": "PARAM_BODY_ANGLE_Z"
					},
					"Weight": 40,
					"Type": "Angle",
					"Reflect": true
				},
				{
					"Source": {
						"Target": "Parameter",
						"Id": "PARAM_ANGLE_Y"
					},
					"Weight": 30,
					"Type": "X",
					"Reflect": false
				},
				{
					"Source": {
						"Target": "Parameter",
						"Id": "PARAM_BODY_ANGLE_Y"
					},
					"Weight": 30,
					"Type": "Angle",
					"Reflect": false
				},
				{
					"Source": {
						"Target": "Parameter",
						"Id": "PARAM_BREATH"
					},
					"Weight": 20,
					"Type": "X",
					"Reflect": false
				}
			],
			"Output": [
				{
					"Destination": {
						"Target": "Parameter",
						"Id": "PARAM_HAIR_BIANZI"
					},
					"VertexIndex": 1,
					"Scale": 1.5,
					"Weight": 100,
					"Type": "Angle",
					"Reflect": false
				}
			],
			"Vertices": [
				{
					"Position": {
						"X": 0,
						"Y": 0
					},
					"Mobility": 1,
					"Delay": 1,
					"Acceleration": 1,
					"Radius": 0
				},
				{
					"Position": {
						"X": 0,
						"Y": 5
					},
					"Mobility": 0.85,
					"Delay": 0.85,
					"Acceleration": 1.2,
					"Radius": 5
				},
				{
					"Position": {
						"X": 0,
						"Y": 10
					},
					"Mobility": 0.85,
					"Delay": 0.85,
					"Acceleration": 1.2,
					"Radius": 5
				},
				{
					"Position": {
						"X": 0,
						"Y": 15
					},
					"Mobility": 0.85,
					"Delay": 0.85,
					"Acceleration": 1.2,
					"Radius": 5
				},
				{
					"Position": {
						"X": 0,
						"Y": 20
					},
					"Mobility": 0.85,
					"Delay": 0.85,
					"Acceleration": 1.2,
					"Radius": 5
				},
				{
					"Position": {
						"X": 0,
						"Y": 25
					},
					"Mobility": 0.85,
					"Delay": 0.85,
					"Acceleration": 1.2,
					"Radius": 5
				},
				{
					"Position": {
						"X": 0,
						"Y": 30
					},
					"Mobility": 0.85,
					"Delay": 0.85,
					"Acceleration": 1.2,
					"Radius": 5
				},
				{
					"Position": {
						"X": 0,
						"Y": 35
					},
					"Mobility": 0.85,
					"Delay": 0.85,
					"Acceleration": 1.2,
					"Radius": 5
				},
				{
					"Position": {
						"X": 0,
						"Y": 40
					},
					"Mobility": 0.85,
					"Delay": 0.85,
					"Acceleration": 1.2,
					"Radius": 5
				},
				{
					"Position": {
						"X": 0,
						"Y": 45
					},
					"Mobility": 0.85,
					"Delay": 0.85,
					"Acceleration": 1.2,
					"Radius": 5
				},
				{
					"Position": {
						"X": 0,
						"Y": 50
					},
					"Mobility": 0.85,
					"Delay": 0.85,
					"Acceleration": 1.2,
					"Radius": 5
				}
			],
			"Normalization": {
				"Position": {
					"Minimum": -10,
					"Default": 0,
					"Maximum": 10
				},
				"Angle": {
					"Minimum": -10,
					"Default": 0,
					"Maximum": 10
				}
			}
		},
		{
			"Id": "PhysicsSetting4",
			"Input": [
				{
					"Source": {
						"Target": "Parameter",
						"Id": "PARAM_ANGLE_X"
					},
					"Weight": 60,
					"Type": "X",
					"Reflect": false
				},
				{
					"Source": {
						"Target": "Parameter",
						"Id": "PARAM_ANGLE_Z"
					},
					"Weight": 60,
					"Type": "Angle",
					"Reflect": false
				},
				{
					"Source": {
						"Target": "Parameter",
						"Id": "PARAM_BODY_ANGLE_X"
					},
					"Weight": 40,
					"Type": "X",
					"Reflect": false
				},
				{
					"Source": {
						"Target": "Parameter",
						"Id": "PARAM_BODY_ANGLE_Z"
					},
					"Weight": 40,
					"Type": "Angle",
					"Reflect": false
				}
			],
			"Output": [
				{
					"Destination": {
						"Target": "Parameter",
						"Id": "PARAM_RIBBON"
					},
					"VertexIndex": 1,
					"Scale": 1.5,
					"Weight": 100,
					"Type": "Angle",
					"Reflect": false
				}
			],
			"Vertices": [
				{
					"Position": {
						"X": 0,
						"Y": 0
					},
					"Mobility": 1,
					"Delay": 1,
					"Acceleration": 1,
					"Radius": 0
				},
				{
					"Position": {
						"X": 0,
						"Y": 10.1
					},
					"Mobility": 0.9,
					"Delay": 0.6,
					"Acceleration": 1.5,
					"Radius": 10.1
				}
			],
			"Normalization": {
				"Position": {
					"Minimum": -10,
					"Default": 0,
					"Maximum": 10
				},
				"Angle": {
					"Minimum": -8,
					"Default": 0,
					"Maximum": 8
				}
			}
		},
		{
			"Id": "PhysicsSetting5",
			"Input": [
				{
					"Source": {
						"Target": "Parameter",
						"Id": "PARAM_ANGLE_X"
					},
					"Weight": 30,
					"Type": "X",
					"Reflect": false
				},
				{
					"Source": {
						"Target": "Parameter",
						"Id": "PARAM_ANGLE_Z"
					},
					"Weight": 30,
					"Type": "Angle",
					"Reflect": true
				},
				{
					"Source": {
						"Target": "Parameter",
						"Id": "PARAM_BODY_ANGLE_X"
					},
					"Weight": 20,
					"Type": "X",
					"Reflect": false
				},
				{
					"Source": {
						"Target": "Parameter",
						"Id": "PARAM_BODY_ANGLE_Z"
					},
					"Weight": 40,
					"Type": "Angle",
					"Reflect": true
				},
				{
					"Source": {
						"Target": "Parameter",
						"Id": "PARAM_ANGLE_Y"
					},
					"Weight": 30,
					"Type": "X",
					"Reflect": false
				},
				{
					"Source": {
						"Target": "Parameter",
						"Id": "PARAM_BODY_ANGLE_Y"
					},
					"Weight": 30,
					"Type": "Angle",
					"Reflect": false
				},
				{
					"Source": {
						"Target": "Parameter",
						"Id": "PARAM_BREATH"
					},
					"Weight": 20,
					"Type": "X",
					"Reflect": false
				}
			],
			"Output": [
				{
					"Destination": {
						"Target": "Parameter",
						"Id": "PARAM_HAIR_SIDE"
					},
					"VertexIndex": 1,
					"Scale": 2,
					"Weight": 100,
					"Type": "Angle",
					"Reflect": false
				}
			],
			"Vertices": [
				{
					"Position": {
						"X": 0,
						"Y": 0
					},
					"Mobility": 1,
					"Delay": 1,
					"Acceleration": 1,
					"Radius": 0
				},
				{
					"Position": {
						"X": 0,
						"Y": 15
					},
					"Mobility": 0.95,
					"Delay": 0.8,
					"Acceleration": 1.5,
					"Radius": 15
				}
			],
			"Normalization": {
				"Position": {
					"Minimum": -10,
					"Default": 0,
					"Maximum": 10
				},
				"Angle": {
					"Minimum": -10,
					"Default": 0,
					"Maximum": 10
				}
			}
		},
		{
			"Id": "PhysicsSetting6",
			"Input": [
				{
					"Source": {
						"Target": "Parameter",
						"Id": "PARAM_BODY_ANGLE_X"
					},
					"Weight": 100,
					"Type": "X",
					"Reflect": false
				},
				{
					"Source": {
						"Target": "Parameter",
						"Id": "PARAM_BODY_ANGLE_Z"
					},
					"Weight": 100,
					"Type": "Angle",
					"Reflect": false
				}
			],
			"Output": [
				{
					"Destination": {
						"Target": "Parameter",
						"Id": "PARAM_LINGDAI_ZF"
					},
					"VertexIndex": 1,
					"Scale": 1.2,
					"Weight": 100,
					"Type": "Angle",
					"Reflect": false
				}
			],
			"Vertices": [
				{
					"Position": {
						"X": 0,
						"Y": 0
					},
					"Mobility": 1,
					"Delay": 1,
					"Acceleration": 1,
					"Radius": 0
				},
				{
					"Position": {
						"X": 0,
						"Y": 12.2
					},
					"Mobility": 0.95,
					"Delay": 0.91,
					"Acceleration": 1.5,
					"Radius": 12.2
				}
			],
			"Normalization": {
				"Position": {
					"Minimum": -10,
					"Default": 0,
					"Maximum": 10
				},
				"Angle": {
					"Minimum": -10,
					"Default": 0,
					"Maximum": 10
				}
			}
		},
		{
			"Id": "PhysicsSetting7",
			"Input": [
				{
					"Source": {
						"Target": "Parameter",
						"Id": "PARAM_BODY_ANGLE_X"
					},
					"Weight": 100,
					"Type": "X",
					"Reflect": false
				},
				{
					"Source": {
						"Target": "Parameter",
						"Id": "PARAM_BODY_ANGLE_Z"
					},
					"Weight": 100,
					"Type": "Angle",
					"Reflect": false
				}
			],
			"Output": [
				{
					"Destination": {
						"Target": "Parameter",
						"Id": "PARAM_LINGDAI_L"
					},
					"VertexIndex": 1,
					"Scale": 1.2,
					"Weight": 100,
					"Type": "Angle",
					"Reflect": false
				}
			],
			"Vertices": [
				{
					"Position": {
						"X": 0,
						"Y": 0
					},
					"Mobility": 1,
					"Delay": 1,
					"Acceleration": 1,
					"Radius": 0
				},
				{
					"Position": {
						"X": 0,
						"Y": 15
					},
					"Mobility": 0.95,
					"Delay": 0.8,
					"Acceleration": 1.5,
					"Radius": 15
				}
			],
			"Normalization": {
				"Position": {
					"Minimum": -10,
					"Default": 0,
					"Maximum": 10
				},
				"Angle": {
					"Minimum": -10,
					"Default": 0,
					"Maximum": 10
				}
			}
		},
		{
			"Id": "PhysicsSetting8",
			"Input": [
				{
					"Source": {
						"Target": "Parameter",
						"Id": "PARAM_BODY_ANGLE_X"
					},
					"Weight": 100,
					"Type": "X",
					"Reflect": false
				},
				{
					"Source": {
						"Target": "Parameter",
						"Id": "PARAM_BODY_ANGLE_Z"
					},
					"Weight": 100,
					"Type": "Angle",
					"Reflect": false
				}
			],
			"Output": [
				{
					"Destination": {
						"Target": "Parameter",
						"Id": "PARAM_LINGDAI_R"
					},
					"VertexIndex": 1,
					"Scale": 1.2,
					"Weight": 100,
					"Type": "Angle",
					"Reflect": false
				}
			],
			"Vertices": [
				{
					"Position": {
						"X": 0,
						"Y": 0
					},
					"Mobility": 1,
					"Delay": 1,
					"Acceleration": 1,
					"Radius": 0
				},
				{
					"Position": {
						"X": 0,
						"Y": 15
					},
					"Mobility": 0.95,
					"Delay": 0.8,
					"Acceleration": 1.5,
					"Radius": 15
				}
			],
			"Normalization": {
				"Position": {
					"Minimum": -10,
					"Default": 0,
					"Maximum": 10
				},
				"Angle": {
					"Minimum": -10,
					"Default": 0,
					"Maximum": 10
				}
			}
		},
		{
			"Id": "PhysicsSetting9",
			"Input": [
				{
					"Source": {
						"Target": "Parameter",
						"Id": "PARAM_BODY_ANGLE_X"
					},
					"Weight": 50,
					"Type": "X",
					"Reflect": false
				},
				{
					"Source": {
						"Target": "Parameter",
						"Id": "PARAM_BODY_ANGLE_Z"
					},
					"Weight": 30,
					"Type": "X",
					"Reflect": false
				},
				{
					"Source": {
						"Target": "Parameter",
						"Id": "PARAM_BREATH"
					},
					"Weight": 20,
					"Type": "X",
					"Reflect": false
				}
			],
			"Output": [],
			"Vertices": [
				{
					"Position": {
						"X": 0,
						"Y": 0
					},
					"Mobility": 1,
					"Delay": 1,
					"Acceleration": 1,
					"Radius": 0
				},
				{
					"Position": {
						"X": 0,
						"Y": 10
					},
					"Mobility": 0.95,
					"Delay": 0.9,
					"Acceleration": 2,
					"Radius": 10
				}
			],
			"Normalization": {
				"Position": {
					"Minimum": -10,
					"Default": 0,
					"Maximum": 10
				},
				"Angle": {
					"Minimum": -10,
					"Default": 0,
					"Maximum": 10
				}
			}
		},
		{
			"Id": "PhysicsSetting10",
			"Input": [
				{
					"Source": {
						"Target": "Parameter",
						"Id": "PARAM_BODY_ANGLE_Z"
					},
					"Weight": 20,
					"Type": "X",
					"Reflect": false
				},
				{
					"Source": {
						"Target": "Parameter",
						"Id": "PARAM_BODY_ANGLE_Y"
					},
					"Weight": 50,
					"Type": "X",
					"Reflect": false
				},
				{
					"Source": {
						"Target": "Parameter",
						"Id": "PARAM_BREATH"
					},
					"Weight": 30,
					"Type": "X",
					"Reflect": false
				}
			],
			"Output": [
				{
					"Destination": {
						"Target": "Parameter",
						"Id": "PARAM_BREAST_Y"
					},
					"VertexIndex": 1,
					"Scale": 1,
					"Weight": 100,
					"Type": "Angle",
					"Reflect": false
				}
			],
			"Vertices": [
				{
					"Position": {
						"X": 0,
						"Y": 0
					},
					"Mobility": 1,
					"Delay": 1,
					"Acceleration": 1,
					"Radius": 0
				},
				{
					"Position": {
						"X": 0,
						"Y": 10
					},
					"Mobility": 0.95,
					"Delay": 0.82,
					"Acceleration": 2,
					"Radius": 10
				}
			],
			"Normalization": {
				"Position": {
					"Minimum": -10,
					"Default": 0,
					"Maximum": 10
				},
				"Angle": {
					"Minimum": -10,
					"Default": 0,
					"Maximum": 10
				}
			}
		}
	]
}