{
	"Version": 3,
	"FileReferences": {
		"Moc": "chiguo_B.moc3",
		"Textures": [
			"chiguo_B.1024/texture_00.png",
			"chiguo_B.1024/texture_01.png"
		],
		"Physics": "chiguo_B.physics3.json",
		"Motions": {
			"Act": [
				{
					"File": "act-ev02-act01011-f40101.motion3.json",
					"Sound": "voice/cg_01011.wav"
				},
				{
					"File": "act-ev02-act04-f10201.motion3.json",
					"Sound": "voice/cg_01032.wav"
				}
			],
			"Idle": [
				{
					"File": "body-00.motion3.json"
				},
				{
					"File": "body-01.motion3.json"
				},
				{
					"File": "body-02.motion3.json"
				}
			]
		}
	},
	"Groups": [
		{
			"Target": "Parameter",
			"Name": "LipSync",
			"Ids": [
				"PARAM_MOUTH_OPEN_Y"
			]
		},
		{
			"Target": "Parameter",
			"Name": "EyeBlink",
			"Ids": [
				"PARAM_EYE_L_OPEN",
				"PARAM_EYE_R_OPEN"
			]
		}
	],
	"HitAreas": []
}