{
  "Version": 3,
  "Meta": {
    "Duration": 2.167,
    "Fps": 30.0,
    "Loop": true,
    "AreBeziersRestricted": true,
    "CurveCount": 13,
    "TotalSegmentCount": 45,
    "TotalPointCount": 53,
    "UserDataCount": 2,
    "TotalUserDataSize": 0
  },
  "Curves": [
    {
      "Target": "Parameter",
      "Id": "ParamAngleX",
      "Segments": [
        0,
        -15,
        1,
        0.022,
        -15,
        0.045,
        -16.589,
        0.067,
        -17.171,
        1,
        0.289,
        -22.992,
        0.511,
        -25.461,
        0.733,
        -25.461,
        0,
        1.6,
        -6.908,
        1,
        1.767,
        -6.908,
        1.933,
        -8.597,
        2.1,
        -12.829,
        1,
        2.122,
        -13.393,
        2.145,
        -15,
        2.167,
        -15
      ]
    },
    {
      "Target": "Parameter",
      "Id": "ParamAngleY",
      "Segments": [
        0,
        -30,
        0,
        1,
        -18.125,
        0,
        2.167,
        -30
      ]
    },
    {
      "Target": "Parameter",
      "Id": "ParamEyeLOpen",
      "Segments": [
        0,
        6,
        0,
        0.967,
        3.8,
        0,
        2.167,
        6
      ]
    },
    {
      "Target": "Parameter",
      "Id": "ParamBrowLY",
      "Segments": [
        0,
        0,
        0,
        0.967,
        -1,
        0,
        2.167,
        0
      ]
    },
    {
      "Target": "Parameter",
      "Id": "ParamMouthOpenY",
      "Segments": [
        0,
        0.2,
        0,
        0.967,
        0.85,
        0,
        2.167,
        0.2
      ]
    },
    {
      "Target": "Parameter",
      "Id": "ParamHairFront",
      "Segments": [
        0,
        0,
        0,
        0.5,
        -0.2,
        0,
        1.5,
        0.2,
        0,
        2.167,
        0
      ]
    },
    {
      "Target": "Parameter",
      "Id": "ParamBreath",
      "Segments": [
        0,
        0,
        0,
        0.033,
        0.105,
        0,
        0.067,
        0.043,
        0,
        0.1,
        0.2,
        0,
        0.133,
        0.1,
        0,
        0.167,
        0.3,
        0,
        0.2,
        0.2,
        0,
        0.233,
        0.4,
        0,
        0.267,
        0.3,
        0,
        0.3,
        0.5,
        0,
        0.333,
        0.4,
        0,
        0.367,
        0.6,
        0,
        0.4,
        0.5,
        0,
        0.433,
        0.7,
        0,
        0.467,
        0.6,
        0,
        0.5,
        0.8,
        0,
        0.533,
        0.7,
        0,
        0.567,
        0.895,
        0,
        0.6,
        0.8,
        0,
        0.667,
        1,
        2,
        0.867,
        1,
        0,
        2.167,
        0
      ]
    },
    {
      "Target": "Parameter",
      "Id": "Param_head",
      "Segments": [
        0,
        0,
        0,
        0.967,
        -18,
        0,
        2.167,
        0
      ]
    },
    {
      "Target": "Parameter",
      "Id": "ParamBodyAngleX",
      "Segments": [
        0,
        0,
        0,
        2.167,
        0
      ]
    },
    {
      "Target": "Parameter",
      "Id": "ParamEyeBallY",
      "Segments": [
        0,
        -1,
        0,
        2.167,
        -1
      ]
    },
    {
      "Target": "Parameter",
      "Id": "ParamMouthForm",
      "Segments": [
        0,
        -1,
        0,
        2.167,
        -1
      ]
    },
    {
      "Target": "Parameter",
      "Id": "ParamHairSide",
      "Segments": [
        0,
        0,
        0,
        2.167,
        0
      ]
    },
    {
      "Target": "Parameter",
      "Id": "ParamHairBack",
      "Segments": [
        0,
        0,
        0,
        2.167,
        0
      ]
    }
  ],
  "UserData": [
    {
      "Time": 0.733333349,
      "Value": ""
    },
    {
      "Time": 2.13333344,
      "Value": ""
    }
  ]
}