{
  "Version": 3,
  "Meta": {
    "Duration": 2.167,
    "Fps": 30.0,
    "Loop": true,
    "AreBeziersRestricted": true,
    "CurveCount": 13,
    "TotalSegmentCount": 33,
    "TotalPointCount": 53,
    "UserDataCount": 1,
    "TotalUserDataSize": 0
  },
  "Curves": [
    {
      "Target": "Parameter",
      "Id": "ParamAngleX",
      "Segments": [
        0,
        -15,
        0,
        0.4,
        30,
        0,
        1.4,
        -30,
        1,
        1.633,
        -30,
        1.867,
        -22.396,
        2.1,
        -5,
        1,
        2.122,
        -3.343,
        2.145,
        0,
        2.167,
        0
      ]
    },
    {
      "Target": "Parameter",
      "Id": "ParamAngleY",
      "Segments": [
        0,
        -30,
        0,
        0.133,
        30,
        0,
        0.733,
        -30,
        0,
        2.167,
        30
      ]
    },
    {
      "Target": "Parameter",
      "Id": "ParamEyeLOpen",
      "Segments": [
        0,
        6,
        0,
        0.3,
        10,
        0,
        0.733,
        5.7,
        0,
        2.167,
        6
      ]
    },
    {
      "Target": "Parameter",
      "Id": "ParamBrowLY",
      "Segments": [
        0,
        0,
        0,
        0.3,
        -1,
        0,
        2.167,
        0
      ]
    },
    {
      "Target": "Parameter",
      "Id": "ParamMouthOpenY",
      "Segments": [
        0,
        0.2,
        0,
        0.3,
        0.85,
        0,
        2.167,
        0.5
      ]
    },
    {
      "Target": "Parameter",
      "Id": "ParamHairFront",
      "Segments": [
        0,
        0,
        1,
        0.011,
        0,
        0.022,
        0.102,
        0.033,
        0.145,
        1,
        0.189,
        0.738,
        0.344,
        1,
        0.5,
        1,
        0,
        1.467,
        -1,
        1,
        1.689,
        -1,
        1.911,
        -0.716,
        2.133,
        -0.1,
        1,
        2.144,
        -0.069,
        2.156,
        0,
        2.167,
        0
      ]
    },
    {
      "Target": "Parameter",
      "Id": "ParamBreath",
      "Segments": [
        0,
        0,
        0,
        0.3,
        0.5,
        0,
        2.167,
        0
      ]
    },
    {
      "Target": "Parameter",
      "Id": "ParamHairBack",
      "Segments": [
        0,
        0,
        1,
        0.011,
        0,
        0.022,
        -2.073,
        0.033,
        -2.868,
        1,
        0.233,
        -17.169,
        0.433,
        -23.71,
        0.633,
        -23.71,
        0,
        1.6,
        15.914,
        1,
        1.767,
        15.914,
        1.933,
        12.097,
        2.1,
        3.128,
        1,
        2.122,
        1.932,
        2.145,
        0,
        2.167,
        0
      ]
    },
    {
      "Target": "Parameter",
      "Id": "Param_head",
      "Segments": [
        0,
        0,
        0,
        0.3,
        -30,
        0,
        2.167,
        0
      ]
    },
    {
      "Target": "Parameter",
      "Id": "ParamBodyAngleX",
      "Segments": [
        0,
        0,
        0,
        2.167,
        0
      ]
    },
    {
      "Target": "Parameter",
      "Id": "ParamEyeBallY",
      "Segments": [
        0,
        -1,
        0,
        2.167,
        -1
      ]
    },
    {
      "Target": "Parameter",
      "Id": "ParamMouthForm",
      "Segments": [
        0,
        -1,
        0,
        2.167,
        -1
      ]
    },
    {
      "Target": "Parameter",
      "Id": "ParamHairSide",
      "Segments": [
        0,
        0,
        0,
        2.167,
        0
      ]
    }
  ],
  "UserData": [
    {
      "Time": 2.13333344,
      "Value": ""
    }
  ]
}