{
  "Version": 3,
  "Meta": {
    "Duration": 2.167,
    "Fps": 30.0,
    "Loop": true,
    "AreBeziersRestricted": true,
    "CurveCount": 14,
    "TotalSegmentCount": 80,
    "TotalPointCount": 92,
    "UserDataCount": 2,
    "TotalUserDataSize": 0
  },
  "Curves": [
    {
      "Target": "Parameter",
      "Id": "ParamAngleX",
      "Segments": [
        0,
        -15,
        0,
        0.333,
        30,
        0,
        0.833,
        0,
        0,
        1.167,
        30,
        0,
        1.5,
        0,
        0,
        1.833,
        30,
        0,
        2.167,
        0
      ]
    },
    {
      "Target": "Parameter",
      "Id": "ParamAngleY",
      "Segments": [
        0,
        -30,
        0,
        0.333,
        30,
        0,
        0.667,
        -18,
        0,
        1.033,
        15,
        0,
        1.333,
        0,
        0,
        1.667,
        30,
        0,
        2,
        0,
        1,
        2.044,
        0,
        2.089,
        2.627,
        2.133,
        10,
        1,
        2.144,
        11.843,
        2.156,
        15,
        2.167,
        15
      ]
    },
    {
      "Target": "Parameter",
      "Id": "ParamBodyAngleX",
      "Segments": [
        0,
        0,
        0,
        0.433,
        8.8,
        0,
        0.733,
        4.3,
        1,
        0.833,
        4.3,
        0.933,
        5.257,
        1.033,
        7.7,
        1,
        1.055,
        8.243,
        1.078,
        9,
        1.1,
        9,
        0,
        1.167,
        8,
        0,
        1.233,
        10,
        0,
        1.3,
        9,
        0,
        1.367,
        10,
        0,
        1.433,
        8,
        0,
        1.5,
        10,
        0,
        1.567,
        8,
        0,
        1.633,
        10,
        0,
        1.7,
        8,
        0,
        1.767,
        10,
        0,
        1.833,
        8,
        0,
        1.9,
        10,
        0,
        1.967,
        8,
        0,
        2.033,
        10,
        0,
        2.1,
        8,
        0,
        2.167,
        10
      ]
    },
    {
      "Target": "Parameter",
      "Id": "ParamEyeLOpen",
      "Segments": [
        0,
        6,
        0,
        0.167,
        0,
        2,
        0.667,
        0,
        0,
        0.967,
        1.776,
        0,
        1.433,
        0,
        2,
        2.167,
        0
      ]
    },
    {
      "Target": "Parameter",
      "Id": "ParamEyeBallY",
      "Segments": [
        0,
        -1,
        2,
        0.167,
        -1,
        0,
        0.5,
        1,
        1,
        0.611,
        1,
        0.722,
        0.951,
        0.833,
        0.461,
        1,
        1,
        -0.276,
        1.166,
        -1,
        1.333,
        -1,
        2,
        2.167,
        -1
      ]
    },
    {
      "Target": "Parameter",
      "Id": "ParamBrowLY",
      "Segments": [
        0,
        0,
        0,
        0.167,
        -1,
        2,
        2.167,
        -1
      ]
    },
    {
      "Target": "Parameter",
      "Id": "ParamMouthOpenY",
      "Segments": [
        0,
        0.2,
        2,
        0.033,
        0.2,
        0,
        0.367,
        1,
        2,
        0.667,
        1,
        0,
        1.167,
        0,
        0,
        2.167,
        0.1
      ]
    },
    {
      "Target": "Parameter",
      "Id": "ParamBreath",
      "Segments": [
        0,
        0,
        0,
        0.4,
        1,
        0,
        0.833,
        0.5,
        0,
        1.033,
        0.7,
        0,
        1.167,
        0.6,
        0,
        1.3,
        0.8,
        0,
        1.433,
        0.713,
        0,
        1.533,
        0.9,
        0,
        1.6,
        0.8,
        0,
        1.667,
        1,
        0,
        1.733,
        0.813,
        0,
        1.8,
        0.913,
        0,
        1.867,
        0.713,
        0,
        1.933,
        0.813,
        0,
        2,
        0.613,
        0,
        2.067,
        0.713,
        0,
        2.167,
        0.5
      ]
    },
    {
      "Target": "Parameter",
      "Id": "ParamHairBack",
      "Segments": [
        0,
        0,
        0,
        0.3,
        30,
        0,
        0.667,
        8,
        0,
        1.233,
        26,
        0,
        2.167,
        20
      ]
    },
    {
      "Target": "Parameter",
      "Id": "Param_head",
      "Segments": [
        0,
        0,
        0,
        0.333,
        -30,
        0,
        0.733,
        5.707,
        0,
        0.967,
        0,
        2,
        2.167,
        0
      ]
    },
    {
      "Target": "Parameter",
      "Id": "ParamMouthForm",
      "Segments": [
        0,
        -1,
        0,
        2.167,
        -1
      ]
    },
    {
      "Target": "Parameter",
      "Id": "ParamHairFront",
      "Segments": [
        0,
        0,
        0,
        2.167,
        0
      ]
    },
    {
      "Target": "Parameter",
      "Id": "ParamHairSide",
      "Segments": [
        0,
        0,
        0,
        2.167,
        0
      ]
    },
    {
      "Target": "Parameter",
      "Id": "Param_Bleath",
      "Segments": [
        0,
        0,
        0,
        2.167,
        0
      ]
    }
  ],
  "UserData": [
    {
      "Time": 0.333333343,
      "Value": ""
    },
    {
      "Time": 2.13333344,
      "Value": ""
    }
  ]
}