{
  "Version": 3,
  "Meta": {
    "Duration": 1.33333337,
    "Fps": 30.0,
    "Loop": true,
    "AreBeziersRestricted": true,
    "CurveCount": 14,
    "TotalSegmentCount": 62,
    "TotalPointCount": 70,
    "UserDataCount": 3,
    "TotalUserDataSize": 0
  },
  "Curves": [
    {
      "Target": "Parameter",
      "Id": "ParamAngleX",
      "Segments": [
        0,
        0,
        0,
        0.333,
        30,
        0,
        0.667,
        0,
        0,
        1,
        30,
        0,
        1.333,
        0
      ]
    },
    {
      "Target": "Parameter",
      "Id": "ParamAngleY",
      "Segments": [
        0,
        15,
        1,
        0.011,
        15,
        0.022,
        18.157,
        0.033,
        20,
        1,
        0.078,
        27.373,
        0.122,
        30,
        0.167,
        30,
        0,
        0.5,
        0,
        0,
        0.833,
        30,
        0,
        1.167,
        0,
        1,
        1.211,
        0,
        1.256,
        2.627,
        1.3,
        10,
        1,
        1.311,
        11.843,
        1.322,
        15,
        1.333,
        15
      ]
    },
    {
      "Target": "Parameter",
      "Id": "ParamBodyAngleX",
      "Segments": [
        0,
        10,
        0,
        0.067,
        8,
        0,
        0.133,
        10,
        0,
        0.2,
        8,
        0,
        0.267,
        10,
        0,
        0.333,
        8,
        0,
        0.4,
        10,
        0,
        0.467,
        8,
        0,
        0.533,
        10,
        0,
        0.6,
        8,
        0,
        0.667,
        10,
        0,
        0.733,
        8,
        0,
        0.8,
        10,
        0,
        0.867,
        8,
        0,
        0.933,
        10,
        0,
        1,
        8,
        0,
        1.067,
        10,
        0,
        1.133,
        8,
        0,
        1.2,
        10,
        0,
        1.267,
        8,
        0,
        1.333,
        10
      ]
    },
    {
      "Target": "Parameter",
      "Id": "ParamBreath",
      "Segments": [
        0,
        0.5,
        0,
        0.067,
        0.713,
        0,
        0.133,
        0.613,
        0,
        0.167,
        0.813,
        0,
        0.233,
        0.713,
        0,
        0.3,
        0.913,
        0,
        0.4,
        0.713,
        0,
        0.467,
        0.813,
        0,
        0.533,
        0.613,
        0,
        0.6,
        0.713,
        0,
        0.667,
        0.5,
        0,
        0.733,
        0.713,
        0,
        0.8,
        0.613,
        0,
        0.833,
        0.813,
        0,
        0.9,
        0.713,
        0,
        0.967,
        0.913,
        0,
        1.067,
        0.713,
        0,
        1.133,
        0.813,
        0,
        1.2,
        0.613,
        0,
        1.267,
        0.713,
        0,
        1.333,
        0.5
      ]
    },
    {
      "Target": "Parameter",
      "Id": "ParamEyeLOpen",
      "Segments": [
        0,
        0,
        0,
        1.333,
        0
      ]
    },
    {
      "Target": "Parameter",
      "Id": "ParamEyeBallY",
      "Segments": [
        0,
        -1,
        0,
        1.333,
        -1
      ]
    },
    {
      "Target": "Parameter",
      "Id": "ParamBrowLY",
      "Segments": [
        0,
        -1,
        0,
        1.333,
        -1
      ]
    },
    {
      "Target": "Parameter",
      "Id": "ParamMouthForm",
      "Segments": [
        0,
        -1,
        0,
        1.333,
        -1
      ]
    },
    {
      "Target": "Parameter",
      "Id": "ParamMouthOpenY",
      "Segments": [
        0,
        0.1,
        0,
        1.333,
        0.1
      ]
    },
    {
      "Target": "Parameter",
      "Id": "ParamHairFront",
      "Segments": [
        0,
        0,
        0,
        1.333,
        0
      ]
    },
    {
      "Target": "Parameter",
      "Id": "ParamHairSide",
      "Segments": [
        0,
        0,
        0,
        1.333,
        0
      ]
    },
    {
      "Target": "Parameter",
      "Id": "ParamHairBack",
      "Segments": [
        0,
        20,
        0,
        1.333,
        20
      ]
    },
    {
      "Target": "Parameter",
      "Id": "Param_head",
      "Segments": [
        0,
        0,
        0,
        1.333,
        0
      ]
    },
    {
      "Target": "Parameter",
      "Id": "Param_Bleath",
      "Segments": [
        0,
        0,
        0,
        1.333,
        0
      ]
    }
  ],
  "UserData": [
    {
      "Time": 0.166666672,
      "Value": ""
    },
    {
      "Time": 0.8333333,
      "Value": ""
    },
    {
      "Time": 1.33333337,
      "Value": ""
    }
  ]
}