{
  "Version": 3,
  "Meta": {
    "Duration": 2.167,
    "Fps": 30.0,
    "Loop": true,
    "AreBeziersRestricted": true,
    "CurveCount": 13,
    "TotalSegmentCount": 29,
    "TotalPointCount": 45,
    "UserDataCount": 3,
    "TotalUserDataSize": 0
  },
  "Curves": [
    {
      "Target": "Parameter",
      "Id": "ParamAngleX",
      "Segments": [
        0,
        0,
        1,
        0.011,
        0,
        0.022,
        0.825,
        0.033,
        2,
        1,
        0.211,
        20.803,
        0.389,
        30,
        0.567,
        30,
        0,
        1.4,
        -30,
        1,
        1.633,
        -30,
        1.867,
        -22.396,
        2.1,
        -5,
        1,
        2.122,
        -3.343,
        2.145,
        0,
        2.167,
        0
      ]
    },
    {
      "Target": "Parameter",
      "Id": "ParamAngleY",
      "Segments": [
        0,
        30,
        0,
        0.733,
        -30,
        0,
        2.167,
        30
      ]
    },
    {
      "Target": "Parameter",
      "Id": "ParamBodyAngleX",
      "Segments": [
        0,
        0,
        0,
        1,
        3.3,
        0,
        2.167,
        0
      ]
    },
    {
      "Target": "Parameter",
      "Id": "ParamEyeLOpen",
      "Segments": [
        0,
        6,
        0,
        1,
        4.9,
        0,
        2.167,
        6
      ]
    },
    {
      "Target": "Parameter",
      "Id": "ParamBrowLY",
      "Segments": [
        0,
        0,
        0,
        0.767,
        -1,
        0,
        2.167,
        0
      ]
    },
    {
      "Target": "Parameter",
      "Id": "ParamMouthOpenY",
      "Segments": [
        0,
        0.5,
        0,
        1.033,
        0.3,
        0,
        2.167,
        0.5
      ]
    },
    {
      "Target": "Parameter",
      "Id": "ParamHairFront",
      "Segments": [
        0,
        0,
        1,
        0.011,
        0,
        0.022,
        0.102,
        0.033,
        0.145,
        1,
        0.189,
        0.738,
        0.344,
        1,
        0.5,
        1,
        0,
        1.467,
        -1,
        1,
        1.689,
        -1,
        1.911,
        -0.716,
        2.133,
        -0.1,
        1,
        2.144,
        -0.069,
        2.156,
        0,
        2.167,
        0
      ]
    },
    {
      "Target": "Parameter",
      "Id": "ParamHairBack",
      "Segments": [
        0,
        0,
        0,
        1.067,
        -9.795,
        0,
        2.167,
        0
      ]
    },
    {
      "Target": "Parameter",
      "Id": "Param_head",
      "Segments": [
        0,
        0,
        0,
        1,
        -30,
        0,
        2.167,
        0
      ]
    },
    {
      "Target": "Parameter",
      "Id": "ParamEyeBallY",
      "Segments": [
        0,
        -1,
        0,
        2.167,
        -1
      ]
    },
    {
      "Target": "Parameter",
      "Id": "ParamMouthForm",
      "Segments": [
        0,
        -1,
        0,
        2.167,
        -1
      ]
    },
    {
      "Target": "Parameter",
      "Id": "ParamHairSide",
      "Segments": [
        0,
        0,
        0,
        2.167,
        0
      ]
    },
    {
      "Target": "Parameter",
      "Id": "ParamBreath",
      "Segments": [
        0,
        0,
        0,
        2.167,
        0
      ]
    }
  ],
  "UserData": [
    {
      "Time": 0.2,
      "Value": ""
    },
    {
      "Time": 0.233333334,
      "Value": ""
    },
    {
      "Time": 2.13333344,
      "Value": ""
    }
  ]
}