{
  "Version": 3,
  "Meta": {
    "Duration": 0.767,
    "Fps": 30.0,
    "Loop": true,
    "AreBeziersRestricted": true,
    "CurveCount": 3,
    "TotalSegmentCount": 7,
    "TotalPointCount": 7,
    "UserDataCount": 3,
    "TotalUserDataSize": 0
  },
  "Curves": [
    {
      "Target": "Parameter",
      "Id": "ParamEyeBallY",
      "Segments": [
        0,
        0,
        0,
        0.467,
        1,
        0,
        0.767,
        0
      ]
    },
    {
      "Target": "Parameter",
      "Id": "ParamMouthOpenY",
      "Segments": [
        0,
        0.5,
        0,
        0.2,
        1,
        0,
        0.767,
        0.5
      ]
    },
    {
      "Target": "Parameter",
      "Id": "ParamBreath",
      "Segments": [
        0,
        0,
        0,
        0.2,
        1,
        0,
        0.767,
        0
      ]
    }
  ],
  "UserData": [
    {
      "Time": 0.0333333351,
      "Value": ""
    },
    {
      "Time": 0.06666667,
      "Value": ""
    },
    {
      "Time": 0.733333349,
      "Value": ""
    }
  ]
}