{
  "Version": 3,
  "Meta": {
    "Duration": 1.333,
    "Fps": 30.0,
    "Loop": true,
    "AreBeziersRestricted": true,
    "CurveCount": 14,
    "TotalSegmentCount": 64,
    "TotalPointCount": 76,
    "UserDataCount": 3,
    "TotalUserDataSize": 0
  },
  "Curves": [
    {
      "Target": "Parameter",
      "Id": "ParamAngleX",
      "Segments": [
        0,
        0,
        0,
        0.333,
        30,
        0,
        0.667,
        0,
        0,
        1,
        30,
        0,
        1.333,
        0
      ]
    },
    {
      "Target": "Parameter",
      "Id": "ParamAngleY",
      "Segments": [
        0,
        15,
        1,
        0.011,
        15,
        0.022,
        22.097,
        0.033,
        24.474,
        1,
        0.055,
        29.228,
        0.078,
        30,
        0.1,
        30,
        0,
        0.4,
        -30,
        0,
        0.733,
        30,
        0,
        1.133,
        -30,
        1,
        1.189,
        -30,
        1.244,
        -22.162,
        1.3,
        0,
        1,
        1.311,
        4.432,
        1.322,
        15,
        1.333,
        15
      ]
    },
    {
      "Target": "Parameter",
      "Id": "ParamBodyAngleX",
      "Segments": [
        0,
        10,
        0,
        0.067,
        8,
        0,
        0.133,
        10,
        0,
        0.2,
        8,
        0,
        0.267,
        10,
        0,
        0.333,
        8,
        0,
        0.4,
        10,
        0,
        0.467,
        8,
        0,
        0.533,
        10,
        0,
        0.6,
        8,
        0,
        0.667,
        10,
        0,
        0.733,
        8,
        0,
        0.8,
        10,
        0,
        0.867,
        8,
        0,
        0.933,
        10,
        0,
        1,
        8,
        0,
        1.067,
        10,
        0,
        1.133,
        8,
        0,
        1.2,
        10,
        0,
        1.267,
        8,
        0,
        1.333,
        10
      ]
    },
    {
      "Target": "Parameter",
      "Id": "ParamEyeLOpen",
      "Segments": [
        0,
        1.5,
        0,
        0.633,
        3,
        0,
        1.333,
        1.5
      ]
    },
    {
      "Target": "Parameter",
      "Id": "ParamBreath",
      "Segments": [
        0,
        0.5,
        0,
        0.067,
        1,
        0,
        0.133,
        0.713,
        0,
        0.233,
        0.913,
        0,
        0.3,
        0.5,
        0,
        0.4,
        0.713,
        0,
        0.5,
        0.25,
        0,
        0.567,
        0.355,
        0,
        0.633,
        0,
        0,
        0.767,
        1,
        0,
        0.833,
        0.713,
        0,
        0.9,
        0.913,
        0,
        0.967,
        0.5,
        0,
        1.067,
        0.713,
        0,
        1.133,
        0.25,
        0,
        1.2,
        0.355,
        0,
        1.267,
        0,
        1,
        1.278,
        0,
        1.289,
        0.04,
        1.3,
        0.2,
        1,
        1.311,
        0.36,
        1.322,
        0.5,
        1.333,
        0.5
      ]
    },
    {
      "Target": "Parameter",
      "Id": "ParamHairBack",
      "Segments": [
        0,
        20,
        0,
        0.1,
        30,
        0,
        0.667,
        20,
        0,
        0.767,
        30,
        0,
        1.333,
        20
      ]
    },
    {
      "Target": "Parameter",
      "Id": "ParamEyeBallY",
      "Segments": [
        0,
        0,
        0,
        1.333,
        0
      ]
    },
    {
      "Target": "Parameter",
      "Id": "ParamBrowLY",
      "Segments": [
        0,
        -1,
        0,
        1.333,
        -1
      ]
    },
    {
      "Target": "Parameter",
      "Id": "ParamMouthForm",
      "Segments": [
        0,
        -1,
        0,
        1.333,
        -1
      ]
    },
    {
      "Target": "Parameter",
      "Id": "ParamMouthOpenY",
      "Segments": [
        0,
        1,
        0,
        1.333,
        1
      ]
    },
    {
      "Target": "Parameter",
      "Id": "ParamHairFront",
      "Segments": [
        0,
        0,
        0,
        1.333,
        0
      ]
    },
    {
      "Target": "Parameter",
      "Id": "ParamHairSide",
      "Segments": [
        0,
        0,
        0,
        1.333,
        0
      ]
    },
    {
      "Target": "Parameter",
      "Id": "Param_head",
      "Segments": [
        0,
        0,
        0,
        1.333,
        0
      ]
    },
    {
      "Target": "Parameter",
      "Id": "Param_Bleath",
      "Segments": [
        0,
        0,
        0,
        1.333,
        0
      ]
    }
  ],
  "UserData": [
    {
      "Time": 0.06666667,
      "Value": ""
    },
    {
      "Time": 0.733333349,
      "Value": ""
    },
    {
      "Time": 1.3,
      "Value": ""
    }
  ]
}