{
  "Version": 3,
  "Meta": {
    "Duration": 1.733,
    "Fps": 30.0,
    "Loop": true,
    "AreBeziersRestricted": true,
    "CurveCount": 14,
    "TotalSegmentCount": 51,
    "TotalPointCount": 85,
    "UserDataCount": 2,
    "TotalUserDataSize": 0
  },
  "Curves": [
    {
      "Target": "Parameter",
      "Id": "ParamAngleX",
      "Segments": [
        0,
        0,
        1,
        0.011,
        0,
        0.022,
        0.572,
        0.033,
        2,
        1,
        0.178,
        20.564,
        0.322,
        30,
        0.467,
        30,
        0,
        1.233,
        -30,
        1,
        1.4,
        -30,
        1.566,
        -21.439,
        1.733,
        -3
      ]
    },
    {
      "Target": "Parameter",
      "Id": "ParamAngleY",
      "Segments": [
        0,
        30,
        0,
        0.733,
        -30,
        1,
        1.066,
        -30,
        1.4,
        26.192,
        1.733,
        29.817
      ]
    },
    {
      "Target": "Parameter",
      "Id": "ParamBodyAngleX",
      "Segments": [
        0,
        0,
        0,
        1,
        3.3,
        1,
        1.244,
        3.3,
        1.489,
        0.281,
        1.733,
        0.018
      ]
    },
    {
      "Target": "Parameter",
      "Id": "ParamEyeLOpen",
      "Segments": [
        0,
        6,
        1,
        0.011,
        6,
        0.022,
        5.457,
        0.033,
        5.2,
        1,
        0.133,
        2.884,
        0.233,
        1.9,
        0.333,
        1.9,
        0,
        1,
        6.7,
        1,
        1.244,
        6.7,
        1.489,
        6.06,
        1.733,
        6.004
      ]
    },
    {
      "Target": "Parameter",
      "Id": "ParamBrowLY",
      "Segments": [
        0,
        0,
        0,
        0.767,
        -1,
        1,
        1.089,
        -1,
        1.411,
        -0.066,
        1.733,
        -0.003
      ]
    },
    {
      "Target": "Parameter",
      "Id": "ParamMouthOpenY",
      "Segments": [
        0,
        0.7,
        0,
        0.367,
        1,
        2,
        0.967,
        1,
        1,
        1.222,
        1,
        1.478,
        0.724,
        1.733,
        0.702
      ]
    },
    {
      "Target": "Parameter",
      "Id": "ParamHairFront",
      "Segments": [
        0,
        0,
        1,
        0.011,
        0,
        0.022,
        0.102,
        0.033,
        0.145,
        1,
        0.189,
        0.738,
        0.344,
        1,
        0.5,
        1,
        0,
        1.467,
        -1,
        1,
        1.556,
        -1,
        1.644,
        -0.21,
        1.733,
        -0.034
      ]
    },
    {
      "Target": "Parameter",
      "Id": "ParamBreath",
      "Segments": [
        0,
        0,
        0,
        0.033,
        0.2,
        0,
        0.067,
        0.1,
        0,
        0.1,
        0.3,
        0,
        0.133,
        0.2,
        0,
        0.167,
        0.4,
        0,
        0.2,
        0.3,
        0,
        0.233,
        0.5,
        0,
        0.267,
        0.4,
        0,
        0.3,
        0.6,
        0,
        0.333,
        0.5,
        0,
        0.367,
        0.7,
        0,
        0.4,
        0.6,
        0,
        0.433,
        0.8,
        0,
        0.467,
        0.7,
        0,
        0.5,
        0.9,
        0,
        0.533,
        0.8,
        0,
        0.567,
        1,
        0,
        0.6,
        0.9,
        0,
        0.633,
        1,
        1,
        1,
        1,
        1.366,
        0.058,
        1.733,
        0.003
      ]
    },
    {
      "Target": "Parameter",
      "Id": "ParamHairBack",
      "Segments": [
        0,
        0,
        0,
        0.633,
        -17.965,
        1,
        0.811,
        -17.965,
        0.989,
        -17.232,
        1.167,
        -12.174,
        1,
        1.356,
        -6.8,
        1.544,
        -0.718,
        1.733,
        -0.059
      ]
    },
    {
      "Target": "Parameter",
      "Id": "Param_head",
      "Segments": [
        0,
        0,
        0,
        0.467,
        -30,
        1,
        0.889,
        -30,
        1.311,
        -1.519,
        1.733,
        -0.058
      ]
    },
    {
      "Target": "Parameter",
      "Id": "ParamEyeBallY",
      "Segments": [
        0,
        -1,
        0,
        1.733,
        -1
      ]
    },
    {
      "Target": "Parameter",
      "Id": "ParamMouthForm",
      "Segments": [
        0,
        -1,
        0,
        1.733,
        -1
      ]
    },
    {
      "Target": "Parameter",
      "Id": "ParamHairSide",
      "Segments": [
        0,
        0,
        0,
        1.733,
        0
      ]
    },
    {
      "Target": "Parameter",
      "Id": "Param_Bleath",
      "Segments": [
        0,
        0,
        0,
        1.733,
        0
      ]
    }
  ],
  "UserData": [
    {
      "Time": 0.13333334,
      "Value": ""
    },
    {
      "Time": 1.7,
      "Value": ""
    }
  ]
}