{
  "Version": 3,
  "Meta": {
    "Duration": 2.5,
    "Fps": 30.0,
    "Loop": true,
    "AreBeziersRestricted": true,
    "CurveCount": 14,
    "TotalSegmentCount": 76,
    "TotalPointCount": 92,
    "UserDataCount": 4,
    "TotalUserDataSize": 0
  },
  "Curves": [
    {
      "Target": "Parameter",
      "Id": "ParamAngleX",
      "Segments": [
        0,
        0,
        1,
        0.011,
        0,
        0.022,
        2.553,
        0.033,
        4.737,
        1,
        0.122,
        22.21,
        0.211,
        30,
        0.3,
        30,
        0,
        0.767,
        -30,
        0,
        1.233,
        30,
        0,
        2,
        -30,
        0,
        2.5,
        0
      ]
    },
    {
      "Target": "Parameter",
      "Id": "ParamAngleY",
      "Segments": [
        0,
        30,
        0,
        0.5,
        -30,
        0,
        1.067,
        30,
        0,
        1.7,
        -30,
        0,
        2.5,
        30
      ]
    },
    {
      "Target": "Parameter",
      "Id": "ParamBodyAngleX",
      "Segments": [
        0,
        0,
        0,
        1.767,
        3.3,
        0,
        2.5,
        0
      ]
    },
    {
      "Target": "Parameter",
      "Id": "ParamEyeLOpen",
      "Segments": [
        0,
        6,
        0,
        0.2,
        0,
        0,
        0.767,
        4,
        0,
        0.867,
        0,
        0,
        1.767,
        6.7,
        0,
        2.5,
        6
      ]
    },
    {
      "Target": "Parameter",
      "Id": "ParamBrowLY",
      "Segments": [
        0,
        0,
        0,
        0.233,
        -1,
        2,
        1.533,
        -1,
        0,
        2.5,
        0
      ]
    },
    {
      "Target": "Parameter",
      "Id": "ParamMouthOpenY",
      "Segments": [
        0,
        0.7,
        0,
        0.233,
        1,
        2,
        2.033,
        1,
        0,
        2.5,
        0.7
      ]
    },
    {
      "Target": "Parameter",
      "Id": "ParamHairFront",
      "Segments": [
        0,
        0,
        1,
        0.011,
        0,
        0.022,
        0.05,
        0.033,
        0.145,
        1,
        0.1,
        0.716,
        0.166,
        1,
        0.233,
        1,
        0,
        0.8,
        -1,
        0,
        1.267,
        1,
        0,
        2.233,
        -1,
        0,
        2.5,
        0
      ]
    },
    {
      "Target": "Parameter",
      "Id": "ParamBreath",
      "Segments": [
        0,
        0,
        0,
        0.033,
        0.3,
        0,
        0.067,
        0.1,
        0,
        0.1,
        0.6,
        0,
        0.133,
        0.4,
        0,
        0.167,
        0.9,
        0,
        0.2,
        0.7,
        0,
        0.233,
        1,
        1,
        0.3,
        1,
        0.366,
        0.927,
        0.433,
        0.7,
        1,
        0.444,
        0.662,
        0.456,
        0.4,
        0.467,
        0.4,
        0,
        0.5,
        0.6,
        0,
        0.533,
        0.4,
        0,
        0.567,
        0.5,
        0,
        0.833,
        0.1,
        0,
        0.867,
        0.3,
        0,
        0.9,
        0.2,
        0,
        0.933,
        0.4,
        0,
        0.967,
        0.3,
        0,
        1,
        0.5,
        0,
        1.033,
        0.4,
        0,
        1.067,
        0.6,
        0,
        1.1,
        0.5,
        0,
        1.133,
        0.7,
        0,
        1.167,
        0.6,
        0,
        1.2,
        0.8,
        0,
        1.233,
        0.7,
        0,
        1.267,
        0.9,
        0,
        1.3,
        0.8,
        0,
        1.333,
        1,
        0,
        1.367,
        0.9,
        0,
        1.4,
        1,
        0,
        2.5,
        0
      ]
    },
    {
      "Target": "Parameter",
      "Id": "ParamHairBack",
      "Segments": [
        0,
        0,
        0,
        0.133,
        -30,
        0,
        0.733,
        7.306,
        0,
        0.9,
        -21.193,
        0,
        1.233,
        -3,
        0,
        1.4,
        -17.965,
        1,
        1.578,
        -17.965,
        1.755,
        -17.279,
        1.933,
        -12.174,
        1,
        2.122,
        -6.75,
        2.311,
        0,
        2.5,
        0
      ]
    },
    {
      "Target": "Parameter",
      "Id": "Param_head",
      "Segments": [
        0,
        0,
        0,
        0.433,
        -30,
        0,
        0.8,
        -20.724,
        0,
        1.233,
        -30,
        0,
        2.5,
        0
      ]
    },
    {
      "Target": "Parameter",
      "Id": "ParamEyeBallY",
      "Segments": [
        0,
        -1,
        0,
        2.5,
        -1
      ]
    },
    {
      "Target": "Parameter",
      "Id": "ParamMouthForm",
      "Segments": [
        0,
        -1,
        0,
        2.5,
        -1
      ]
    },
    {
      "Target": "Parameter",
      "Id": "ParamHairSide",
      "Segments": [
        0,
        0,
        0,
        2.5,
        0
      ]
    },
    {
      "Target": "Parameter",
      "Id": "Param_Bleath",
      "Segments": [
        0,
        0,
        0,
        2.5,
        0
      ]
    }
  ],
  "UserData": [
    {
      "Time": 0.0,
      "Value": ""
    },
    {
      "Time": 0.0333333351,
      "Value": ""
    },
    {
      "Time": 1.36666667,
      "Value": ""
    },
    {
      "Time": 2.4666667,
      "Value": ""
    }
  ]
}