{
  "Version": 3,
  "Meta": {
    "Duration": 2.667,
    "Fps": 30.0,
    "Loop": true,
    "AreBeziersRestricted": true,
    "CurveCount": 14,
    "TotalSegmentCount": 146,
    "TotalPointCount": 170,
    "UserDataCount": 6,
    "TotalUserDataSize": 0
  },
  "Curves": [
    {
      "Target": "Parameter",
      "Id": "ParamAngleX",
      "Segments": [
        0,
        0,
        0,
        0.333,
        30,
        0,
        0.667,
        0,
        0,
        1,
        30,
        0,
        1.333,
        0,
        0,
        1.667,
        30,
        0,
        2,
        0,
        0,
        2.333,
        30,
        0,
        2.667,
        0
      ]
    },
    {
      "Target": "Parameter",
      "Id": "ParamAngleY",
      "Segments": [
        0,
        15,
        1,
        0.011,
        15,
        0.022,
        22.097,
        0.033,
        24.474,
        1,
        0.055,
        29.228,
        0.078,
        30,
        0.1,
        30,
        0,
        0.4,
        -30,
        0,
        0.733,
        30,
        0,
        1.133,
        -30,
        1,
        1.189,
        -30,
        1.244,
        -20.684,
        1.3,
        0,
        1,
        1.311,
        4.137,
        1.322,
        11.139,
        1.333,
        15,
        1,
        1.344,
        18.861,
        1.356,
        22.344,
        1.367,
        24.474,
        1,
        1.389,
        28.734,
        1.411,
        30,
        1.433,
        30,
        0,
        1.733,
        -30,
        0,
        2.067,
        30,
        0,
        2.467,
        -30,
        1,
        2.522,
        -30,
        2.578,
        -22.162,
        2.633,
        0,
        1,
        2.644,
        4.432,
        2.656,
        15,
        2.667,
        15
      ]
    },
    {
      "Target": "Parameter",
      "Id": "ParamBodyAngleX",
      "Segments": [
        0,
        10,
        0,
        0.067,
        8,
        0,
        0.133,
        10,
        0,
        0.2,
        8,
        0,
        0.267,
        10,
        0,
        0.333,
        8,
        0,
        0.4,
        10,
        0,
        0.467,
        8,
        0,
        0.533,
        10,
        0,
        0.6,
        8,
        0,
        0.667,
        10,
        0,
        0.733,
        8,
        0,
        0.8,
        10,
        0,
        0.867,
        8,
        0,
        0.933,
        10,
        0,
        1,
        8,
        0,
        1.067,
        10,
        0,
        1.133,
        8,
        0,
        1.2,
        10,
        0,
        1.267,
        8,
        0,
        1.333,
        10,
        0,
        1.4,
        8,
        0,
        1.467,
        10,
        0,
        1.533,
        8,
        0,
        1.6,
        10,
        0,
        1.667,
        8,
        0,
        1.733,
        10,
        0,
        1.8,
        8,
        0,
        1.867,
        10,
        0,
        1.933,
        8,
        0,
        2,
        10,
        0,
        2.067,
        8,
        0,
        2.133,
        10,
        0,
        2.2,
        8,
        0,
        2.267,
        10,
        0,
        2.333,
        8,
        0,
        2.4,
        10,
        0,
        2.467,
        8,
        0,
        2.533,
        10,
        0,
        2.6,
        8,
        0,
        2.667,
        10
      ]
    },
    {
      "Target": "Parameter",
      "Id": "ParamEyeLOpen",
      "Segments": [
        0,
        1.5,
        0,
        0.633,
        3,
        0,
        1.333,
        1.5,
        0,
        1.967,
        3,
        0,
        2.667,
        1.5
      ]
    },
    {
      "Target": "Parameter",
      "Id": "ParamHairFront",
      "Segments": [
        0,
        0,
        0,
        0.067,
        0.5,
        0,
        0.233,
        -1,
        0,
        0.467,
        1,
        0,
        0.7,
        -1,
        0,
        0.933,
        1,
        0,
        1.333,
        -1,
        0,
        1.667,
        1,
        0,
        2,
        0,
        2,
        2.667,
        0
      ]
    },
    {
      "Target": "Parameter",
      "Id": "ParamBreath",
      "Segments": [
        0,
        0.5,
        0,
        0.067,
        0.713,
        0,
        0.133,
        0.613,
        0,
        0.167,
        0.813,
        0,
        0.233,
        0.713,
        0,
        0.3,
        0.913,
        0,
        0.4,
        0.713,
        0,
        0.467,
        0.813,
        0,
        0.533,
        0.613,
        0,
        0.6,
        0.713,
        0,
        0.667,
        0.5,
        0,
        0.733,
        0.713,
        0,
        0.8,
        0.613,
        0,
        0.833,
        0.813,
        0,
        0.9,
        0.713,
        0,
        0.967,
        0.913,
        0,
        1.067,
        0.713,
        0,
        1.133,
        0.813,
        0,
        1.2,
        0.613,
        0,
        1.267,
        0.713,
        0,
        1.333,
        0.5,
        0,
        1.4,
        0.713,
        0,
        1.467,
        0.613,
        0,
        1.5,
        0.813,
        0,
        1.567,
        0.713,
        0,
        1.633,
        0.913,
        0,
        1.733,
        0.713,
        0,
        1.8,
        0.813,
        0,
        1.867,
        0.613,
        0,
        1.933,
        0.713,
        0,
        2,
        0.5,
        0,
        2.067,
        0.713,
        0,
        2.133,
        0.613,
        0,
        2.167,
        0.813,
        0,
        2.233,
        0.713,
        0,
        2.3,
        0.913,
        0,
        2.4,
        0.713,
        0,
        2.467,
        0.813,
        0,
        2.533,
        0.613,
        0,
        2.6,
        0.713,
        0,
        2.667,
        0.5
      ]
    },
    {
      "Target": "Parameter",
      "Id": "ParamHairBack",
      "Segments": [
        0,
        20,
        0,
        0.067,
        1,
        0,
        0.267,
        30,
        0,
        0.533,
        -9.652,
        0,
        0.733,
        30,
        0,
        1.2,
        2,
        0,
        1.333,
        30,
        0,
        2,
        20,
        0,
        2.1,
        30,
        0,
        2.667,
        20
      ]
    },
    {
      "Target": "Parameter",
      "Id": "Param_head",
      "Segments": [
        0,
        0,
        0,
        0.067,
        8,
        0,
        0.3,
        -30,
        0,
        0.533,
        18.158,
        0,
        0.733,
        -20.526,
        0,
        1.2,
        10.263,
        0,
        1.333,
        -10,
        0,
        2,
        0,
        2,
        2.667,
        0
      ]
    },
    {
      "Target": "Parameter",
      "Id": "Param_Bleath",
      "Segments": [
        0,
        0,
        2,
        0.333,
        0,
        1,
        0.444,
        10,
        0.556,
        20,
        0.667,
        30,
        1,
        0.778,
        40,
        0.889,
        50,
        1,
        60,
        2,
        1.5,
        60,
        1,
        1.611,
        70,
        1.722,
        80,
        1.833,
        90,
        2,
        2.167,
        90,
        1,
        2.278,
        100,
        2.389,
        110,
        2.5,
        120,
        2,
        2.667,
        120
      ]
    },
    {
      "Target": "Parameter",
      "Id": "ParamEyeBallY",
      "Segments": [
        0,
        0,
        0,
        2.667,
        0
      ]
    },
    {
      "Target": "Parameter",
      "Id": "ParamBrowLY",
      "Segments": [
        0,
        -1,
        0,
        2.667,
        -1
      ]
    },
    {
      "Target": "Parameter",
      "Id": "ParamMouthForm",
      "Segments": [
        0,
        -1,
        0,
        2.667,
        -1
      ]
    },
    {
      "Target": "Parameter",
      "Id": "ParamMouthOpenY",
      "Segments": [
        0,
        1,
        0,
        2.667,
        1
      ]
    },
    {
      "Target": "Parameter",
      "Id": "ParamHairSide",
      "Segments": [
        0,
        0,
        0,
        2.667,
        0
      ]
    }
  ],
  "UserData": [
    {
      "Time": 0.0333333351,
      "Value": ""
    },
    {
      "Time": 0.166666672,
      "Value": ""
    },
    {
      "Time": 0.8666667,
      "Value": ""
    },
    {
      "Time": 1.5,
      "Value": ""
    },
    {
      "Time": 2.3,
      "Value": ""
    },
    {
      "Time": 2.63333344,
      "Value": ""
    }
  ]
}