{
  "Version": 3,
  "Meta": {
    "Duration": 1.5,
    "Fps": 30.0,
    "Loop": true,
    "AreBeziersRestricted": true,
    "CurveCount": 14,
    "TotalSegmentCount": 41,
    "TotalPointCount": 57,
    "UserDataCount": 1,
    "TotalUserDataSize": 0
  },
  "Curves": [
    {
      "Target": "Parameter",
      "Id": "ParamAngleX",
      "Segments": [
        0,
        0,
        1,
        0.011,
        0,
        0.022,
        6.306,
        0.033,
        10,
        1,
        0.078,
        24.777,
        0.122,
        30,
        0.167,
        30,
        0,
        0.433,
        -30,
        0,
        0.667,
        17.763,
        0,
        0.867,
        -28,
        0,
        1.033,
        -7.895,
        0,
        1.133,
        -20.132,
        0,
        1.233,
        -13,
        0,
        1.5,
        -15
      ]
    },
    {
      "Target": "Parameter",
      "Id": "ParamAngleY",
      "Segments": [
        0,
        15,
        1,
        0.011,
        15,
        0.022,
        18.633,
        0.033,
        20.921,
        1,
        0.066,
        27.785,
        0.1,
        30,
        0.133,
        30,
        0,
        0.4,
        -30,
        0,
        0.7,
        15,
        0,
        1,
        -30,
        0,
        1.233,
        -18.947,
        0,
        1.5,
        -30
      ]
    },
    {
      "Target": "Parameter",
      "Id": "ParamBodyAngleX",
      "Segments": [
        0,
        10,
        0,
        1.5,
        0
      ]
    },
    {
      "Target": "Parameter",
      "Id": "ParamEyeLOpen",
      "Segments": [
        0,
        0,
        0,
        1.5,
        6
      ]
    },
    {
      "Target": "Parameter",
      "Id": "ParamBrowLY",
      "Segments": [
        0,
        -1,
        0,
        1.5,
        0
      ]
    },
    {
      "Target": "Parameter",
      "Id": "ParamMouthOpenY",
      "Segments": [
        0,
        0.1,
        0,
        0.167,
        0,
        2,
        0.733,
        0,
        0,
        1.5,
        0.2
      ]
    },
    {
      "Target": "Parameter",
      "Id": "ParamBreath",
      "Segments": [
        0,
        0.5,
        1,
        0.011,
        0.5,
        0.022,
        0.553,
        0.033,
        0.6,
        1,
        0.1,
        0.88,
        0.166,
        1,
        0.233,
        1,
        0,
        0.633,
        0,
        0,
        0.967,
        0.243,
        0,
        1.5,
        0
      ]
    },
    {
      "Target": "Parameter",
      "Id": "ParamHairBack",
      "Segments": [
        0,
        20,
        1,
        0.011,
        20,
        0.022,
        22.869,
        0.033,
        24,
        1,
        0.078,
        28.522,
        0.122,
        30,
        0.167,
        30,
        0,
        0.567,
        -4,
        0,
        0.9,
        3,
        0,
        1.5,
        0
      ]
    },
    {
      "Target": "Parameter",
      "Id": "Param_head",
      "Segments": [
        0,
        0,
        0,
        0.1,
        -30,
        0,
        0.667,
        3,
        0,
        1.5,
        0
      ]
    },
    {
      "Target": "Parameter",
      "Id": "ParamEyeBallY",
      "Segments": [
        0,
        -1,
        0,
        1.5,
        -1
      ]
    },
    {
      "Target": "Parameter",
      "Id": "ParamMouthForm",
      "Segments": [
        0,
        -1,
        0,
        1.5,
        -1
      ]
    },
    {
      "Target": "Parameter",
      "Id": "ParamHairFront",
      "Segments": [
        0,
        0,
        0,
        1.5,
        0
      ]
    },
    {
      "Target": "Parameter",
      "Id": "ParamHairSide",
      "Segments": [
        0,
        0,
        0,
        1.5,
        0
      ]
    },
    {
      "Target": "Parameter",
      "Id": "Param_Bleath",
      "Segments": [
        0,
        0,
        0,
        1.5,
        0
      ]
    }
  ],
  "UserData": [
    {
      "Time": 1.4666667,
      "Value": ""
    }
  ]
}