{
  "Version": 3,
  "Meta": {
    "Duration": 2.167,
    "Fps": 30.0,
    "Loop": true,
    "AreBeziersRestricted": true,
    "CurveCount": 13,
    "TotalSegmentCount": 54,
    "TotalPointCount": 78,
    "UserDataCount": 2,
    "TotalUserDataSize": 0
  },
  "Curves": [
    {
      "Target": "Parameter",
      "Id": "ParamAngleX",
      "Segments": [
        0,
        0,
        1,
        0.011,
        0,
        0.022,
        7.049,
        0.033,
        10,
        1,
        0.089,
        24.757,
        0.144,
        30,
        0.2,
        30,
        0,
        0.467,
        -30,
        0,
        0.767,
        10,
        0,
        1,
        -23,
        0,
        1.233,
        -2,
        0,
        1.433,
        -19,
        0,
        1.7,
        -10,
        0,
        1.933,
        -18,
        0,
        2.167,
        -15
      ]
    },
    {
      "Target": "Parameter",
      "Id": "ParamAngleY",
      "Segments": [
        0,
        30,
        0,
        0.3,
        -26,
        0,
        0.6,
        11,
        0,
        1,
        -30,
        0,
        1.3,
        -8,
        0,
        1.667,
        -30,
        0,
        1.933,
        -24,
        0,
        2.167,
        -30
      ]
    },
    {
      "Target": "Parameter",
      "Id": "ParamBodyAngleX",
      "Segments": [
        0,
        0,
        0,
        0.167,
        3.4,
        0,
        0.467,
        0,
        0,
        0.7,
        1.6,
        0,
        1,
        0,
        0,
        1.333,
        0.9,
        0,
        1.667,
        0,
        0,
        1.933,
        0.3,
        0,
        2.167,
        0
      ]
    },
    {
      "Target": "Parameter",
      "Id": "ParamEyeLOpen",
      "Segments": [
        0,
        6,
        0,
        0.267,
        0,
        2,
        0.967,
        0,
        0,
        2.167,
        6
      ]
    },
    {
      "Target": "Parameter",
      "Id": "ParamBrowLY",
      "Segments": [
        0,
        0,
        0,
        0.767,
        -1,
        0,
        2.167,
        0
      ]
    },
    {
      "Target": "Parameter",
      "Id": "ParamMouthOpenY",
      "Segments": [
        0,
        0.5,
        1,
        0.011,
        0.5,
        0.022,
        0.57,
        0.033,
        0.6,
        1,
        0.1,
        0.782,
        0.166,
        0.85,
        0.233,
        0.85,
        2,
        0.6,
        0.85,
        0,
        2.167,
        0.2
      ]
    },
    {
      "Target": "Parameter",
      "Id": "ParamHairFront",
      "Segments": [
        0,
        0,
        1,
        0.011,
        0,
        0.022,
        0.102,
        0.033,
        0.145,
        1,
        0.189,
        0.738,
        0.344,
        1,
        0.5,
        1,
        0,
        1.467,
        -1,
        1,
        1.689,
        -1,
        1.911,
        -0.716,
        2.133,
        -0.1,
        1,
        2.144,
        -0.069,
        2.156,
        0,
        2.167,
        0
      ]
    },
    {
      "Target": "Parameter",
      "Id": "ParamBreath",
      "Segments": [
        0,
        0,
        0,
        0.5,
        0.6,
        0,
        2.167,
        0
      ]
    },
    {
      "Target": "Parameter",
      "Id": "ParamHairBack",
      "Segments": [
        0,
        0,
        1,
        0.022,
        0,
        0.045,
        -1.981,
        0.067,
        -5,
        1,
        0.145,
        -15.567,
        0.222,
        -20.44,
        0.3,
        -20.44,
        0,
        0.9,
        8,
        0,
        1.4,
        -5,
        0,
        1.833,
        2,
        0,
        2.167,
        0
      ]
    },
    {
      "Target": "Parameter",
      "Id": "Param_head",
      "Segments": [
        0,
        0,
        1,
        0.011,
        0,
        0.022,
        -3.203,
        0.033,
        -6,
        1,
        0.1,
        -22.783,
        0.166,
        -30,
        0.233,
        -30,
        0,
        2.167,
        0
      ]
    },
    {
      "Target": "Parameter",
      "Id": "ParamEyeBallY",
      "Segments": [
        0,
        -1,
        0,
        2.167,
        -1
      ]
    },
    {
      "Target": "Parameter",
      "Id": "ParamMouthForm",
      "Segments": [
        0,
        -1,
        0,
        2.167,
        -1
      ]
    },
    {
      "Target": "Parameter",
      "Id": "ParamHairSide",
      "Segments": [
        0,
        0,
        0,
        2.167,
        0
      ]
    }
  ],
  "UserData": [
    {
      "Time": 0.0333333351,
      "Value": ""
    },
    {
      "Time": 2.13333344,
      "Value": ""
    }
  ]
}