{
  "Version": 3,
  "Meta": {
    "Duration": 6.067,
    "Fps": 30.0,
    "Loop": true,
    "AreBeziersRestricted": true,
    "CurveCount": 4,
    "TotalSegmentCount": 42,
    "TotalPointCount": 50,
    "UserDataCount": 13,
    "TotalUserDataSize": 0
  },
  "Curves": [
    {
      "Target": "Parameter",
      "Id": "ParamAngleX",
      "Segments": [
        0,
        25.5,
        0,
        0.567,
        30,
        0,
        1.233,
        14.211,
        0,
        1.6,
        30,
        0,
        2.267,
        15,
        0,
        3.6,
        30,
        0,
        4.267,
        14.211,
        0,
        4.633,
        30,
        0,
        5.3,
        15,
        0,
        6.067,
        25.5
      ]
    },
    {
      "Target": "Parameter",
      "Id": "ParamEyeLOpen",
      "Segments": [
        0,
        2,
        0,
        0.3,
        5.948,
        0,
        1.1,
        0.701,
        0,
        1.467,
        5.948,
        0,
        2.2,
        0.701,
        0,
        2.567,
        5.948,
        0,
        2.967,
        0,
        0,
        3.333,
        5.948,
        0,
        4.133,
        0.701,
        0,
        4.5,
        5.948,
        0,
        5.233,
        0.701,
        0,
        5.6,
        5.948,
        0,
        6.067,
        2
      ]
    },
    {
      "Target": "Parameter",
      "Id": "ParamEyeBallY",
      "Segments": [
        0,
        0,
        1,
        0.011,
        0,
        0.022,
        -3.13,
        0.033,
        -6,
        1,
        0.078,
        -17.478,
        0.122,
        -22.105,
        0.167,
        -22.105,
        0,
        0.5,
        21.26,
        0,
        0.833,
        -30,
        0,
        1.133,
        21.26,
        0,
        1.4,
        -16.974,
        0,
        2,
        26,
        0,
        2.367,
        -22.105,
        0,
        2.8,
        26,
        0,
        3.1,
        -16.974,
        0,
        3.433,
        16,
        0,
        3.767,
        -30,
        0,
        4.1,
        29.842,
        0,
        4.467,
        -16.974,
        0,
        4.967,
        21.26,
        0,
        5.533,
        -30,
        0,
        5.9,
        21,
        1,
        5.944,
        21,
        5.989,
        17.781,
        6.033,
        8,
        1,
        6.044,
        5.555,
        6.056,
        0,
        6.067,
        0
      ]
    },
    {
      "Target": "Parameter",
      "Id": "ParamAngleY",
      "Segments": [
        0,
        -30,
        0,
        6.067,
        -30
      ]
    }
  ],
  "UserData": [
    {
      "Time": 0.0333333351,
      "Value": ""
    },
    {
      "Time": 0.466666669,
      "Value": ""
    },
    {
      "Time": 1.13333333,
      "Value": ""
    },
    {
      "Time": 1.33333337,
      "Value": ""
    },
    {
      "Time": 1.9666667,
      "Value": ""
    },
    {
      "Time": 2.5333333,
      "Value": ""
    },
    {
      "Time": 3.1,
      "Value": ""
    },
    {
      "Time": 3.4333334,
      "Value": ""
    },
    {
      "Time": 4.0,
      "Value": ""
    },
    {
      "Time": 4.4666667,
      "Value": ""
    },
    {
      "Time": 4.9333334,
      "Value": ""
    },
    {
      "Time": 5.5333333,
      "Value": ""
    },
    {
      "Time": 6.0333333,
      "Value": ""
    }
  ]
}