{
  "Version": 3,
  "Meta": {
    "Duration": 2.0,
    "Fps": 30.0,
    "Loop": true,
    "AreBeziersRestricted": true,
    "CurveCount": 4,
    "TotalSegmentCount": 8,
    "TotalPointCount": 14,
    "UserDataCount": 0,
    "TotalUserDataSize": 0
  },
  "Curves": [
    {
      "Target": "Parameter",
      "Id": "ParamAngleX",
      "Segments": [
        0,
        0,
        0,
        0.5,
        3,
        1,
        1,
        3,
        1.5,
        0.129,
        2,
        0.004
      ]
    },
    {
      "Target": "Parameter",
      "Id": "ParamAngleY",
      "Segments": [
        0,
        0,
        0,
        0.667,
        -8,
        1,
        1.111,
        -8,
        1.556,
        -0.385,
        2,
        -0.014
      ]
    },
    {
      "Target": "Parameter",
      "Id": "ParamEyeLOpen",
      "Segments": [
        0,
        2,
        0,
        0.767,
        4,
        1,
        1.178,
        4,
        1.589,
        2.104,
        2,
        2.004
      ]
    },
    {
      "Target": "Parameter",
      "Id": "ParamEyeBallY",
      "Segments": [
        0,
        0,
        0,
        2,
        0
      ]
    }
  ],
  "UserData": []
}