{
  "Version": 3,
  "Meta": {
    "Duration": 3.0,
    "Fps": 30.0,
    "Loop": true,
    "AreBeziersRestricted": true,
    "CurveCount": 4,
    "TotalSegmentCount": 19,
    "TotalPointCount": 27,
    "UserDataCount": 1,
    "TotalUserDataSize": 0
  },
  "Curves": [
    {
      "Target": "Parameter",
      "Id": "ParamAngleX",
      "Segments": [
        0,
        0,
        0,
        0.2,
        30,
        0,
        1.433,
        0,
        0,
        2,
        9.868,
        0,
        2.733,
        0,
        2,
        3,
        0
      ]
    },
    {
      "Target": "Parameter",
      "Id": "ParamAngleY",
      "Segments": [
        0,
        0,
        0,
        0.267,
        -30,
        1,
        0.711,
        -30,
        1.156,
        -30.363,
        1.6,
        -24.371,
        1,
        2.067,
        -18.079,
        2.533,
        -0.828,
        3,
        -0.029
      ]
    },
    {
      "Target": "Parameter",
      "Id": "ParamEyeLOpen",
      "Segments": [
        0,
        2,
        0,
        0.233,
        0,
        0,
        2.1,
        4,
        1,
        2.4,
        4,
        2.7,
        2.14,
        3,
        2.007
      ]
    },
    {
      "Target": "Parameter",
      "Id": "ParamEyeBallY",
      "Segments": [
        0,
        0,
        0,
        0.333,
        16,
        0,
        0.833,
        -8,
        0,
        1.2,
        5,
        0,
        1.633,
        -5,
        0,
        2,
        2,
        0,
        2.467,
        -3.776,
        1,
        2.645,
        -3.776,
        2.822,
        -0.431,
        3,
        -0.038
      ]
    }
  ],
  "UserData": [
    {
      "Time": 2.9333334,
      "Value": ""
    }
  ]
}