{
  "Version": 3,
  "Meta": {
    "Duration": 3.0,
    "Fps": 30.0,
    "Loop": true,
    "AreBeziersRestricted": true,
    "CurveCount": 4,
    "TotalSegmentCount": 17,
    "TotalPointCount": 21,
    "UserDataCount": 1,
    "TotalUserDataSize": 0
  },
  "Curves": [
    {
      "Target": "Parameter",
      "Id": "ParamAngleX",
      "Segments": [
        0,
        25.5,
        0,
        0.2,
        30,
        2,
        1.433,
        30,
        0,
        3,
        25.5
      ]
    },
    {
      "Target": "Parameter",
      "Id": "ParamAngleY",
      "Segments": [
        0,
        0,
        0,
        0.267,
        -30,
        0,
        1.6,
        -24.371,
        0,
        3,
        -30
      ]
    },
    {
      "Target": "Parameter",
      "Id": "ParamEyeLOpen",
      "Segments": [
        0,
        2,
        0,
        0.233,
        0,
        0,
        1.9,
        5.199,
        1,
        2.267,
        5.199,
        2.633,
        2.185,
        3,
        2.008
      ]
    },
    {
      "Target": "Parameter",
      "Id": "ParamEyeBallY",
      "Segments": [
        0,
        0,
        0,
        0.333,
        16,
        0,
        0.833,
        -8,
        0,
        1.2,
        5,
        0,
        1.633,
        -5,
        0,
        2,
        2,
        0,
        2.467,
        -3.776,
        1,
        2.645,
        -3.776,
        2.822,
        -0.431,
        3,
        -0.038
      ]
    }
  ],
  "UserData": [
    {
      "Time": 1.93333328,
      "Value": ""
    }
  ]
}