{
  "Version": 3,
  "Meta": {
    "Duration": 3.0,
    "Fps": 30.0,
    "Loop": true,
    "AreBeziersRestricted": true,
    "CurveCount": 4,
    "TotalSegmentCount": 17,
    "TotalPointCount": 21,
    "UserDataCount": 1,
    "TotalUserDataSize": 0
  },
  "Curves": [
    {
      "Target": "Parameter",
      "Id": "ParamAngleX",
      "Segments": [
        0,
        25.5,
        0,
        0.2,
        30,
        2,
        1.433,
        30,
        0,
        3,
        25.5
      ]
    },
    {
      "Target": "Parameter",
      "Id": "ParamAngleY",
      "Segments": [
        0,
        0,
        0,
        0.267,
        -30,
        0,
        1.6,
        -24.371,
        0,
        3,
        -30
      ]
    },
    {
      "Target": "Parameter",
      "Id": "ParamEyeLOpen",
      "Segments": [
        0,
        2,
        0,
        0.233,
        6.1,
        0,
        0.667,
        0,
        1,
        1.445,
        0,
        2.222,
        1.944,
        3,
        1.999
      ]
    },
    {
      "Target": "Parameter",
      "Id": "ParamEyeBallY",
      "Segments": [
        0,
        0,
        0,
        0.333,
        -22.588,
        0,
        0.867,
        16.173,
        0,
        1.2,
        -10.455,
        0,
        1.633,
        7.14,
        0,
        2.033,
        -10.455,
        0,
        2.5,
        3.57,
        1,
        2.667,
        3.57,
        2.833,
        0.432,
        3,
        0.04
      ]
    }
  ],
  "UserData": [
    {
      "Time": 1.93333328,
      "Value": ""
    }
  ]
}