{
  "Version": 3,
  "Meta": {
    "Duration": 3.0,
    "Fps": 30.0,
    "Loop": true,
    "AreBeziersRestricted": true,
    "CurveCount": 4,
    "TotalSegmentCount": 24,
    "TotalPointCount": 28,
    "UserDataCount": 2,
    "TotalUserDataSize": 0
  },
  "Curves": [
    {
      "Target": "Parameter",
      "Id": "ParamAngleX",
      "Segments": [
        0,
        0,
        2,
        0.233,
        0,
        2,
        1.433,
        0,
        0,
        2,
        9.868,
        0,
        2.733,
        0,
        2,
        3,
        0
      ]
    },
    {
      "Target": "Parameter",
      "Id": "ParamAngleY",
      "Segments": [
        0,
        0,
        0,
        0.4,
        20,
        0,
        1.167,
        0,
        2,
        3,
        0
      ]
    },
    {
      "Target": "Parameter",
      "Id": "ParamEyeLOpen",
      "Segments": [
        0,
        2,
        2,
        0.267,
        2,
        0,
        0.6,
        4,
        0,
        1.1,
        2,
        0,
        2.1,
        4,
        1,
        2.4,
        4,
        2.7,
        2.14,
        3,
        2.007
      ]
    },
    {
      "Target": "Parameter",
      "Id": "ParamEyeBallY",
      "Segments": [
        0,
        0,
        0,
        0.167,
        -11,
        0,
        0.367,
        30,
        0,
        0.733,
        -30,
        0,
        1.1,
        16,
        0,
        1.433,
        -10,
        0,
        1.733,
        7.105,
        0,
        1.933,
        -6,
        0,
        2.233,
        4,
        0,
        2.533,
        -3,
        1,
        2.689,
        -3,
        2.844,
        -0.387,
        3,
        -0.038
      ]
    }
  ],
  "UserData": [
    {
      "Time": 1.86666667,
      "Value": ""
    },
    {
      "Time": 2.9333334,
      "Value": ""
    }
  ]
}