{
  "Version": 3,
  "Meta": {
    "Duration": 3.033,
    "Fps": 30.0,
    "Loop": true,
    "AreBeziersRestricted": true,
    "CurveCount": 4,
    "TotalSegmentCount": 31,
    "TotalPointCount": 39,
    "UserDataCount": 8,
    "TotalUserDataSize": 0
  },
  "Curves": [
    {
      "Target": "Parameter",
      "Id": "ParamAngleX",
      "Segments": [
        0,
        25.5,
        0,
        0.333,
        30,
        0,
        0.567,
        16,
        0,
        0.833,
        30,
        0,
        1.233,
        14.211,
        0,
        1.6,
        30,
        0,
        2.267,
        15,
        0,
        3.033,
        25.5
      ]
    },
    {
      "Target": "Parameter",
      "Id": "ParamEyeLOpen",
      "Segments": [
        0,
        2,
        0,
        0.3,
        10,
        0,
        0.567,
        0,
        0,
        0.767,
        10,
        0,
        1,
        0,
        0,
        1.467,
        7.632,
        0,
        2.2,
        0.701,
        0,
        2.567,
        5.948,
        0,
        2.967,
        0,
        0,
        3.033,
        2
      ]
    },
    {
      "Target": "Parameter",
      "Id": "ParamEyeBallY",
      "Segments": [
        0,
        0,
        1,
        0.011,
        0,
        0.022,
        -4.116,
        0.033,
        -7,
        1,
        0.066,
        -15.651,
        0.1,
        -18.553,
        0.133,
        -18.553,
        0,
        0.367,
        30,
        0,
        0.733,
        -30,
        0,
        1.1,
        16,
        0,
        1.433,
        -18.553,
        0,
        1.7,
        16,
        0,
        1.933,
        -13.421,
        0,
        2.233,
        9.474,
        0,
        2.533,
        -18.553,
        0,
        2.867,
        16,
        1,
        2.911,
        16,
        2.956,
        12.413,
        3,
        4,
        1,
        3.011,
        1.897,
        3.022,
        0,
        3.033,
        0
      ]
    },
    {
      "Target": "Parameter",
      "Id": "ParamAngleY",
      "Segments": [
        0,
        -30,
        0,
        3.033,
        -30
      ]
    }
  ],
  "UserData": [
    {
      "Time": 0.0333333351,
      "Value": ""
    },
    {
      "Time": 0.266666681,
      "Value": ""
    },
    {
      "Time": 0.6666667,
      "Value": ""
    },
    {
      "Time": 1.0,
      "Value": ""
    },
    {
      "Time": 1.43333328,
      "Value": ""
    },
    {
      "Time": 2.0333333,
      "Value": ""
    },
    {
      "Time": 2.4666667,
      "Value": ""
    },
    {
      "Time": 3.0,
      "Value": ""
    }
  ]
}