{
  "Version": 3,
  "Meta": {
    "Duration": 3.0,
    "Fps": 30.0,
    "Loop": true,
    "AreBeziersRestricted": true,
    "CurveCount": 4,
    "TotalSegmentCount": 19,
    "TotalPointCount": 27,
    "UserDataCount": 2,
    "TotalUserDataSize": 0
  },
  "Curves": [
    {
      "Target": "Parameter",
      "Id": "ParamAngleX",
      "Segments": [
        0,
        0,
        0,
        0.2,
        30,
        0,
        1.433,
        0,
        0,
        2,
        9.868,
        0,
        2.733,
        0,
        2,
        3,
        0
      ]
    },
    {
      "Target": "Parameter",
      "Id": "ParamAngleY",
      "Segments": [
        0,
        0,
        0,
        0.267,
        -30,
        1,
        0.711,
        -30,
        1.156,
        -30.363,
        1.6,
        -24.371,
        1,
        2.067,
        -18.079,
        2.533,
        -0.828,
        3,
        -0.029
      ]
    },
    {
      "Target": "Parameter",
      "Id": "ParamEyeLOpen",
      "Segments": [
        0,
        2,
        0,
        0.233,
        6.1,
        0,
        0.667,
        0,
        1,
        1.445,
        0,
        2.222,
        1.944,
        3,
        1.999
      ]
    },
    {
      "Target": "Parameter",
      "Id": "ParamEyeBallY",
      "Segments": [
        0,
        0,
        0,
        0.333,
        -20.881,
        0,
        0.833,
        9.636,
        0,
        1.2,
        -7.842,
        0,
        1.633,
        5.278,
        0,
        2,
        -3.776,
        0,
        2.467,
        1.659,
        1,
        2.645,
        1.659,
        2.822,
        0.189,
        3,
        0.017
      ]
    }
  ],
  "UserData": [
    {
      "Time": 1.93333328,
      "Value": ""
    },
    {
      "Time": 2.9666667,
      "Value": ""
    }
  ]
}