{
  "Version": 3,
  "Meta": {
    "Duration": 2.0,
    "Fps": 30.0,
    "Loop": true,
    "AreBeziersRestricted": true,
    "CurveCount": 4,
    "TotalSegmentCount": 11,
    "TotalPointCount": 19,
    "UserDataCount": 2,
    "TotalUserDataSize": 0
  },
  "Curves": [
    {
      "Target": "Parameter",
      "Id": "ParamAngleX",
      "Segments": [
        0,
        15,
        0,
        0.5,
        25.5,
        2,
        0.833,
        25.5,
        2,
        1.167,
        25.5,
        1,
        1.445,
        25.5,
        1.722,
        15.792,
        2,
        15.045
      ]
    },
    {
      "Target": "Parameter",
      "Id": "ParamEyeLOpen",
      "Segments": [
        0,
        2,
        1,
        0.011,
        2,
        0.022,
        2.144,
        0.033,
        2.2,
        1,
        0.278,
        3.431,
        0.522,
        4,
        0.767,
        4,
        0,
        1.7,
        1.4,
        1,
        1.8,
        1.4,
        1.9,
        1.551,
        2,
        1.9
      ]
    },
    {
      "Target": "Parameter",
      "Id": "ParamAngleY",
      "Segments": [
        0,
        -30,
        0,
        2,
        -30
      ]
    },
    {
      "Target": "Parameter",
      "Id": "ParamEyeBallY",
      "Segments": [
        0,
        0,
        0,
        2,
        0
      ]
    }
  ],
  "UserData": [
    {
      "Time": 0.6333333,
      "Value": ""
    },
    {
      "Time": 1.9666667,
      "Value": ""
    }
  ]
}