{
  "Version": 3,
  "FileReferences": {
    "Moc": "sharedassets15.assets.moc3",
    "Textures": [
      "textures/texture_00.png"
     
    ],
    "Physics": null,
    "Motions": {
      "": [
        {
          "File": "motions/01kokyu.motion3.json"
        },
        {
          "File": "motions/01kokyuB.motion3.json"
        },
        {
          "File": "motions/02start.motion3.json"
        },
        {
          "File": "motions/03honban.motion3.json"
        },
        {
          "File": "motions/04zettyo.motion3.json"
        },
        {
          "File": "motions/01kokyu.motion3.json"
        },
        {
          "File": "motions/02honban.motion3.json"
        },
        {
          "File": "motions/03spurt.motion3.json"
        },
        {
          "File": "motions/04finish.motion3.json"
        },
        {
          "File": "motions/01kokyu.motion3.json"
        },
        {
          "File": "motions/01kokyuZ.motion3.json"
        },
        {
          "File": "motions/02zengi.motion3.json"
        },
        {
          "File": "motions/03sounyu.motion3.json"
        },
        {
          "File": "motions/03sounyuZ.motion3.json"
        },
        {
          "File": "motions/04honban.motion3.json"
        },
        {
          "File": "motions/05spurt0.motion3.json"
        },
        {
          "File": "motions/06spurt1.motion3.json"
        },
        {
          "File": "motions/07zettyo.motion3.json"
        },
        {
          "File": "motions/01kokyu.motion3.json"
        },
        {
          "File": "motions/01kokyuZ.motion3.json"
        },
        {
          "File": "motions/02spurt0.motion3.json"
        },
        {
          "File": "motions/02spurt0Z.motion3.json"
        },
        {
          "File": "motions/03spurt.motion3.json"
        },
        {
          "File": "motions/04zettyo.motion3.json"
        }
      ]
    }
  },
  "Groups": []
}