{
  "Version": 3,
  "Meta": {
    "Duration": 3.33,
    "Fps": 30.0,
    "Loop": true,
    "AreBeziersRestricted": true,
    "CurveCount": 104,
    "TotalSegmentCount": 239,
    "TotalPointCount": 291,
    "UserDataCount": 0,
    "TotalUserDataSize": 0
  },
  "Curves": [
    {
      "Target": "Parameter",
      "Id": "PARAM_ANGLE_X",
      "Segments": [
        0,
        -8,
        0,
        0.3,
        -8.573,
        0,
        0.567,
        -5.916,
        0,
        1.067,
        -16,
        1,
        1.145,
        -16,
        1.222,
        -16.008,
        1.3,
        -15.985,
        1,
        1.4,
        -15.956,
        1.5,
        -11,
        1.6,
        -11,
        0,
        1.933,
        -11.706,
        2,
        3.333,
        -11.706
      ]
    },
    {
      "Target": "Parameter",
      "Id": "PARAM_ANGLE_Y",
      "Segments": [
        0,
        -24.973,
        0,
        0.1,
        -25.125,
        0,
        0.567,
        -3.585,
        2,
        0.667,
        -3.585,
        0,
        1.067,
        -30,
        1,
        1.167,
        -30,
        1.267,
        -30.032,
        1.367,
        -29.033,
        1,
        1.445,
        -28.256,
        1.522,
        -24,
        1.6,
        -24,
        0,
        1.967,
        -25.209,
        2,
        3.333,
        -25.209
      ]
    },
    {
      "Target": "Parameter",
      "Id": "PARAM_ANGLE_Z",
      "Segments": [
        0,
        -18.801,
        0,
        0.167,
        -18.916,
        0,
        0.7,
        -3,
        0,
        1.067,
        -30,
        2,
        1.333,
        -30,
        1,
        1.422,
        -30,
        1.511,
        -21.604,
        1.6,
        -19.766,
        1,
        1.711,
        -17.469,
        1.822,
        -17.462,
        1.933,
        -17.462,
        2,
        3.333,
        -17.462
      ]
    },
    {
      "Target": "Parameter",
      "Id": "PARAM_EYE_R_OPEN",
      "Segments": [
        0,
        1,
        2,
        0.6,
        1,
        0,
        0.7,
        0,
        2,
        1.4,
        0,
        0,
        1.5,
        0.75,
        2,
        3.333,
        0.75
      ]
    },
    {
      "Target": "Parameter",
      "Id": "PARAM_EYE_L_OPEN",
      "Segments": [
        0,
        1,
        2,
        0.6,
        1,
        0,
        0.7,
        0,
        2,
        1.4,
        0,
        2,
        1.5,
        0,
        2,
        3.333,
        0
      ]
    },
    {
      "Target": "Parameter",
      "Id": "PARAM_EYE_BALL_X",
      "Segments": [
        0,
        0.277,
        0,
        1.5,
        0.1,
        2,
        3.333,
        0.1
      ]
    },
    {
      "Target": "Parameter",
      "Id": "PARAM_EYE_BALL_Y",
      "Segments": [
        0,
        0.4,
        2,
        0.167,
        0.4,
        0,
        0.6,
        -0.3,
        0,
        1.3,
        0.2,
        2,
        1.633,
        0.2,
        2,
        3.333,
        0.2
      ]
    },
    {
      "Target": "Parameter",
      "Id": "PARAM_SHOULDER_R_ROTATE",
      "Segments": [
        0,
        -1.915,
        0,
        0.1,
        -1.902,
        1,
        0.189,
        -1.902,
        0.278,
        -2.631,
        0.367,
        -5.556,
        1,
        0.478,
        -9.213,
        0.589,
        -12.161,
        0.7,
        -12.161,
        0,
        1,
        15,
        2,
        3.333,
        15
      ]
    },
    {
      "Target": "Parameter",
      "Id": "PARAM_ARM_R_ROTATE",
      "Segments": [
        0,
        0.002,
        1,
        0.167,
        0.002,
        0.333,
        0.001,
        0.5,
        0.04,
        1,
        0.589,
        0.06,
        0.678,
        14.749,
        0.767,
        22.527,
        1,
        0.778,
        23.499,
        0.789,
        25.83,
        0.8,
        26.8,
        1,
        0.856,
        31.648,
        0.911,
        33.657,
        0.967,
        33.657,
        0,
        1.333,
        33.395,
        2,
        3.333,
        33.395
      ]
    },
    {
      "Target": "Parameter",
      "Id": "PARAM_HAND_R_ROTATE",
      "Segments": [
        0,
        2.002,
        0,
        0.5,
        2.005,
        0,
        0.7,
        -3,
        0,
        1.1,
        7.822,
        0,
        1.533,
        7.642,
        2,
        3.333,
        7.642
      ]
    },
    {
      "Target": "Parameter",
      "Id": "PARAM_SHOULDER_L_ROTATE",
      "Segments": [
        0,
        -6.914,
        0,
        0.1,
        -6.901,
        1,
        0.178,
        -6.901,
        0.255,
        -8.273,
        0.333,
        -10.699,
        1,
        0.4,
        -12.778,
        0.466,
        -13.674,
        0.533,
        -13.674,
        0,
        0.9,
        6,
        2,
        3.333,
        6
      ]
    },
    {
      "Target": "Parameter",
      "Id": "PARAM_ARM_L_ROTATE",
      "Segments": [
        0,
        1.007,
        1,
        0.167,
        1.007,
        0.333,
        0.991,
        0.5,
        1.094,
        1,
        0.633,
        1.176,
        0.767,
        16.623,
        0.9,
        18,
        1,
        1,
        19.033,
        1.1,
        18.806,
        1.2,
        18.806,
        2,
        3.333,
        18.806
      ]
    },
    {
      "Target": "Parameter",
      "Id": "PARAM_HAND_L_ROTATE",
      "Segments": [
        0,
        -7.992,
        0,
        0.5,
        -7.976,
        0,
        0.6,
        -10,
        0,
        1,
        20.703,
        0,
        1.3,
        19.773,
        2,
        3.333,
        19.773
      ]
    },
    {
      "Target": "Parameter",
      "Id": "PARAM_BODY_ANGLE_X",
      "Segments": [
        0,
        2.417,
        0,
        0.267,
        2,
        0,
        1.133,
        10,
        2,
        3.333,
        10
      ]
    },
    {
      "Target": "Parameter",
      "Id": "PARAM_BODY_ANGLE_Y",
      "Segments": [
        0,
        0.004,
        1,
        0.089,
        0.004,
        0.178,
        0.032,
        0.267,
        -0.012,
        1,
        0.556,
        -0.153,
        0.844,
        -10,
        1.133,
        -10,
        2,
        3.333,
        -10
      ]
    },
    {
      "Target": "Parameter",
      "Id": "PARAM_BODY_ANGLE_Z",
      "Segments": [
        0,
        -0.087,
        0,
        0.267,
        0.68,
        0,
        1.133,
        -3,
        0,
        1.433,
        -2.7,
        2,
        3.333,
        -2.7
      ]
    },
    {
      "Target": "Parameter",
      "Id": "PARAM_STRETCH",
      "Segments": [
        0,
        0.228,
        1,
        0.044,
        0.228,
        0.089,
        0.238,
        0.133,
        0.262,
        1,
        0.178,
        0.286,
        0.222,
        0.3,
        0.267,
        0.3,
        0,
        1,
        0.002,
        0,
        1.467,
        0.041,
        2,
        3.333,
        0.041
      ]
    },
    {
      "Target": "Parameter",
      "Id": "PARAM_SHOLDER_POSITION",
      "Segments": [
        0,
        2.997,
        1,
        0.089,
        2.997,
        0.178,
        2.978,
        0.267,
        3.008,
        1,
        0.556,
        3.107,
        0.844,
        10,
        1.133,
        10,
        2,
        3.333,
        10
      ]
    },
    {
      "Target": "Parameter",
      "Id": "PARAM_ROTATION_Z",
      "Segments": [
        0,
        0.099,
        2,
        0.267,
        0.099,
        0,
        1.133,
        0.3,
        2,
        3.333,
        0.3
      ]
    },
    {
      "Target": "Parameter",
      "Id": "PARAM_HAIR_FRONT",
      "Segments": [
        0,
        -0.135,
        0,
        0.133,
        -0.146,
        0,
        0.333,
        -0.139,
        0,
        0.467,
        -0.194,
        0,
        0.733,
        0.119,
        0,
        1.1,
        -0.392,
        0,
        1.3,
        -0.219,
        0,
        1.467,
        -0.473,
        0,
        1.7,
        0.077,
        0,
        1.9,
        -0.269,
        0,
        2.133,
        -0.143,
        0,
        2.333,
        -0.187,
        0,
        2.533,
        -0.17,
        0,
        2.733,
        -0.176,
        0,
        2.967,
        -0.174,
        0,
        3.167,
        -0.175,
        2,
        3.333,
        -0.175
      ]
    },
    {
      "Target": "Parameter",
      "Id": "PARAM_HAIR_SIDE",
      "Segments": [
        0,
        -0.1,
        0,
        0.233,
        -0.116,
        0,
        0.333,
        -0.11,
        0,
        0.467,
        -0.135,
        0,
        0.767,
        0.098,
        0,
        1.133,
        -0.378,
        0,
        1.367,
        -0.161,
        0,
        1.533,
        -0.294,
        0,
        1.767,
        0.011,
        0,
        2.033,
        -0.208,
        0,
        2.333,
        -0.106,
        0,
        2.6,
        -0.151,
        0,
        2.9,
        -0.131,
        0,
        3.167,
        -0.14,
        2,
        3.333,
        -0.14
      ]
    },
    {
      "Target": "Parameter",
      "Id": "PARAM_HAIR_BACK_01",
      "Segments": [
        0,
        -0.118,
        0,
        0.133,
        -0.127,
        0,
        0.333,
        -0.121,
        0,
        0.467,
        -0.169,
        0,
        0.733,
        0.104,
        0,
        1.1,
        -0.342,
        0,
        1.3,
        -0.191,
        0,
        1.467,
        -0.413,
        0,
        1.7,
        0.067,
        0,
        1.9,
        -0.235,
        0,
        2.133,
        -0.125,
        0,
        2.333,
        -0.163,
        0,
        2.533,
        -0.149,
        0,
        2.733,
        -0.154,
        0,
        2.967,
        -0.152,
        0,
        3.167,
        -0.153,
        2,
        3.333,
        -0.153
      ]
    },
    {
      "Target": "Parameter",
      "Id": "PARAM_FLUFFY",
      "Segments": [
        0,
        -0.002,
        0,
        0.367,
        -0.182,
        0,
        0.833,
        0.339,
        0,
        1.233,
        -0.395,
        0,
        1.7,
        0.158,
        0,
        2.067,
        -0.082,
        0,
        2.467,
        0.04,
        0,
        2.833,
        -0.019,
        0,
        3.233,
        0.009,
        2,
        3.333,
        0.009
      ]
    },
    {
      "Target": "Parameter",
      "Id": "PARAM_HAND_R_01",
      "Segments": [
        0,
        1,
        1,
        0.2,
        1,
        0.4,
        1,
        0.6,
        0.999,
        0,
        0.633,
        0,
        2,
        3.333,
        0
      ]
    },
    {
      "Target": "Parameter",
      "Id": "PARAM_HAND_R_06",
      "Segments": [
        0,
        0,
        2,
        0.6,
        0,
        0,
        0.633,
        1,
        2,
        0.767,
        1,
        0,
        0.8,
        0,
        2,
        3.333,
        0
      ]
    },
    {
      "Target": "Parameter",
      "Id": "PARAM_HAND_R_12",
      "Segments": [
        0,
        0,
        2,
        0.767,
        0,
        0,
        0.8,
        1,
        2,
        3.333,
        1
      ]
    },
    {
      "Target": "Parameter",
      "Id": "PARAM_HAND_L_01",
      "Segments": [
        0,
        1,
        1,
        0.222,
        1,
        0.445,
        1,
        0.667,
        0.999,
        0,
        0.7,
        0,
        2,
        3.333,
        0
      ]
    },
    {
      "Target": "Parameter",
      "Id": "PARAM_HAND_L_08",
      "Segments": [
        0,
        0,
        1,
        0.222,
        0,
        0.445,
        0,
        0.667,
        0.001,
        0,
        0.7,
        1,
        2,
        3.333,
        1
      ]
    },
    {
      "Target": "Model",
      "Id": "Opacity",
      "Segments": [
        0,
        1,
        0,
        3.33,
        1
      ]
    },
    {
      "Target": "Parameter",
      "Id": "PARAM_EYE_R_SMILE",
      "Segments": [
        0,
        -1,
        0,
        3.33,
        -1
      ]
    },
    {
      "Target": "Parameter",
      "Id": "PARAM_EYE_L_SMILE",
      "Segments": [
        0,
        -1,
        0,
        3.33,
        -1
      ]
    },
    {
      "Target": "Parameter",
      "Id": "PARAM_EYE_FORM",
      "Segments": [
        0,
        0,
        0,
        3.33,
        0
      ]
    },
    {
      "Target": "Parameter",
      "Id": "PARAM_EYE_SCALE",
      "Segments": [
        0,
        0,
        0,
        3.33,
        0
      ]
    },
    {
      "Target": "Parameter",
      "Id": "PARAM_TEAR_LEAP_01",
      "Segments": [
        0,
        0,
        0,
        3.33,
        0
      ]
    },
    {
      "Target": "Parameter",
      "Id": "EYE_TWINKLE_01",
      "Segments": [
        0,
        0,
        0,
        3.33,
        0
      ]
    },
    {
      "Target": "Parameter",
      "Id": "PARAM_LIGHT",
      "Segments": [
        0,
        0,
        0,
        3.33,
        0
      ]
    },
    {
      "Target": "Parameter",
      "Id": "PARAM_BROW_R_FORM",
      "Segments": [
        0,
        -0.2,
        0,
        3.33,
        -0.2
      ]
    },
    {
      "Target": "Parameter",
      "Id": "PARAM_BROW_R_Y",
      "Segments": [
        0,
        -0.6,
        0,
        3.33,
        -0.6
      ]
    },
    {
      "Target": "Parameter",
      "Id": "PARAM_BROW_R_X",
      "Segments": [
        0,
        0,
        0,
        3.33,
        0
      ]
    },
    {
      "Target": "Parameter",
      "Id": "PARAM_BROW_R_ANGLE",
      "Segments": [
        0,
        -0.3,
        0,
        3.33,
        -0.3
      ]
    },
    {
      "Target": "Parameter",
      "Id": "PARAM_BROW_L_FORM",
      "Segments": [
        0,
        -0.2,
        0,
        3.33,
        -0.2
      ]
    },
    {
      "Target": "Parameter",
      "Id": "PARAM_BROW_L_Y",
      "Segments": [
        0,
        -0.6,
        0,
        3.33,
        -0.6
      ]
    },
    {
      "Target": "Parameter",
      "Id": "PARAM_BROW_L_X",
      "Segments": [
        0,
        0,
        0,
        3.33,
        0
      ]
    },
    {
      "Target": "Parameter",
      "Id": "PARAM_BROW_L_ANGLE",
      "Segments": [
        0,
        -0.3,
        0,
        3.33,
        -0.3
      ]
    },
    {
      "Target": "Parameter",
      "Id": "PARAM_MOUTH_OPEN_Y",
      "Segments": [
        0,
        0,
        0,
        3.33,
        0
      ]
    },
    {
      "Target": "Parameter",
      "Id": "PARAM_MOUTH_FORM_01",
      "Segments": [
        0,
        -1,
        0,
        3.33,
        -1
      ]
    },
    {
      "Target": "Parameter",
      "Id": "PARAM_MOUTH_POS_Y",
      "Segments": [
        0,
        0,
        0,
        3.33,
        0
      ]
    },
    {
      "Target": "Parameter",
      "Id": "PARAM_MOUTH_SCALE",
      "Segments": [
        0,
        0,
        0,
        3.33,
        0
      ]
    },
    {
      "Target": "Parameter",
      "Id": "PARAM_MOUTH_SCALE_Y",
      "Segments": [
        0,
        0,
        0,
        3.33,
        0
      ]
    },
    {
      "Target": "Parameter",
      "Id": "PARAM_ARM_R_ORDER",
      "Segments": [
        0,
        1,
        0,
        3.33,
        1
      ]
    },
    {
      "Target": "Parameter",
      "Id": "PARAM_ARM_L_ORDER",
      "Segments": [
        0,
        1,
        0,
        3.33,
        1
      ]
    },
    {
      "Target": "Parameter",
      "Id": "PARAM_BREATH",
      "Segments": [
        0,
        0,
        0,
        3.33,
        0
      ]
    },
    {
      "Target": "Parameter",
      "Id": "PARAM_POSITION_X",
      "Segments": [
        0,
        0,
        0,
        3.33,
        0
      ]
    },
    {
      "Target": "Parameter",
      "Id": "PARAM_POSITION_Y",
      "Segments": [
        0,
        0,
        0,
        3.33,
        0
      ]
    },
    {
      "Target": "Parameter",
      "Id": "PARAM_FACE_SHADOW",
      "Segments": [
        0,
        0,
        0,
        3.33,
        0
      ]
    },
    {
      "Target": "Parameter",
      "Id": "PARAM_FACE_CHANGE",
      "Segments": [
        0,
        0,
        0,
        3.33,
        0
      ]
    },
    {
      "Target": "Parameter",
      "Id": "PARAM_CHEEK_01",
      "Segments": [
        0,
        1,
        0,
        3.33,
        1
      ]
    },
    {
      "Target": "Parameter",
      "Id": "PARAM_CHEEK_02",
      "Segments": [
        0,
        0,
        0,
        3.33,
        0
      ]
    },
    {
      "Target": "Parameter",
      "Id": "PARAM_CHEEK_03",
      "Segments": [
        0,
        0,
        0,
        3.33,
        0
      ]
    },
    {
      "Target": "Parameter",
      "Id": "PARAM_CHEEK_04",
      "Segments": [
        0,
        0,
        0,
        3.33,
        0
      ]
    },
    {
      "Target": "Parameter",
      "Id": "PARAM_CHEEK_05",
      "Segments": [
        0,
        0,
        0,
        3.33,
        0
      ]
    },
    {
      "Target": "Parameter",
      "Id": "PARAM_TEAR_01",
      "Segments": [
        0,
        0,
        0,
        3.33,
        0
      ]
    },
    {
      "Target": "Parameter",
      "Id": "PARAM_TEAR_02",
      "Segments": [
        0,
        0,
        0,
        3.33,
        0
      ]
    },
    {
      "Target": "Parameter",
      "Id": "PARAM_TEAR_02_MOVE",
      "Segments": [
        0,
        0,
        0,
        3.33,
        0
      ]
    },
    {
      "Target": "Parameter",
      "Id": "PARAM_TEAR_03",
      "Segments": [
        0,
        0,
        0,
        3.33,
        0
      ]
    },
    {
      "Target": "Parameter",
      "Id": "PARAM_TEAR_03_MOVE",
      "Segments": [
        0,
        0,
        0,
        3.33,
        0
      ]
    },
    {
      "Target": "Parameter",
      "Id": "PARAM_SWEAT",
      "Segments": [
        0,
        0,
        0,
        3.33,
        0
      ]
    },
    {
      "Target": "Parameter",
      "Id": "PARAM_SWEAT_MOVE",
      "Segments": [
        0,
        0,
        0,
        3.33,
        0
      ]
    },
    {
      "Target": "Parameter",
      "Id": "PARAM_EYE_WHITE_00",
      "Segments": [
        0,
        1,
        0,
        3.33,
        1
      ]
    },
    {
      "Target": "Parameter",
      "Id": "PARAM_EYE_WHITE_01",
      "Segments": [
        0,
        0,
        0,
        3.33,
        0
      ]
    },
    {
      "Target": "Parameter",
      "Id": "PARAM_EYE_01",
      "Segments": [
        0,
        1,
        0,
        3.33,
        1
      ]
    },
    {
      "Target": "Parameter",
      "Id": "PARAM_EYE_02",
      "Segments": [
        0,
        0,
        0,
        3.33,
        0
      ]
    },
    {
      "Target": "Parameter",
      "Id": "PARAM_EYE_05",
      "Segments": [
        0,
        0,
        0,
        3.33,
        0
      ]
    },
    {
      "Target": "Parameter",
      "Id": "PARAM_MOUTH_01",
      "Segments": [
        0,
        1,
        0,
        3.33,
        1
      ]
    },
    {
      "Target": "Parameter",
      "Id": "PARAM_MOUTH_02",
      "Segments": [
        0,
        0,
        0,
        3.33,
        0
      ]
    },
    {
      "Target": "Parameter",
      "Id": "PARAM_BROW_01",
      "Segments": [
        0,
        1,
        0,
        3.33,
        1
      ]
    },
    {
      "Target": "Parameter",
      "Id": "PARAM_HAND_R_02",
      "Segments": [
        0,
        0,
        0,
        3.33,
        0
      ]
    },
    {
      "Target": "Parameter",
      "Id": "PARAM_HAND_R_03",
      "Segments": [
        0,
        0,
        0,
        3.33,
        0
      ]
    },
    {
      "Target": "Parameter",
      "Id": "PARAM_HAND_R_04",
      "Segments": [
        0,
        0,
        0,
        3.33,
        0
      ]
    },
    {
      "Target": "Parameter",
      "Id": "PARAM_HAND_R_05",
      "Segments": [
        0,
        0,
        0,
        3.33,
        0
      ]
    },
    {
      "Target": "Parameter",
      "Id": "PARAM_HAND_R_07",
      "Segments": [
        0,
        0,
        0,
        3.33,
        0
      ]
    },
    {
      "Target": "Parameter",
      "Id": "PARAM_HAND_R_08",
      "Segments": [
        0,
        0,
        0,
        3.33,
        0
      ]
    },
    {
      "Target": "Parameter",
      "Id": "PARAM_HAND_R_09",
      "Segments": [
        0,
        0,
        0,
        3.33,
        0
      ]
    },
    {
      "Target": "Parameter",
      "Id": "PARAM_HAND_R_10",
      "Segments": [
        0,
        0,
        0,
        3.33,
        0
      ]
    },
    {
      "Target": "Parameter",
      "Id": "PARAM_HAND_R_11",
      "Segments": [
        0,
        0,
        0,
        3.33,
        0
      ]
    },
    {
      "Target": "Parameter",
      "Id": "PARAM_HAND_L_02",
      "Segments": [
        0,
        0,
        0,
        3.33,
        0
      ]
    },
    {
      "Target": "Parameter",
      "Id": "PARAM_HAND_L_03",
      "Segments": [
        0,
        0,
        0,
        3.33,
        0
      ]
    },
    {
      "Target": "Parameter",
      "Id": "PARAM_HAND_L_04",
      "Segments": [
        0,
        0,
        0,
        3.33,
        0
      ]
    },
    {
      "Target": "Parameter",
      "Id": "PARAM_HAND_L_05",
      "Segments": [
        0,
        0,
        0,
        3.33,
        0
      ]
    },
    {
      "Target": "Parameter",
      "Id": "PARAM_HAND_L_06",
      "Segments": [
        0,
        0,
        0,
        3.33,
        0
      ]
    },
    {
      "Target": "Parameter",
      "Id": "PARAM_HAND_L_07",
      "Segments": [
        0,
        0,
        0,
        3.33,
        0
      ]
    },
    {
      "Target": "Parameter",
      "Id": "PARAM_HAND_L_09",
      "Segments": [
        0,
        0,
        0,
        3.33,
        0
      ]
    },
    {
      "Target": "Parameter",
      "Id": "PARAM_HAND_L_10",
      "Segments": [
        0,
        0,
        0,
        3.33,
        0
      ]
    },
    {
      "Target": "Parameter",
      "Id": "PARAM_HAND_L_11",
      "Segments": [
        0,
        0,
        0,
        3.33,
        0
      ]
    },
    {
      "Target": "Parameter",
      "Id": "PARAM_HAND_L_12",
      "Segments": [
        0,
        0,
        0,
        3.33,
        0
      ]
    },
    {
      "Target": "Parameter",
      "Id": "PARAM_UPPER_BODY_FLUFFY",
      "Segments": [
        0,
        0,
        0,
        3.33,
        0
      ]
    },
    {
      "Target": "Parameter",
      "Id": "PARAM_LOWER_BODY_FLUFFY",
      "Segments": [
        0,
        0,
        0,
        3.33,
        0
      ]
    },
    {
      "Target": "Parameter",
      "Id": "PARAM_COLLAR_SHAKE_01",
      "Segments": [
        0,
        0,
        0,
        3.33,
        0
      ]
    },
    {
      "Target": "PartOpacity",
      "Id": "PartCore",
      "Segments": [
        0,
        1,
        0,
        3.33,
        1
      ]
    },
    {
      "Target": "PartOpacity",
      "Id": "PartNeck",
      "Segments": [
        0,
        1,
        0,
        3.33,
        1
      ]
    },
    {
      "Target": "PartOpacity",
      "Id": "PartUpperBody",
      "Segments": [
        0,
        1,
        0,
        3.33,
        1
      ]
    },
    {
      "Target": "PartOpacity",
      "Id": "PartArmR",
      "Segments": [
        0,
        1,
        0,
        3.33,
        1
      ]
    },
    {
      "Target": "PartOpacity",
      "Id": "PartHandR",
      "Segments": [
        0,
        1,
        0,
        3.33,
        1
      ]
    },
    {
      "Target": "PartOpacity",
      "Id": "PartFoot",
      "Segments": [
        0,
        1,
        0,
        3.33,
        1
      ]
    }
  ],
  "UserData": []
}