{
  "Version": 3,
  "Meta": {
    "Duration": 2.5,
    "Fps": 30.0,
    "Loop": true,
    "AreBeziersRestricted": true,
    "CurveCount": 113,
    "TotalSegmentCount": 271,
    "TotalPointCount": 375,
    "UserDataCount": 0,
    "TotalUserDataSize": 0
  },
  "Curves": [
    {
      "Target": "Parameter",
      "Id": "PARAM_ANGLE_X",
      "Segments": [
        0,
        0,
        0,
        0.2,
        -1,
        0,
        0.567,
        3,
        1,
        0.822,
        3,
        1.078,
        -1.386,
        1.333,
        -6,
        1,
        1.444,
        -8.006,
        1.556,
        -8,
        1.667,
        -8,
        2,
        2.5,
        -8
      ]
    },
    {
      "Target": "Parameter",
      "Id": "PARAM_ANGLE_Y",
      "Segments": [
        0,
        0.847,
        0,
        0.067,
        1,
        0,
        0.433,
        -12,
        1,
        0.611,
        -12,
        0.789,
        6.824,
        0.967,
        22,
        1,
        1.045,
        28.639,
        1.122,
        28,
        1.2,
        28,
        1,
        1.278,
        28,
        1.355,
        -7.605,
        1.433,
        -13,
        1,
        1.5,
        -17.624,
        1.566,
        -17,
        1.633,
        -17,
        0,
        1.967,
        -13,
        2,
        2.5,
        -13
      ]
    },
    {
      "Target": "Parameter",
      "Id": "PARAM_ANGLE_Z",
      "Segments": [
        0,
        6,
        0,
        0.2,
        4,
        0,
        0.567,
        10,
        1,
        0.822,
        10,
        1.078,
        1.157,
        1.333,
        -8,
        1,
        1.444,
        -11.981,
        1.556,
        -12,
        1.667,
        -12,
        2,
        2.5,
        -12
      ]
    },
    {
      "Target": "Parameter",
      "Id": "PARAM_EYE_R_OPEN",
      "Segments": [
        0,
        1,
        2,
        1.2,
        1,
        0,
        1.333,
        0,
        2,
        1.4,
        0,
        0,
        1.5,
        1,
        2,
        2.5,
        1
      ]
    },
    {
      "Target": "Parameter",
      "Id": "PARAM_EYE_R_SMILE",
      "Segments": [
        0,
        0,
        2,
        1.2,
        0,
        0,
        1.333,
        -1,
        2,
        2.5,
        -1
      ]
    },
    {
      "Target": "Parameter",
      "Id": "PARAM_EYE_L_OPEN",
      "Segments": [
        0,
        1,
        2,
        1.2,
        1,
        0,
        1.333,
        0,
        2,
        1.4,
        0,
        0,
        1.5,
        1,
        2,
        2.5,
        1
      ]
    },
    {
      "Target": "Parameter",
      "Id": "PARAM_EYE_L_SMILE",
      "Segments": [
        0,
        0,
        2,
        1.2,
        0,
        0,
        1.333,
        -1,
        2,
        2.5,
        -1
      ]
    },
    {
      "Target": "Parameter",
      "Id": "PARAM_EYE_BALL_X",
      "Segments": [
        0,
        0,
        0,
        0.2,
        0.033,
        0,
        0.567,
        -0.1,
        1,
        0.822,
        -0.1,
        1.078,
        0.045,
        1.333,
        0.2,
        1,
        1.444,
        0.267,
        1.556,
        0.267,
        1.667,
        0.267,
        2,
        2.5,
        0.267
      ]
    },
    {
      "Target": "Parameter",
      "Id": "PARAM_EYE_BALL_Y",
      "Segments": [
        0,
        0,
        0,
        0.133,
        -0.033,
        0,
        0.433,
        0.4,
        1,
        0.611,
        0.4,
        0.789,
        -0.213,
        0.967,
        -0.733,
        1,
        1.045,
        -0.961,
        1.122,
        -0.933,
        1.2,
        -0.933,
        1,
        1.278,
        -0.933,
        1.355,
        0.236,
        1.433,
        0.433,
        1,
        1.5,
        0.603,
        1.566,
        0.567,
        1.633,
        0.567,
        0,
        1.967,
        0.433,
        2,
        2.5,
        0.433
      ]
    },
    {
      "Target": "Parameter",
      "Id": "PARAM_BROW_R_Y",
      "Segments": [
        0,
        -0.8,
        2,
        1.2,
        -0.8,
        0,
        1.333,
        -1,
        2,
        1.4,
        -1,
        0,
        1.5,
        -0.8,
        2,
        2.5,
        -0.8
      ]
    },
    {
      "Target": "Parameter",
      "Id": "PARAM_BROW_R_X",
      "Segments": [
        0,
        0,
        2,
        1.2,
        0,
        0,
        1.333,
        -0.2,
        2,
        1.4,
        -0.2,
        0,
        1.5,
        0,
        2,
        2.5,
        0
      ]
    },
    {
      "Target": "Parameter",
      "Id": "PARAM_BROW_R_ANGLE",
      "Segments": [
        0,
        -0.5,
        2,
        1.2,
        -0.5,
        0,
        1.333,
        -0.6,
        2,
        1.4,
        -0.6,
        0,
        1.5,
        -0.5,
        2,
        2.5,
        -0.5
      ]
    },
    {
      "Target": "Parameter",
      "Id": "PARAM_BROW_L_Y",
      "Segments": [
        0,
        -0.8,
        2,
        1.2,
        -0.8,
        0,
        1.333,
        -1,
        2,
        1.4,
        -1,
        0,
        1.5,
        -0.8,
        2,
        2.5,
        -0.8
      ]
    },
    {
      "Target": "Parameter",
      "Id": "PARAM_BROW_L_X",
      "Segments": [
        0,
        0,
        2,
        1.2,
        0,
        0,
        1.333,
        -0.2,
        2,
        1.4,
        -0.2,
        0,
        1.5,
        0,
        2,
        2.5,
        0
      ]
    },
    {
      "Target": "Parameter",
      "Id": "PARAM_BROW_L_ANGLE",
      "Segments": [
        0,
        -0.5,
        2,
        1.2,
        -0.5,
        0,
        1.333,
        -0.6,
        2,
        1.4,
        -0.6,
        0,
        1.5,
        -0.5,
        2,
        2.5,
        -0.5
      ]
    },
    {
      "Target": "Parameter",
      "Id": "PARAM_SHOULDER_R_ROTATE",
      "Segments": [
        0,
        0,
        1,
        0.178,
        0,
        0.355,
        -7.315,
        0.533,
        -13,
        1,
        0.722,
        -19.041,
        0.911,
        -20,
        1.1,
        -20,
        1,
        1.167,
        -20,
        1.233,
        -9.955,
        1.3,
        -6,
        1,
        1.367,
        -2.045,
        1.433,
        -2,
        1.5,
        -2,
        0,
        1.833,
        -3,
        2,
        2.5,
        -3
      ]
    },
    {
      "Target": "Parameter",
      "Id": "PARAM_ARM_R_ROTATE",
      "Segments": [
        0,
        0,
        1,
        0.111,
        0,
        0.222,
        0.417,
        0.333,
        5,
        1,
        0.411,
        8.208,
        0.489,
        30.123,
        0.567,
        32,
        1,
        0.745,
        36.289,
        0.922,
        37,
        1.1,
        37,
        1,
        1.167,
        37,
        1.233,
        11.349,
        1.3,
        6,
        1,
        1.367,
        0.651,
        1.433,
        1,
        1.5,
        1,
        0,
        1.833,
        2,
        2,
        2.5,
        2
      ]
    },
    {
      "Target": "Parameter",
      "Id": "PARAM_HAND_R_ROTATE",
      "Segments": [
        0,
        0,
        1,
        0.256,
        0,
        0.511,
        14.933,
        0.767,
        22,
        1,
        0.9,
        25.687,
        1.034,
        25,
        1.167,
        25,
        0,
        1.567,
        16,
        0,
        1.9,
        20,
        2,
        2.5,
        20
      ]
    },
    {
      "Target": "Parameter",
      "Id": "PARAM_SHOULDER_L_ROTATE",
      "Segments": [
        0,
        0,
        1,
        0.189,
        0,
        0.378,
        -6.709,
        0.567,
        -13,
        1,
        0.745,
        -18.921,
        0.922,
        -20,
        1.1,
        -20,
        1,
        1.167,
        -20,
        1.233,
        -1.223,
        1.3,
        3,
        1,
        1.367,
        7.223,
        1.433,
        7,
        1.5,
        7,
        0,
        1.833,
        6,
        2,
        2.5,
        6
      ]
    },
    {
      "Target": "Parameter",
      "Id": "PARAM_ARM_L_ROTATE",
      "Segments": [
        0,
        0,
        1,
        0.122,
        0,
        0.245,
        0.473,
        0.367,
        5,
        1,
        0.445,
        7.881,
        0.522,
        29.979,
        0.6,
        32,
        1,
        0.767,
        36.33,
        0.933,
        37,
        1.1,
        37,
        1,
        1.167,
        37,
        1.233,
        11.349,
        1.3,
        6,
        1,
        1.367,
        0.651,
        1.433,
        1,
        1.5,
        1,
        0,
        1.833,
        2,
        2,
        2.5,
        2
      ]
    },
    {
      "Target": "Parameter",
      "Id": "PARAM_HAND_L_ROTATE",
      "Segments": [
        0,
        0,
        1,
        0.256,
        0,
        0.511,
        14.933,
        0.767,
        22,
        1,
        0.9,
        25.687,
        1.034,
        25,
        1.167,
        25,
        0,
        1.567,
        16,
        0,
        1.9,
        20,
        2,
        2.5,
        20
      ]
    },
    {
      "Target": "Parameter",
      "Id": "PARAM_BODY_ANGLE_X",
      "Segments": [
        0,
        1,
        0,
        0.433,
        5,
        1,
        0.689,
        5,
        0.944,
        -0.923,
        1.2,
        -6,
        1,
        1.311,
        -8.207,
        1.422,
        -8,
        1.533,
        -8,
        2,
        2.5,
        -8
      ]
    },
    {
      "Target": "Parameter",
      "Id": "PARAM_BODY_ANGLE_Y",
      "Segments": [
        0,
        0.375,
        0,
        0.3,
        -3,
        1,
        0.478,
        -3,
        0.655,
        1.047,
        0.833,
        5,
        1,
        0.922,
        6.977,
        1.011,
        7,
        1.1,
        7,
        1,
        1.167,
        7,
        1.233,
        -2.943,
        1.3,
        -6,
        1,
        1.367,
        -9.057,
        1.433,
        -9,
        1.5,
        -9,
        0,
        1.833,
        -8,
        2,
        2.5,
        -8
      ]
    },
    {
      "Target": "Parameter",
      "Id": "PARAM_BODY_ANGLE_Z",
      "Segments": [
        0,
        0,
        0,
        0.433,
        4,
        1,
        0.689,
        4,
        0.944,
        -2.771,
        1.2,
        -6,
        1,
        1.311,
        -7.404,
        1.422,
        -7,
        1.533,
        -7,
        2,
        2.5,
        -7
      ]
    },
    {
      "Target": "Parameter",
      "Id": "PARAM_STRETCH",
      "Segments": [
        0,
        -0.168,
        0,
        0.2,
        -0.3,
        1,
        0.378,
        -0.3,
        0.555,
        0.256,
        0.733,
        0.7,
        1,
        0.822,
        0.922,
        0.911,
        0.9,
        1,
        0.9,
        0,
        1.4,
        -0.7,
        0,
        1.733,
        -0.2,
        2,
        2.5,
        -0.2
      ]
    },
    {
      "Target": "Parameter",
      "Id": "PARAM_SHOLDER_POSITION",
      "Segments": [
        0,
        -0.469,
        0,
        0.3,
        -3,
        1,
        0.478,
        -3,
        0.655,
        2.656,
        0.833,
        7,
        1,
        0.922,
        9.172,
        1.011,
        9,
        1.1,
        9,
        0,
        1.5,
        -9,
        0,
        1.833,
        -4,
        2,
        2.5,
        -4
      ]
    },
    {
      "Target": "Parameter",
      "Id": "PARAM_ROTATION_Z",
      "Segments": [
        0,
        0,
        0,
        0.433,
        -0.4,
        1,
        0.689,
        -0.4,
        0.944,
        0.035,
        1.2,
        0.5,
        1,
        1.311,
        0.702,
        1.422,
        0.7,
        1.533,
        0.7,
        2,
        2.5,
        0.7
      ]
    },
    {
      "Target": "Parameter",
      "Id": "PARAM_HAIR_FRONT",
      "Segments": [
        0,
        0.012,
        2,
        0.033,
        0.012,
        0,
        0.133,
        0.013,
        0,
        0.3,
        0.006,
        0,
        0.633,
        0.151,
        0,
        1.467,
        -0.166,
        0,
        1.767,
        -0.091,
        0,
        2,
        -0.116,
        0,
        2.267,
        -0.106,
        0,
        2.5,
        -0.11
      ]
    },
    {
      "Target": "Parameter",
      "Id": "PARAM_HAIR_SIDE",
      "Segments": [
        0,
        0.015,
        0,
        0.1,
        0.013,
        2,
        0.133,
        0.013,
        0,
        0.267,
        0.012,
        0,
        0.7,
        0.194,
        0,
        1.567,
        -0.207,
        0,
        1.967,
        -0.104,
        0,
        2.333,
        -0.152,
        0,
        2.5,
        -0.141
      ]
    },
    {
      "Target": "Parameter",
      "Id": "PARAM_HAIR_BACK_01",
      "Segments": [
        0,
        0.015,
        2,
        0.033,
        0.015,
        0,
        0.133,
        0.018,
        0,
        0.3,
        0.004,
        0,
        0.6,
        0.179,
        0,
        1.467,
        -0.197,
        0,
        1.7,
        -0.124,
        0,
        1.933,
        -0.141,
        0,
        2.133,
        -0.134,
        0,
        2.333,
        -0.137,
        0,
        2.5,
        -0.136
      ]
    },
    {
      "Target": "Parameter",
      "Id": "PARAM_FLUFFY",
      "Segments": [
        0,
        -0.006,
        0,
        0.267,
        0.12,
        0,
        1.167,
        -0.233,
        0,
        1.667,
        0.9,
        1,
        1.756,
        0.9,
        1.844,
        0.866,
        1.933,
        0.6,
        1,
        2.055,
        0.234,
        2.178,
        -0.124,
        2.3,
        -0.124,
        2,
        2.4,
        -0.124,
        2,
        2.5,
        -0.124
      ]
    },
    {
      "Target": "Parameter",
      "Id": "PARAM_CHEEK_01",
      "Segments": [
        0,
        1,
        2,
        0.733,
        1,
        0,
        1.2,
        1.5,
        2,
        2.5,
        1.5
      ]
    },
    {
      "Target": "Parameter",
      "Id": "PARAM_HAND_R_01",
      "Segments": [
        0,
        1,
        2,
        0.433,
        1,
        0,
        0.467,
        0,
        2,
        2.5,
        0
      ]
    },
    {
      "Target": "Parameter",
      "Id": "PARAM_HAND_R_07",
      "Segments": [
        0,
        0,
        2,
        0.433,
        0,
        0,
        0.467,
        1,
        2,
        2.5,
        1
      ]
    },
    {
      "Target": "Parameter",
      "Id": "PARAM_HAND_L_01",
      "Segments": [
        0,
        1,
        2,
        0.467,
        1,
        0,
        0.5,
        0,
        2,
        2.5,
        0
      ]
    },
    {
      "Target": "Parameter",
      "Id": "PARAM_HAND_L_07",
      "Segments": [
        0,
        0,
        2,
        0.467,
        0,
        0,
        0.5,
        1,
        2,
        2.5,
        1
      ]
    },
    {
      "Target": "Model",
      "Id": "Opacity",
      "Segments": [
        0,
        1,
        0,
        2.5,
        1
      ]
    },
    {
      "Target": "Parameter",
      "Id": "PARAM_EYE_FORM",
      "Segments": [
        0,
        0,
        0,
        2.5,
        0
      ]
    },
    {
      "Target": "Parameter",
      "Id": "PARAM_EYE_SCALE",
      "Segments": [
        0,
        0,
        0,
        2.5,
        0
      ]
    },
    {
      "Target": "Parameter",
      "Id": "PARAM_TEAR_LEAP_01",
      "Segments": [
        0,
        0,
        0,
        2.5,
        0
      ]
    },
    {
      "Target": "Parameter",
      "Id": "EYE_TWINKLE_01",
      "Segments": [
        0,
        0,
        0,
        2.5,
        0
      ]
    },
    {
      "Target": "Parameter",
      "Id": "PARAM_LIGHT",
      "Segments": [
        0,
        0,
        0,
        2.5,
        0
      ]
    },
    {
      "Target": "Parameter",
      "Id": "PARAM_BROW_R_FORM",
      "Segments": [
        0,
        -0.4,
        0,
        2.5,
        -0.4
      ]
    },
    {
      "Target": "Parameter",
      "Id": "PARAM_BROW_L_FORM",
      "Segments": [
        0,
        -0.4,
        0,
        2.5,
        -0.4
      ]
    },
    {
      "Target": "Parameter",
      "Id": "PARAM_MOUTH_OPEN_Y",
      "Segments": [
        0,
        0,
        0,
        2.5,
        0
      ]
    },
    {
      "Target": "Parameter",
      "Id": "PARAM_MOUTH_FORM_01",
      "Segments": [
        0,
        -2,
        0,
        2.5,
        -2
      ]
    },
    {
      "Target": "Parameter",
      "Id": "PARAM_MOUTH_POS_Y",
      "Segments": [
        0,
        0,
        0,
        2.5,
        0
      ]
    },
    {
      "Target": "Parameter",
      "Id": "PARAM_MOUTH_SCALE",
      "Segments": [
        0,
        0,
        0,
        2.5,
        0
      ]
    },
    {
      "Target": "Parameter",
      "Id": "PARAM_MOUTH_SCALE_Y",
      "Segments": [
        0,
        0,
        0,
        2.5,
        0
      ]
    },
    {
      "Target": "Parameter",
      "Id": "PARAM_ARM_R_ORDER",
      "Segments": [
        0,
        1,
        0,
        2.5,
        1
      ]
    },
    {
      "Target": "Parameter",
      "Id": "PARAM_ARM_L_ORDER",
      "Segments": [
        0,
        1,
        0,
        2.5,
        1
      ]
    },
    {
      "Target": "Parameter",
      "Id": "PARAM_BREATH",
      "Segments": [
        0,
        0,
        0,
        2.5,
        0
      ]
    },
    {
      "Target": "Parameter",
      "Id": "PARAM_POSITION_X",
      "Segments": [
        0,
        0,
        0,
        2.5,
        0
      ]
    },
    {
      "Target": "Parameter",
      "Id": "PARAM_POSITION_Y",
      "Segments": [
        0,
        0,
        0,
        2.5,
        0
      ]
    },
    {
      "Target": "Parameter",
      "Id": "PARAM_FACE_SHADOW",
      "Segments": [
        0,
        0,
        0,
        2.5,
        0
      ]
    },
    {
      "Target": "Parameter",
      "Id": "PARAM_FACE_CHANGE",
      "Segments": [
        0,
        0,
        0,
        2.5,
        0
      ]
    },
    {
      "Target": "Parameter",
      "Id": "PARAM_CHEEK_02",
      "Segments": [
        0,
        0,
        0,
        2.5,
        0
      ]
    },
    {
      "Target": "Parameter",
      "Id": "PARAM_CHEEK_03",
      "Segments": [
        0,
        0,
        0,
        2.5,
        0
      ]
    },
    {
      "Target": "Parameter",
      "Id": "PARAM_CHEEK_04",
      "Segments": [
        0,
        0,
        0,
        2.5,
        0
      ]
    },
    {
      "Target": "Parameter",
      "Id": "PARAM_CHEEK_05",
      "Segments": [
        0,
        0,
        0,
        2.5,
        0
      ]
    },
    {
      "Target": "Parameter",
      "Id": "PARAM_TEAR_01",
      "Segments": [
        0,
        0,
        0,
        2.5,
        0
      ]
    },
    {
      "Target": "Parameter",
      "Id": "PARAM_TEAR_02",
      "Segments": [
        0,
        0,
        0,
        2.5,
        0
      ]
    },
    {
      "Target": "Parameter",
      "Id": "PARAM_TEAR_02_MOVE",
      "Segments": [
        0,
        0,
        0,
        2.5,
        0
      ]
    },
    {
      "Target": "Parameter",
      "Id": "PARAM_TEAR_03",
      "Segments": [
        0,
        0,
        0,
        2.5,
        0
      ]
    },
    {
      "Target": "Parameter",
      "Id": "PARAM_TEAR_03_MOVE",
      "Segments": [
        0,
        0,
        0,
        2.5,
        0
      ]
    },
    {
      "Target": "Parameter",
      "Id": "PARAM_SWEAT",
      "Segments": [
        0,
        0,
        0,
        2.5,
        0
      ]
    },
    {
      "Target": "Parameter",
      "Id": "PARAM_SWEAT_MOVE",
      "Segments": [
        0,
        0,
        0,
        2.5,
        0
      ]
    },
    {
      "Target": "Parameter",
      "Id": "PARAM_EYE_WHITE_00",
      "Segments": [
        0,
        1,
        0,
        2.5,
        1
      ]
    },
    {
      "Target": "Parameter",
      "Id": "PARAM_EYE_WHITE_01",
      "Segments": [
        0,
        0,
        0,
        2.5,
        0
      ]
    },
    {
      "Target": "Parameter",
      "Id": "PARAM_EYE_01",
      "Segments": [
        0,
        1,
        0,
        2.5,
        1
      ]
    },
    {
      "Target": "Parameter",
      "Id": "PARAM_EYE_02",
      "Segments": [
        0,
        0,
        0,
        2.5,
        0
      ]
    },
    {
      "Target": "Parameter",
      "Id": "PARAM_EYE_05",
      "Segments": [
        0,
        0,
        0,
        2.5,
        0
      ]
    },
    {
      "Target": "Parameter",
      "Id": "PARAM_MOUTH_01",
      "Segments": [
        0,
        1,
        0,
        2.5,
        1
      ]
    },
    {
      "Target": "Parameter",
      "Id": "PARAM_MOUTH_02",
      "Segments": [
        0,
        0,
        0,
        2.5,
        0
      ]
    },
    {
      "Target": "Parameter",
      "Id": "PARAM_BROW_01",
      "Segments": [
        0,
        1,
        0,
        2.5,
        1
      ]
    },
    {
      "Target": "Parameter",
      "Id": "PARAM_HAND_R_02",
      "Segments": [
        0,
        0,
        0,
        2.5,
        0
      ]
    },
    {
      "Target": "Parameter",
      "Id": "PARAM_HAND_R_03",
      "Segments": [
        0,
        0,
        0,
        2.5,
        0
      ]
    },
    {
      "Target": "Parameter",
      "Id": "PARAM_HAND_R_04",
      "Segments": [
        0,
        0,
        0,
        2.5,
        0
      ]
    },
    {
      "Target": "Parameter",
      "Id": "PARAM_HAND_R_05",
      "Segments": [
        0,
        0,
        0,
        2.5,
        0
      ]
    },
    {
      "Target": "Parameter",
      "Id": "PARAM_HAND_R_06",
      "Segments": [
        0,
        0,
        0,
        2.5,
        0
      ]
    },
    {
      "Target": "Parameter",
      "Id": "PARAM_HAND_R_08",
      "Segments": [
        0,
        0,
        0,
        2.5,
        0
      ]
    },
    {
      "Target": "Parameter",
      "Id": "PARAM_HAND_R_09",
      "Segments": [
        0,
        0,
        0,
        2.5,
        0
      ]
    },
    {
      "Target": "Parameter",
      "Id": "PARAM_HAND_R_10",
      "Segments": [
        0,
        0,
        0,
        2.5,
        0
      ]
    },
    {
      "Target": "Parameter",
      "Id": "PARAM_HAND_R_11",
      "Segments": [
        0,
        0,
        0,
        2.5,
        0
      ]
    },
    {
      "Target": "Parameter",
      "Id": "PARAM_HAND_R_12",
      "Segments": [
        0,
        0,
        0,
        2.5,
        0
      ]
    },
    {
      "Target": "Parameter",
      "Id": "PARAM_HAND_L_02",
      "Segments": [
        0,
        0,
        0,
        2.5,
        0
      ]
    },
    {
      "Target": "Parameter",
      "Id": "PARAM_HAND_L_03",
      "Segments": [
        0,
        0,
        0,
        2.5,
        0
      ]
    },
    {
      "Target": "Parameter",
      "Id": "PARAM_HAND_L_04",
      "Segments": [
        0,
        0,
        0,
        2.5,
        0
      ]
    },
    {
      "Target": "Parameter",
      "Id": "PARAM_HAND_L_05",
      "Segments": [
        0,
        0,
        0,
        2.5,
        0
      ]
    },
    {
      "Target": "Parameter",
      "Id": "PARAM_HAND_L_06",
      "Segments": [
        0,
        0,
        0,
        2.5,
        0
      ]
    },
    {
      "Target": "Parameter",
      "Id": "PARAM_HAND_L_08",
      "Segments": [
        0,
        0,
        0,
        2.5,
        0
      ]
    },
    {
      "Target": "Parameter",
      "Id": "PARAM_HAND_L_09",
      "Segments": [
        0,
        0,
        0,
        2.5,
        0
      ]
    },
    {
      "Target": "Parameter",
      "Id": "PARAM_HAND_L_10",
      "Segments": [
        0,
        0,
        0,
        2.5,
        0
      ]
    },
    {
      "Target": "Parameter",
      "Id": "PARAM_HAND_L_11",
      "Segments": [
        0,
        0,
        0,
        2.5,
        0
      ]
    },
    {
      "Target": "Parameter",
      "Id": "PARAM_HAND_L_12",
      "Segments": [
        0,
        0,
        0,
        2.5,
        0
      ]
    },
    {
      "Target": "Parameter",
      "Id": "PARAM_UPPER_BODY_FLUFFY",
      "Segments": [
        0,
        0,
        0,
        2.5,
        0
      ]
    },
    {
      "Target": "Parameter",
      "Id": "PARAM_LOWER_BODY_FLUFFY",
      "Segments": [
        0,
        0,
        0,
        2.5,
        0
      ]
    },
    {
      "Target": "Parameter",
      "Id": "PARAM_COLLAR_SHAKE_01",
      "Segments": [
        0,
        0,
        0,
        2.5,
        0
      ]
    },
    {
      "Target": "PartOpacity",
      "Id": "PartCore",
      "Segments": [
        0,
        1,
        0,
        2.5,
        1
      ]
    },
    {
      "Target": "PartOpacity",
      "Id": "PartFrontHair",
      "Segments": [
        0,
        1,
        0,
        2.5,
        1
      ]
    },
    {
      "Target": "PartOpacity",
      "Id": "PartEyeL",
      "Segments": [
        0,
        1,
        0,
        2.5,
        1
      ]
    },
    {
      "Target": "PartOpacity",
      "Id": "PartEyeR",
      "Segments": [
        0,
        1,
        0,
        2.5,
        1
      ]
    },
    {
      "Target": "PartOpacity",
      "Id": "PartCheek",
      "Segments": [
        0,
        1,
        0,
        2.5,
        1
      ]
    },
    {
      "Target": "PartOpacity",
      "Id": "PartHead",
      "Segments": [
        0,
        1,
        0,
        2.5,
        1
      ]
    },
    {
      "Target": "PartOpacity",
      "Id": "PartBackHair",
      "Segments": [
        0,
        1,
        0,
        2.5,
        1
      ]
    },
    {
      "Target": "PartOpacity",
      "Id": "PartExpression",
      "Segments": [
        0,
        1,
        0,
        2.5,
        1
      ]
    },
    {
      "Target": "PartOpacity",
      "Id": "PartNeck",
      "Segments": [
        0,
        1,
        0,
        2.5,
        1
      ]
    },
    {
      "Target": "PartOpacity",
      "Id": "PartUpperBody",
      "Segments": [
        0,
        1,
        0,
        2.5,
        1
      ]
    },
    {
      "Target": "PartOpacity",
      "Id": "PartArmR",
      "Segments": [
        0,
        1,
        0,
        2.5,
        1
      ]
    },
    {
      "Target": "PartOpacity",
      "Id": "PartHandR",
      "Segments": [
        0,
        1,
        0,
        2.5,
        1
      ]
    },
    {
      "Target": "PartOpacity",
      "Id": "PartArmL",
      "Segments": [
        0,
        1,
        0,
        2.5,
        1
      ]
    },
    {
      "Target": "PartOpacity",
      "Id": "PartHandL2",
      "Segments": [
        0,
        1,
        0,
        2.5,
        1
      ]
    },
    {
      "Target": "PartOpacity",
      "Id": "PartFoot",
      "Segments": [
        0,
        1,
        0,
        2.5,
        1
      ]
    }
  ],
  "UserData": []
}