{
  "Version": 3,
  "Meta": {
    "Duration": 2.83,
    "Fps": 30.0,
    "Loop": true,
    "AreBeziersRestricted": true,
    "CurveCount": 113,
    "TotalSegmentCount": 308,
    "TotalPointCount": 388,
    "UserDataCount": 0,
    "TotalUserDataSize": 0
  },
  "Curves": [
    {
      "Target": "Parameter",
      "Id": "PARAM_ANGLE_X",
      "Segments": [
        0,
        -4.739,
        1,
        0.133,
        -4.739,
        0.267,
        -4.289,
        0.4,
        0,
        1,
        0.478,
        2.502,
        0.555,
        15.093,
        0.633,
        15.093,
        0,
        0.8,
        0,
        2,
        2.833,
        0
      ]
    },
    {
      "Target": "Parameter",
      "Id": "PARAM_ANGLE_Y",
      "Segments": [
        0,
        -25.793,
        1,
        0.1,
        -25.793,
        0.2,
        -26.21,
        0.3,
        -22,
        1,
        0.4,
        -17.79,
        0.5,
        30,
        0.6,
        30,
        0,
        0.8,
        -30,
        0,
        0.867,
        -27.206,
        0,
        0.933,
        -28.046,
        0,
        1,
        -25.616,
        0,
        1.1,
        -26.364,
        0,
        1.167,
        -22.266,
        0,
        1.233,
        -22.878,
        0,
        1.333,
        -19.459,
        2,
        2.833,
        -19.459
      ]
    },
    {
      "Target": "Parameter",
      "Id": "PARAM_ANGLE_Z",
      "Segments": [
        0,
        12.223,
        0,
        0.233,
        26,
        0,
        0.533,
        -30,
        0,
        0.833,
        30,
        0,
        1.2,
        25.317,
        2,
        2.833,
        25.317
      ]
    },
    {
      "Target": "Parameter",
      "Id": "PARAM_EYE_R_OPEN",
      "Segments": [
        0,
        1,
        2,
        0.167,
        1,
        0,
        0.233,
        0,
        2,
        0.467,
        0,
        2,
        0.733,
        0,
        0,
        0.8,
        1.5,
        0,
        0.933,
        1.2,
        2,
        2.833,
        1.2
      ]
    },
    {
      "Target": "Parameter",
      "Id": "PARAM_EYE_R_SMILE",
      "Segments": [
        0,
        0.375,
        0,
        0.233,
        1,
        2,
        0.467,
        1,
        2,
        2.833,
        1
      ]
    },
    {
      "Target": "Parameter",
      "Id": "PARAM_EYE_L_OPEN",
      "Segments": [
        0,
        1,
        2,
        0.167,
        1,
        0,
        0.233,
        0,
        2,
        0.467,
        0,
        2,
        0.733,
        0,
        0,
        0.8,
        1.5,
        0,
        0.933,
        1.2,
        2,
        2.833,
        1.2
      ]
    },
    {
      "Target": "Parameter",
      "Id": "PARAM_EYE_L_SMILE",
      "Segments": [
        0,
        0.375,
        0,
        0.233,
        1,
        2,
        0.467,
        1,
        2,
        2.833,
        1
      ]
    },
    {
      "Target": "Parameter",
      "Id": "PARAM_EYE_BALL_X",
      "Segments": [
        0,
        0.073,
        0,
        0.733,
        -0.2,
        0,
        0.967,
        0,
        2,
        2.833,
        0
      ]
    },
    {
      "Target": "Parameter",
      "Id": "PARAM_EYE_SCALE",
      "Segments": [
        0,
        0,
        2,
        0.667,
        0,
        0,
        0.733,
        -1,
        2,
        2.833,
        -1
      ]
    },
    {
      "Target": "Parameter",
      "Id": "PARAM_BROW_R_FORM",
      "Segments": [
        0,
        -0.188,
        0,
        0.233,
        -0.5,
        2,
        0.733,
        -0.5,
        2,
        2.833,
        -0.5
      ]
    },
    {
      "Target": "Parameter",
      "Id": "PARAM_BROW_R_Y",
      "Segments": [
        0,
        -0.125,
        1,
        0.078,
        -0.125,
        0.155,
        -0.383,
        0.233,
        -0.5,
        1,
        0.4,
        -0.75,
        0.566,
        -0.8,
        0.733,
        -0.8,
        2,
        2.833,
        -0.8
      ]
    },
    {
      "Target": "Parameter",
      "Id": "PARAM_BROW_R_X",
      "Segments": [
        0,
        -0.263,
        0,
        0.233,
        -0.7,
        0,
        0.733,
        -0.5,
        2,
        2.833,
        -0.5
      ]
    },
    {
      "Target": "Parameter",
      "Id": "PARAM_BROW_R_ANGLE",
      "Segments": [
        0,
        -0.089,
        1,
        0.078,
        -0.089,
        0.155,
        -0.259,
        0.233,
        -0.3,
        1,
        0.4,
        -0.389,
        0.566,
        -0.4,
        0.733,
        -0.4,
        2,
        2.833,
        -0.4
      ]
    },
    {
      "Target": "Parameter",
      "Id": "PARAM_BROW_L_FORM",
      "Segments": [
        0,
        -0.188,
        0,
        0.233,
        -0.5,
        2,
        0.733,
        -0.5,
        2,
        2.833,
        -0.5
      ]
    },
    {
      "Target": "Parameter",
      "Id": "PARAM_BROW_L_Y",
      "Segments": [
        0,
        -0.125,
        1,
        0.078,
        -0.125,
        0.155,
        -0.383,
        0.233,
        -0.5,
        1,
        0.4,
        -0.75,
        0.566,
        -0.8,
        0.733,
        -0.8,
        2,
        2.833,
        -0.8
      ]
    },
    {
      "Target": "Parameter",
      "Id": "PARAM_BROW_L_X",
      "Segments": [
        0,
        -0.263,
        0,
        0.233,
        -0.7,
        0,
        0.733,
        -0.5,
        2,
        2.833,
        -0.5
      ]
    },
    {
      "Target": "Parameter",
      "Id": "PARAM_BROW_L_ANGLE",
      "Segments": [
        0,
        -0.089,
        1,
        0.078,
        -0.089,
        0.155,
        -0.259,
        0.233,
        -0.3,
        1,
        0.4,
        -0.389,
        0.566,
        -0.4,
        0.733,
        -0.4,
        2,
        2.833,
        -0.4
      ]
    },
    {
      "Target": "Parameter",
      "Id": "PARAM_SHOULDER_R_ROTATE",
      "Segments": [
        0,
        0.575,
        1,
        0.056,
        0.575,
        0.111,
        0.752,
        0.167,
        -3.84,
        1,
        0.267,
        -12.105,
        0.367,
        -23.029,
        0.467,
        -23.029,
        2,
        0.567,
        -23.029,
        0,
        0.8,
        -5.507,
        0,
        1.133,
        -6.181,
        2,
        2.833,
        -6.181
      ]
    },
    {
      "Target": "Parameter",
      "Id": "PARAM_ARM_R_ROTATE",
      "Segments": [
        0,
        3.492,
        0,
        0.167,
        5.25,
        1,
        0.278,
        5.25,
        0.389,
        1.106,
        0.5,
        -0.584,
        1,
        0.556,
        -1.429,
        0.611,
        -1.21,
        0.667,
        -1.21,
        0,
        0.833,
        -1.051,
        0,
        0.9,
        -1.24,
        0,
        0.967,
        -1.146,
        0,
        1.067,
        -1.264,
        2,
        2.833,
        -1.264
      ]
    },
    {
      "Target": "Parameter",
      "Id": "PARAM_HAND_R_ROTATE",
      "Segments": [
        0,
        5.318,
        1,
        0.067,
        5.318,
        0.133,
        0.817,
        0.2,
        -1,
        1,
        0.311,
        -4.028,
        0.422,
        -5.791,
        0.533,
        -8,
        1,
        0.589,
        -9.105,
        0.644,
        -9.423,
        0.7,
        -11,
        1,
        0.756,
        -12.577,
        0.811,
        -19,
        0.867,
        -19,
        0,
        0.933,
        -18.891,
        0,
        1,
        -19.131,
        0,
        1.067,
        -18.993,
        0,
        1.133,
        -19.191,
        0,
        1.2,
        -19.131,
        0,
        1.267,
        -19.311,
        2,
        2.833,
        -19.311
      ]
    },
    {
      "Target": "Parameter",
      "Id": "PARAM_SHOULDER_L_ROTATE",
      "Segments": [
        0,
        -1.846,
        1,
        0.056,
        -1.846,
        0.111,
        -2.141,
        0.167,
        -4.225,
        1,
        0.278,
        -8.393,
        0.389,
        -16.426,
        0.5,
        -19.261,
        1,
        0.522,
        -19.828,
        0.545,
        -19.561,
        0.567,
        -19.561,
        0,
        0.767,
        8.016,
        0,
        1.1,
        7.287,
        2,
        2.833,
        7.287
      ]
    },
    {
      "Target": "Parameter",
      "Id": "PARAM_ARM_L_ROTATE",
      "Segments": [
        0,
        3.719,
        0,
        0.167,
        4.956,
        1,
        0.311,
        4.956,
        0.456,
        2.24,
        0.6,
        -0.83,
        1,
        0.633,
        -1.539,
        0.667,
        -1.414,
        0.7,
        -1.414,
        0,
        0.8,
        -1.246,
        0,
        0.933,
        -1.414,
        0,
        1,
        -1.331,
        0,
        1.067,
        -1.451,
        2,
        2.833,
        -1.451
      ]
    },
    {
      "Target": "Parameter",
      "Id": "PARAM_HAND_L_ROTATE",
      "Segments": [
        0,
        12.36,
        0,
        0.167,
        18,
        1,
        0.322,
        18,
        0.478,
        -10.834,
        0.633,
        -14.86,
        1,
        0.7,
        -16.585,
        0.766,
        -16.257,
        0.833,
        -16.962,
        1,
        0.866,
        -17.314,
        0.9,
        -17.496,
        0.933,
        -17.496,
        0,
        1,
        -17.124,
        0,
        1.067,
        -18.004,
        0,
        1.133,
        -17.474,
        0,
        1.2,
        -18.149,
        0,
        1.267,
        -17.944,
        1,
        1.289,
        -17.944,
        1.311,
        -18.546,
        1.333,
        -18.558,
        1,
        1.522,
        -18.658,
        1.711,
        -18.692,
        1.9,
        -18.692,
        2,
        2.833,
        -18.692
      ]
    },
    {
      "Target": "Parameter",
      "Id": "PARAM_BODY_ANGLE_X",
      "Segments": [
        0,
        5.107,
        0,
        0.467,
        8,
        0,
        0.867,
        -7,
        0,
        1.2,
        -6,
        2,
        2.833,
        -6
      ]
    },
    {
      "Target": "Parameter",
      "Id": "PARAM_BODY_ANGLE_Y",
      "Segments": [
        0,
        2,
        0,
        0.167,
        1,
        0,
        0.333,
        10,
        1,
        0.411,
        10,
        0.489,
        10.012,
        0.567,
        6.615,
        1,
        0.634,
        3.703,
        0.7,
        -10,
        0.767,
        -10,
        0,
        1.1,
        -6,
        2,
        2.833,
        -6
      ]
    },
    {
      "Target": "Parameter",
      "Id": "PARAM_BODY_ANGLE_Z",
      "Segments": [
        0,
        0,
        2,
        0.167,
        0,
        0,
        0.467,
        -10,
        2,
        0.867,
        -10,
        2,
        2.833,
        -10
      ]
    },
    {
      "Target": "Parameter",
      "Id": "PARAM_STRETCH",
      "Segments": [
        0,
        0,
        0,
        0.167,
        -0.2,
        0,
        0.333,
        1,
        1,
        0.411,
        1,
        0.489,
        0.989,
        0.567,
        0.667,
        1,
        0.611,
        0.483,
        0.656,
        -0.8,
        0.7,
        -0.8,
        0,
        0.767,
        -0.736,
        0,
        0.833,
        -0.751,
        0,
        0.9,
        -0.712,
        0,
        1,
        -0.724,
        0,
        1.067,
        -0.662,
        0,
        1.133,
        -0.672,
        0,
        1.233,
        -0.621,
        2,
        2.833,
        -0.621
      ]
    },
    {
      "Target": "Parameter",
      "Id": "PARAM_SHOLDER_POSITION",
      "Segments": [
        0,
        -3.457,
        2,
        0.167,
        -3.457,
        0,
        0.4,
        10,
        1,
        0.467,
        10,
        0.533,
        9.945,
        0.6,
        7.935,
        1,
        0.644,
        6.595,
        0.689,
        -10,
        0.733,
        -10,
        0,
        0.8,
        -6.118,
        0,
        0.867,
        -9.213,
        0,
        0.933,
        -6.822,
        0,
        1.033,
        -8.583,
        0,
        1.1,
        -7.639,
        0,
        1.167,
        -8.136,
        2,
        2.833,
        -8.136
      ]
    },
    {
      "Target": "Parameter",
      "Id": "PARAM_POSITION_Y",
      "Segments": [
        0,
        0,
        2,
        0.167,
        0,
        0,
        0.333,
        0.1,
        0,
        0.567,
        -0.1,
        0,
        0.7,
        0,
        2,
        2.833,
        0
      ]
    },
    {
      "Target": "Parameter",
      "Id": "PARAM_ROTATION_Z",
      "Segments": [
        0,
        0.016,
        1,
        0.156,
        0.016,
        0.311,
        0.077,
        0.467,
        0.4,
        1,
        0.6,
        0.677,
        0.734,
        1,
        0.867,
        1,
        2,
        2.833,
        1
      ]
    },
    {
      "Target": "Parameter",
      "Id": "PARAM_HAIR_FRONT",
      "Segments": [
        0,
        0.218,
        0,
        0.267,
        0.631,
        0,
        0.533,
        -1,
        0,
        0.733,
        1,
        0,
        0.967,
        -0.43,
        0,
        1.2,
        0.116,
        0,
        1.4,
        -0.086,
        0,
        1.633,
        -0.038,
        0,
        1.833,
        -0.056,
        0,
        2.033,
        -0.049,
        0,
        2.233,
        -0.052,
        0,
        2.467,
        -0.051,
        2,
        2.667,
        -0.051,
        2,
        2.833,
        -0.051
      ]
    },
    {
      "Target": "Parameter",
      "Id": "PARAM_HAIR_SIDE",
      "Segments": [
        0,
        0.273,
        0,
        0.267,
        0.8,
        0,
        0.533,
        -1,
        0,
        0.767,
        1,
        0,
        1,
        -0.551,
        0,
        1.233,
        0.189,
        0,
        1.467,
        -0.099,
        0,
        1.7,
        -0.032,
        0,
        1.933,
        -0.059,
        0,
        2.167,
        -0.048,
        0,
        2.4,
        -0.052,
        0,
        2.6,
        -0.051,
        2,
        2.833,
        -0.051
      ]
    },
    {
      "Target": "Parameter",
      "Id": "PARAM_HAIR_BACK_01",
      "Segments": [
        0,
        0.037,
        0,
        0.267,
        0.085,
        0,
        0.567,
        -0.323,
        0,
        0.767,
        0.253,
        0,
        1,
        -0.337,
        0,
        1.267,
        0.073,
        0,
        1.5,
        -0.102,
        0,
        1.733,
        -0.03,
        0,
        1.967,
        -0.059,
        0,
        2.2,
        -0.048,
        0,
        2.467,
        -0.052,
        0,
        2.7,
        -0.051,
        2,
        2.833,
        -0.051
      ]
    },
    {
      "Target": "Parameter",
      "Id": "PARAM_FLUFFY",
      "Segments": [
        0,
        0.084,
        0,
        0.167,
        0.152,
        0,
        0.567,
        -1,
        2,
        0.7,
        -1,
        0,
        0.867,
        0.814,
        0,
        1.267,
        -0.307,
        0,
        1.733,
        0.08,
        0,
        2.2,
        -0.115,
        0,
        2.7,
        -0.02,
        2,
        2.833,
        -0.02
      ]
    },
    {
      "Target": "Parameter",
      "Id": "PARAM_CHEEK_01",
      "Segments": [
        0,
        1,
        2,
        0.567,
        1,
        0,
        0.767,
        1.5,
        2,
        2.833,
        1.5
      ]
    },
    {
      "Target": "Parameter",
      "Id": "PARAM_CHEEK_03",
      "Segments": [
        0,
        0,
        2,
        0.567,
        0,
        0,
        0.767,
        0.4,
        2,
        2.833,
        0.4
      ]
    },
    {
      "Target": "Parameter",
      "Id": "PARAM_TEAR_01",
      "Segments": [
        0,
        0,
        2,
        0.233,
        0,
        0,
        0.3,
        1,
        2,
        2.833,
        1
      ]
    },
    {
      "Target": "Parameter",
      "Id": "PARAM_EYE_01",
      "Segments": [
        0,
        1,
        2,
        0.7,
        1,
        0,
        0.733,
        0,
        2,
        2.833,
        0
      ]
    },
    {
      "Target": "Parameter",
      "Id": "PARAM_EYE_02",
      "Segments": [
        0,
        0,
        2,
        0.7,
        0,
        0,
        0.733,
        1,
        2,
        2.833,
        1
      ]
    },
    {
      "Target": "Parameter",
      "Id": "PARAM_MOUTH_01",
      "Segments": [
        0,
        1,
        2,
        0.7,
        1,
        0,
        0.733,
        0,
        2,
        2.833,
        0
      ]
    },
    {
      "Target": "Parameter",
      "Id": "PARAM_MOUTH_02",
      "Segments": [
        0,
        0,
        2,
        0.7,
        0,
        1,
        0.711,
        0,
        0.722,
        0.403,
        0.733,
        0.5,
        1,
        0.778,
        0.889,
        0.822,
        1,
        0.867,
        1,
        0,
        0.967,
        0.934,
        2,
        2.833,
        0.934
      ]
    },
    {
      "Target": "Model",
      "Id": "Opacity",
      "Segments": [
        0,
        1,
        0,
        2.83,
        1
      ]
    },
    {
      "Target": "Parameter",
      "Id": "PARAM_EYE_FORM",
      "Segments": [
        0,
        0,
        0,
        2.83,
        0
      ]
    },
    {
      "Target": "Parameter",
      "Id": "PARAM_EYE_BALL_Y",
      "Segments": [
        0,
        0.2,
        0,
        2.83,
        0.2
      ]
    },
    {
      "Target": "Parameter",
      "Id": "PARAM_TEAR_LEAP_01",
      "Segments": [
        0,
        0,
        0,
        2.83,
        0
      ]
    },
    {
      "Target": "Parameter",
      "Id": "EYE_TWINKLE_01",
      "Segments": [
        0,
        0,
        0,
        2.83,
        0
      ]
    },
    {
      "Target": "Parameter",
      "Id": "PARAM_LIGHT",
      "Segments": [
        0,
        0,
        0,
        2.83,
        0
      ]
    },
    {
      "Target": "Parameter",
      "Id": "PARAM_MOUTH_OPEN_Y",
      "Segments": [
        0,
        0,
        0,
        2.83,
        0
      ]
    },
    {
      "Target": "Parameter",
      "Id": "PARAM_MOUTH_FORM_01",
      "Segments": [
        0,
        -2,
        0,
        2.83,
        -2
      ]
    },
    {
      "Target": "Parameter",
      "Id": "PARAM_MOUTH_POS_Y",
      "Segments": [
        0,
        0,
        0,
        2.83,
        0
      ]
    },
    {
      "Target": "Parameter",
      "Id": "PARAM_MOUTH_SCALE",
      "Segments": [
        0,
        0,
        0,
        2.83,
        0
      ]
    },
    {
      "Target": "Parameter",
      "Id": "PARAM_MOUTH_SCALE_Y",
      "Segments": [
        0,
        0,
        0,
        2.83,
        0
      ]
    },
    {
      "Target": "Parameter",
      "Id": "PARAM_ARM_R_ORDER",
      "Segments": [
        0,
        1,
        0,
        2.83,
        1
      ]
    },
    {
      "Target": "Parameter",
      "Id": "PARAM_ARM_L_ORDER",
      "Segments": [
        0,
        1,
        0,
        2.83,
        1
      ]
    },
    {
      "Target": "Parameter",
      "Id": "PARAM_BREATH",
      "Segments": [
        0,
        0,
        0,
        2.83,
        0
      ]
    },
    {
      "Target": "Parameter",
      "Id": "PARAM_POSITION_X",
      "Segments": [
        0,
        0,
        0,
        2.83,
        0
      ]
    },
    {
      "Target": "Parameter",
      "Id": "PARAM_FACE_SHADOW",
      "Segments": [
        0,
        0,
        0,
        2.83,
        0
      ]
    },
    {
      "Target": "Parameter",
      "Id": "PARAM_FACE_CHANGE",
      "Segments": [
        0,
        0,
        0,
        2.83,
        0
      ]
    },
    {
      "Target": "Parameter",
      "Id": "PARAM_CHEEK_02",
      "Segments": [
        0,
        0,
        0,
        2.83,
        0
      ]
    },
    {
      "Target": "Parameter",
      "Id": "PARAM_CHEEK_04",
      "Segments": [
        0,
        0,
        0,
        2.83,
        0
      ]
    },
    {
      "Target": "Parameter",
      "Id": "PARAM_CHEEK_05",
      "Segments": [
        0,
        0,
        0,
        2.83,
        0
      ]
    },
    {
      "Target": "Parameter",
      "Id": "PARAM_TEAR_02",
      "Segments": [
        0,
        0,
        0,
        2.83,
        0
      ]
    },
    {
      "Target": "Parameter",
      "Id": "PARAM_TEAR_02_MOVE",
      "Segments": [
        0,
        0,
        0,
        2.83,
        0
      ]
    },
    {
      "Target": "Parameter",
      "Id": "PARAM_TEAR_03",
      "Segments": [
        0,
        0,
        0,
        2.83,
        0
      ]
    },
    {
      "Target": "Parameter",
      "Id": "PARAM_TEAR_03_MOVE",
      "Segments": [
        0,
        0,
        0,
        2.83,
        0
      ]
    },
    {
      "Target": "Parameter",
      "Id": "PARAM_SWEAT",
      "Segments": [
        0,
        0,
        0,
        2.83,
        0
      ]
    },
    {
      "Target": "Parameter",
      "Id": "PARAM_SWEAT_MOVE",
      "Segments": [
        0,
        0,
        0,
        2.83,
        0
      ]
    },
    {
      "Target": "Parameter",
      "Id": "PARAM_EYE_WHITE_00",
      "Segments": [
        0,
        1,
        0,
        2.83,
        1
      ]
    },
    {
      "Target": "Parameter",
      "Id": "PARAM_EYE_WHITE_01",
      "Segments": [
        0,
        0,
        0,
        2.83,
        0
      ]
    },
    {
      "Target": "Parameter",
      "Id": "PARAM_EYE_05",
      "Segments": [
        0,
        0,
        0,
        2.83,
        0
      ]
    },
    {
      "Target": "Parameter",
      "Id": "PARAM_BROW_01",
      "Segments": [
        0,
        1,
        0,
        2.83,
        1
      ]
    },
    {
      "Target": "Parameter",
      "Id": "PARAM_HAND_R_01",
      "Segments": [
        0,
        0,
        0,
        2.83,
        0
      ]
    },
    {
      "Target": "Parameter",
      "Id": "PARAM_HAND_R_02",
      "Segments": [
        0,
        0,
        0,
        2.83,
        0
      ]
    },
    {
      "Target": "Parameter",
      "Id": "PARAM_HAND_R_03",
      "Segments": [
        0,
        0,
        0,
        2.83,
        0
      ]
    },
    {
      "Target": "Parameter",
      "Id": "PARAM_HAND_R_04",
      "Segments": [
        0,
        0,
        0,
        2.83,
        0
      ]
    },
    {
      "Target": "Parameter",
      "Id": "PARAM_HAND_R_05",
      "Segments": [
        0,
        0,
        0,
        2.83,
        0
      ]
    },
    {
      "Target": "Parameter",
      "Id": "PARAM_HAND_R_06",
      "Segments": [
        0,
        0,
        0,
        2.83,
        0
      ]
    },
    {
      "Target": "Parameter",
      "Id": "PARAM_HAND_R_07",
      "Segments": [
        0,
        0,
        0,
        2.83,
        0
      ]
    },
    {
      "Target": "Parameter",
      "Id": "PARAM_HAND_R_08",
      "Segments": [
        0,
        0,
        0,
        2.83,
        0
      ]
    },
    {
      "Target": "Parameter",
      "Id": "PARAM_HAND_R_09",
      "Segments": [
        0,
        0,
        0,
        2.83,
        0
      ]
    },
    {
      "Target": "Parameter",
      "Id": "PARAM_HAND_R_10",
      "Segments": [
        0,
        1,
        0,
        2.83,
        1
      ]
    },
    {
      "Target": "Parameter",
      "Id": "PARAM_HAND_R_11",
      "Segments": [
        0,
        0,
        0,
        2.83,
        0
      ]
    },
    {
      "Target": "Parameter",
      "Id": "PARAM_HAND_R_12",
      "Segments": [
        0,
        0,
        0,
        2.83,
        0
      ]
    },
    {
      "Target": "Parameter",
      "Id": "PARAM_HAND_L_01",
      "Segments": [
        0,
        0,
        0,
        2.83,
        0
      ]
    },
    {
      "Target": "Parameter",
      "Id": "PARAM_HAND_L_02",
      "Segments": [
        0,
        0,
        0,
        2.83,
        0
      ]
    },
    {
      "Target": "Parameter",
      "Id": "PARAM_HAND_L_03",
      "Segments": [
        0,
        0,
        0,
        2.83,
        0
      ]
    },
    {
      "Target": "Parameter",
      "Id": "PARAM_HAND_L_04",
      "Segments": [
        0,
        0,
        0,
        2.83,
        0
      ]
    },
    {
      "Target": "Parameter",
      "Id": "PARAM_HAND_L_05",
      "Segments": [
        0,
        0,
        0,
        2.83,
        0
      ]
    },
    {
      "Target": "Parameter",
      "Id": "PARAM_HAND_L_06",
      "Segments": [
        0,
        0,
        0,
        2.83,
        0
      ]
    },
    {
      "Target": "Parameter",
      "Id": "PARAM_HAND_L_07",
      "Segments": [
        0,
        0,
        0,
        2.83,
        0
      ]
    },
    {
      "Target": "Parameter",
      "Id": "PARAM_HAND_L_08",
      "Segments": [
        0,
        0,
        0,
        2.83,
        0
      ]
    },
    {
      "Target": "Parameter",
      "Id": "PARAM_HAND_L_09",
      "Segments": [
        0,
        0,
        0,
        2.83,
        0
      ]
    },
    {
      "Target": "Parameter",
      "Id": "PARAM_HAND_L_10",
      "Segments": [
        0,
        1,
        0,
        2.83,
        1
      ]
    },
    {
      "Target": "Parameter",
      "Id": "PARAM_HAND_L_11",
      "Segments": [
        0,
        0,
        0,
        2.83,
        0
      ]
    },
    {
      "Target": "Parameter",
      "Id": "PARAM_HAND_L_12",
      "Segments": [
        0,
        0,
        0,
        2.83,
        0
      ]
    },
    {
      "Target": "Parameter",
      "Id": "PARAM_UPPER_BODY_FLUFFY",
      "Segments": [
        0,
        0,
        0,
        2.83,
        0
      ]
    },
    {
      "Target": "Parameter",
      "Id": "PARAM_LOWER_BODY_FLUFFY",
      "Segments": [
        0,
        0,
        0,
        2.83,
        0
      ]
    },
    {
      "Target": "Parameter",
      "Id": "PARAM_COLLAR_SHAKE_01",
      "Segments": [
        0,
        0,
        0,
        2.83,
        0
      ]
    },
    {
      "Target": "PartOpacity",
      "Id": "PartCore",
      "Segments": [
        0,
        1,
        0,
        2.83,
        1
      ]
    },
    {
      "Target": "PartOpacity",
      "Id": "PartFrontHair",
      "Segments": [
        0,
        1,
        0,
        2.83,
        1
      ]
    },
    {
      "Target": "PartOpacity",
      "Id": "PartEyeL",
      "Segments": [
        0,
        1,
        0,
        2.83,
        1
      ]
    },
    {
      "Target": "PartOpacity",
      "Id": "PartEyeR",
      "Segments": [
        0,
        1,
        0,
        2.83,
        1
      ]
    },
    {
      "Target": "PartOpacity",
      "Id": "PartCheek",
      "Segments": [
        0,
        1,
        0,
        2.83,
        1
      ]
    },
    {
      "Target": "PartOpacity",
      "Id": "PartHead",
      "Segments": [
        0,
        1,
        0,
        2.83,
        1
      ]
    },
    {
      "Target": "PartOpacity",
      "Id": "PartBackHair",
      "Segments": [
        0,
        1,
        0,
        2.83,
        1
      ]
    },
    {
      "Target": "PartOpacity",
      "Id": "PartExpression",
      "Segments": [
        0,
        1,
        0,
        2.83,
        1
      ]
    },
    {
      "Target": "PartOpacity",
      "Id": "PartNeck",
      "Segments": [
        0,
        1,
        0,
        2.83,
        1
      ]
    },
    {
      "Target": "PartOpacity",
      "Id": "PartUpperBody",
      "Segments": [
        0,
        1,
        0,
        2.83,
        1
      ]
    },
    {
      "Target": "PartOpacity",
      "Id": "PartArmR",
      "Segments": [
        0,
        1,
        0,
        2.83,
        1
      ]
    },
    {
      "Target": "PartOpacity",
      "Id": "PartHandR",
      "Segments": [
        0,
        1,
        0,
        2.83,
        1
      ]
    },
    {
      "Target": "PartOpacity",
      "Id": "PartArmL",
      "Segments": [
        0,
        1,
        0,
        2.83,
        1
      ]
    },
    {
      "Target": "PartOpacity",
      "Id": "PartHandL2",
      "Segments": [
        0,
        1,
        0,
        2.83,
        1
      ]
    },
    {
      "Target": "PartOpacity",
      "Id": "PartFoot",
      "Segments": [
        0,
        1,
        0,
        2.83,
        1
      ]
    }
  ],
  "UserData": []
}