{
  "Version": 3,
  "Meta": {
    "Duration": 2.33,
    "Fps": 30.0,
    "Loop": true,
    "AreBeziersRestricted": true,
    "CurveCount": 113,
    "TotalSegmentCount": 254,
    "TotalPointCount": 306,
    "UserDataCount": 0,
    "TotalUserDataSize": 0
  },
  "Curves": [
    {
      "Target": "Parameter",
      "Id": "PARAM_ANGLE_X",
      "Segments": [
        0,
        0.434,
        0,
        0.233,
        2,
        0,
        1.033,
        -7,
        0,
        1.8,
        -6,
        2,
        2.333,
        -6
      ]
    },
    {
      "Target": "Parameter",
      "Id": "PARAM_ANGLE_Y",
      "Segments": [
        0,
        0.833,
        0,
        0.3,
        -5,
        0,
        0.6,
        7,
        0,
        1.133,
        -28,
        1,
        1.266,
        -28,
        1.4,
        -20.911,
        1.533,
        -19,
        1,
        1.622,
        -17.726,
        1.711,
        -18,
        1.8,
        -18,
        2,
        2.333,
        -18
      ]
    },
    {
      "Target": "Parameter",
      "Id": "PARAM_ANGLE_Z",
      "Segments": [
        0,
        1.085,
        0,
        0.233,
        5,
        0,
        1.033,
        -16,
        0,
        1.8,
        -12,
        2,
        2.333,
        -12
      ]
    },
    {
      "Target": "Parameter",
      "Id": "PARAM_EYE_R_OPEN",
      "Segments": [
        0,
        1,
        2,
        0.6,
        1,
        0,
        0.733,
        0,
        2,
        2.333,
        0
      ]
    },
    {
      "Target": "Parameter",
      "Id": "PARAM_EYE_R_SMILE",
      "Segments": [
        0,
        0,
        2,
        0.6,
        0,
        0,
        0.733,
        1,
        2,
        2.333,
        1
      ]
    },
    {
      "Target": "Parameter",
      "Id": "PARAM_EYE_L_OPEN",
      "Segments": [
        0,
        1,
        2,
        0.6,
        1,
        0,
        0.733,
        0,
        2,
        2.333,
        0
      ]
    },
    {
      "Target": "Parameter",
      "Id": "PARAM_EYE_L_SMILE",
      "Segments": [
        0,
        0,
        2,
        0.6,
        0,
        0,
        0.733,
        1,
        2,
        2.333,
        1
      ]
    },
    {
      "Target": "Parameter",
      "Id": "PARAM_EYE_BALL_X",
      "Segments": [
        0,
        -0.003,
        0,
        0.233,
        -0.067,
        0,
        1.033,
        0.233,
        0,
        1.8,
        0.2,
        2,
        2.333,
        0.2
      ]
    },
    {
      "Target": "Parameter",
      "Id": "PARAM_EYE_BALL_Y",
      "Segments": [
        0,
        0.006,
        0,
        0.3,
        0.2,
        0,
        0.633,
        -0.233,
        0,
        1.133,
        1,
        1,
        1.244,
        1,
        1.356,
        0.741,
        1.467,
        0.667,
        1,
        1.578,
        0.593,
        1.689,
        0.6,
        1.8,
        0.6,
        2,
        2.333,
        0.6
      ]
    },
    {
      "Target": "Parameter",
      "Id": "PARAM_TEAR_LEAP_01",
      "Segments": [
        0,
        0,
        2,
        0.9,
        0,
        0,
        1,
        1,
        0,
        1.1,
        0,
        0,
        1.2,
        1,
        0,
        1.3,
        0,
        0,
        1.4,
        1,
        0,
        1.5,
        0,
        0,
        1.6,
        1,
        0,
        1.7,
        0,
        0,
        1.8,
        1,
        0,
        1.9,
        0,
        0,
        2,
        1,
        2,
        2.333,
        1
      ]
    },
    {
      "Target": "Parameter",
      "Id": "PARAM_BROW_R_FORM",
      "Segments": [
        0,
        0,
        2,
        0.6,
        0,
        0,
        0.833,
        -0.5,
        2,
        2.333,
        -0.5
      ]
    },
    {
      "Target": "Parameter",
      "Id": "PARAM_BROW_R_Y",
      "Segments": [
        0,
        0,
        2,
        0.6,
        0,
        0,
        0.833,
        -0.5,
        2,
        2.333,
        -0.5
      ]
    },
    {
      "Target": "Parameter",
      "Id": "PARAM_BROW_R_X",
      "Segments": [
        0,
        0,
        2,
        0.6,
        0,
        0,
        0.833,
        -0.2,
        2,
        2.333,
        -0.2
      ]
    },
    {
      "Target": "Parameter",
      "Id": "PARAM_BROW_R_ANGLE",
      "Segments": [
        0,
        0.3,
        2,
        0.6,
        0.3,
        0,
        0.833,
        -0.6,
        2,
        2.333,
        -0.6
      ]
    },
    {
      "Target": "Parameter",
      "Id": "PARAM_BROW_L_FORM",
      "Segments": [
        0,
        0,
        2,
        0.6,
        0,
        0,
        0.833,
        -0.5,
        2,
        2.333,
        -0.5
      ]
    },
    {
      "Target": "Parameter",
      "Id": "PARAM_BROW_L_Y",
      "Segments": [
        0,
        0,
        2,
        0.6,
        0,
        0,
        0.833,
        -0.5,
        2,
        2.333,
        -0.5
      ]
    },
    {
      "Target": "Parameter",
      "Id": "PARAM_BROW_L_X",
      "Segments": [
        0,
        0,
        2,
        0.6,
        0,
        0,
        0.833,
        -0.2,
        2,
        2.333,
        -0.2
      ]
    },
    {
      "Target": "Parameter",
      "Id": "PARAM_BROW_L_ANGLE",
      "Segments": [
        0,
        0.3,
        2,
        0.6,
        0.3,
        0,
        0.833,
        -0.6,
        2,
        2.333,
        -0.6
      ]
    },
    {
      "Target": "Parameter",
      "Id": "PARAM_MOUTH_FORM_01",
      "Segments": [
        0,
        -1.006,
        1,
        0.133,
        -1.006,
        0.267,
        -1.402,
        0.4,
        -1.8,
        1,
        0.467,
        -1.999,
        0.533,
        -2,
        0.6,
        -2,
        0,
        0.833,
        -1.4,
        2,
        2.333,
        -1.4
      ]
    },
    {
      "Target": "Parameter",
      "Id": "PARAM_MOUTH_SCALE",
      "Segments": [
        0,
        0,
        2,
        0.6,
        0,
        0,
        0.833,
        1,
        2,
        2.333,
        1
      ]
    },
    {
      "Target": "Parameter",
      "Id": "PARAM_MOUTH_SCALE_Y",
      "Segments": [
        0,
        0,
        2,
        0.6,
        0,
        0,
        0.833,
        -1,
        2,
        2.333,
        -1
      ]
    },
    {
      "Target": "Parameter",
      "Id": "PARAM_SHOULDER_R_ROTATE",
      "Segments": [
        0,
        -8.074,
        1,
        0.111,
        -8.074,
        0.222,
        -11.216,
        0.333,
        -14,
        1,
        0.378,
        -15.113,
        0.422,
        -15,
        0.467,
        -15,
        0,
        0.8,
        6,
        1,
        0.911,
        6,
        1.022,
        4.443,
        1.133,
        4,
        1,
        1.355,
        3.114,
        1.578,
        3,
        1.8,
        3,
        2,
        2.333,
        3
      ]
    },
    {
      "Target": "Parameter",
      "Id": "PARAM_ARM_R_ROTATE",
      "Segments": [
        0,
        -0.987,
        0,
        0.467,
        0,
        0,
        0.8,
        -2,
        1,
        0.911,
        -2,
        1.022,
        -1.294,
        1.133,
        -1.2,
        1,
        1.355,
        -1.012,
        1.578,
        -1,
        1.8,
        -1,
        2,
        2.333,
        -1
      ]
    },
    {
      "Target": "Parameter",
      "Id": "PARAM_HAND_R_ROTATE",
      "Segments": [
        0,
        -11,
        2,
        0.167,
        -11,
        0,
        0.533,
        -7,
        0,
        0.867,
        -18,
        0,
        1.8,
        -14,
        2,
        2.333,
        -14
      ]
    },
    {
      "Target": "Parameter",
      "Id": "PARAM_SHOULDER_L_ROTATE",
      "Segments": [
        0,
        -8.074,
        1,
        0.111,
        -8.074,
        0.222,
        -11.216,
        0.333,
        -14,
        1,
        0.378,
        -15.113,
        0.422,
        -15,
        0.467,
        -15,
        0,
        0.8,
        -2,
        1,
        0.911,
        -2,
        1.022,
        -3.557,
        1.133,
        -4,
        1,
        1.355,
        -4.886,
        1.578,
        -5,
        1.8,
        -5,
        2,
        2.333,
        -5
      ]
    },
    {
      "Target": "Parameter",
      "Id": "PARAM_ARM_L_ROTATE",
      "Segments": [
        0,
        -0.987,
        0,
        0.467,
        0,
        0,
        0.8,
        -2,
        1,
        0.911,
        -2,
        1.022,
        -1.294,
        1.133,
        -1.2,
        1,
        1.355,
        -1.012,
        1.578,
        -1,
        1.8,
        -1,
        2,
        2.333,
        -1
      ]
    },
    {
      "Target": "Parameter",
      "Id": "PARAM_HAND_L_ROTATE",
      "Segments": [
        0,
        -11,
        2,
        0.167,
        -11,
        0,
        0.533,
        -8,
        0,
        0.867,
        -18,
        0,
        1.8,
        -14,
        2,
        2.333,
        -14
      ]
    },
    {
      "Target": "Parameter",
      "Id": "PARAM_BODY_ANGLE_X",
      "Segments": [
        0,
        0.015,
        0,
        0.9,
        4,
        0,
        1.7,
        3,
        2,
        2.333,
        3
      ]
    },
    {
      "Target": "Parameter",
      "Id": "PARAM_BODY_ANGLE_Y",
      "Segments": [
        0,
        0,
        0,
        0.167,
        -1,
        0,
        0.5,
        3,
        0,
        1.033,
        -5,
        1,
        1.166,
        -5,
        1.3,
        -3.422,
        1.433,
        -2,
        1,
        1.522,
        -1.052,
        1.611,
        -1,
        1.7,
        -1,
        2,
        2.333,
        -1
      ]
    },
    {
      "Target": "Parameter",
      "Id": "PARAM_BODY_ANGLE_Z",
      "Segments": [
        0,
        0.026,
        0,
        0.9,
        7,
        0,
        1.7,
        6,
        2,
        2.333,
        6
      ]
    },
    {
      "Target": "Parameter",
      "Id": "PARAM_STRETCH",
      "Segments": [
        0,
        -0.066,
        1,
        0.1,
        -0.066,
        0.2,
        0.323,
        0.3,
        0.6,
        1,
        0.344,
        0.723,
        0.389,
        0.7,
        0.433,
        0.7,
        0,
        0.9,
        -0.5,
        1,
        1.033,
        -0.5,
        1.167,
        -0.3,
        1.3,
        -0.2,
        1,
        1.433,
        -0.1,
        1.567,
        -0.1,
        1.7,
        -0.1,
        2,
        2.333,
        -0.1
      ]
    },
    {
      "Target": "Parameter",
      "Id": "PARAM_SHOLDER_POSITION",
      "Segments": [
        0,
        -2,
        0,
        0.167,
        -5,
        0,
        0.5,
        10,
        0,
        1.033,
        -10,
        1,
        1.166,
        -10,
        1.3,
        -8.422,
        1.433,
        -7,
        1,
        1.522,
        -6.052,
        1.611,
        -6,
        1.7,
        -6,
        2,
        2.333,
        -6
      ]
    },
    {
      "Target": "Parameter",
      "Id": "PARAM_ROTATION_Z",
      "Segments": [
        0,
        -0.004,
        0,
        0.9,
        -1,
        0,
        1.7,
        -0.9,
        2,
        2.333,
        -0.9
      ]
    },
    {
      "Target": "Parameter",
      "Id": "PARAM_HAIR_FRONT",
      "Segments": [
        0,
        -0.016,
        0,
        0.067,
        -0.033,
        0,
        0.367,
        0.115,
        0,
        1.1,
        -0.046,
        0,
        1.3,
        -0.004,
        0,
        1.5,
        -0.013,
        0,
        1.867,
        0.01,
        0,
        2.033,
        -0.008,
        0,
        2.1,
        0,
        2,
        2.333,
        0
      ]
    },
    {
      "Target": "Parameter",
      "Id": "PARAM_HAIR_SIDE",
      "Segments": [
        0,
        -0.008,
        0,
        0.1,
        -0.023,
        0,
        0.433,
        0.103,
        0,
        1.133,
        -0.037,
        0,
        1.433,
        -0.001,
        0,
        1.633,
        -0.009,
        0,
        1.833,
        0,
        2,
        2.333,
        0
      ]
    },
    {
      "Target": "Parameter",
      "Id": "PARAM_HAIR_BACK_01",
      "Segments": [
        0,
        -0.014,
        0,
        0.067,
        -0.029,
        0,
        0.367,
        0.1,
        0,
        1.1,
        -0.04,
        0,
        1.3,
        -0.003,
        0,
        1.5,
        -0.011,
        0,
        1.867,
        0.009,
        0,
        2.033,
        -0.007,
        0,
        2.1,
        0,
        2,
        2.333,
        0
      ]
    },
    {
      "Target": "Parameter",
      "Id": "PARAM_FLUFFY",
      "Segments": [
        0,
        0.043,
        0,
        0.167,
        0.135,
        0,
        0.5,
        -0.331,
        0,
        0.867,
        0.591,
        0,
        1.267,
        -0.562,
        0,
        1.667,
        0.313,
        0,
        2.067,
        -0.149,
        0,
        2.333,
        0.036
      ]
    },
    {
      "Target": "Parameter",
      "Id": "PARAM_CHEEK_01",
      "Segments": [
        0,
        1.052,
        0,
        0.133,
        1.5,
        2,
        2.333,
        1.5
      ]
    },
    {
      "Target": "Parameter",
      "Id": "PARAM_TEAR_01",
      "Segments": [
        0,
        0,
        2,
        0.567,
        0,
        0,
        0.7,
        1,
        2,
        2.333,
        1
      ]
    },
    {
      "Target": "Model",
      "Id": "Opacity",
      "Segments": [
        0,
        1,
        0,
        2.33,
        1
      ]
    },
    {
      "Target": "Parameter",
      "Id": "PARAM_EYE_FORM",
      "Segments": [
        0,
        0,
        0,
        2.33,
        0
      ]
    },
    {
      "Target": "Parameter",
      "Id": "PARAM_EYE_SCALE",
      "Segments": [
        0,
        0,
        0,
        2.33,
        0
      ]
    },
    {
      "Target": "Parameter",
      "Id": "EYE_TWINKLE_01",
      "Segments": [
        0,
        0,
        0,
        2.33,
        0
      ]
    },
    {
      "Target": "Parameter",
      "Id": "PARAM_LIGHT",
      "Segments": [
        0,
        0,
        0,
        2.33,
        0
      ]
    },
    {
      "Target": "Parameter",
      "Id": "PARAM_MOUTH_OPEN_Y",
      "Segments": [
        0,
        0,
        0,
        2.33,
        0
      ]
    },
    {
      "Target": "Parameter",
      "Id": "PARAM_MOUTH_POS_Y",
      "Segments": [
        0,
        0,
        0,
        2.33,
        0
      ]
    },
    {
      "Target": "Parameter",
      "Id": "PARAM_ARM_R_ORDER",
      "Segments": [
        0,
        1,
        0,
        2.33,
        1
      ]
    },
    {
      "Target": "Parameter",
      "Id": "PARAM_ARM_L_ORDER",
      "Segments": [
        0,
        1,
        0,
        2.33,
        1
      ]
    },
    {
      "Target": "Parameter",
      "Id": "PARAM_BREATH",
      "Segments": [
        0,
        0,
        0,
        2.33,
        0
      ]
    },
    {
      "Target": "Parameter",
      "Id": "PARAM_POSITION_X",
      "Segments": [
        0,
        0,
        0,
        2.33,
        0
      ]
    },
    {
      "Target": "Parameter",
      "Id": "PARAM_POSITION_Y",
      "Segments": [
        0,
        0,
        0,
        2.33,
        0
      ]
    },
    {
      "Target": "Parameter",
      "Id": "PARAM_FACE_SHADOW",
      "Segments": [
        0,
        0,
        0,
        2.33,
        0
      ]
    },
    {
      "Target": "Parameter",
      "Id": "PARAM_FACE_CHANGE",
      "Segments": [
        0,
        0,
        0,
        2.33,
        0
      ]
    },
    {
      "Target": "Parameter",
      "Id": "PARAM_CHEEK_02",
      "Segments": [
        0,
        0,
        0,
        2.33,
        0
      ]
    },
    {
      "Target": "Parameter",
      "Id": "PARAM_CHEEK_03",
      "Segments": [
        0,
        0,
        0,
        2.33,
        0
      ]
    },
    {
      "Target": "Parameter",
      "Id": "PARAM_CHEEK_04",
      "Segments": [
        0,
        0,
        0,
        2.33,
        0
      ]
    },
    {
      "Target": "Parameter",
      "Id": "PARAM_CHEEK_05",
      "Segments": [
        0,
        0,
        0,
        2.33,
        0
      ]
    },
    {
      "Target": "Parameter",
      "Id": "PARAM_TEAR_02",
      "Segments": [
        0,
        0,
        0,
        2.33,
        0
      ]
    },
    {
      "Target": "Parameter",
      "Id": "PARAM_TEAR_02_MOVE",
      "Segments": [
        0,
        0,
        0,
        2.33,
        0
      ]
    },
    {
      "Target": "Parameter",
      "Id": "PARAM_TEAR_03",
      "Segments": [
        0,
        0,
        0,
        2.33,
        0
      ]
    },
    {
      "Target": "Parameter",
      "Id": "PARAM_TEAR_03_MOVE",
      "Segments": [
        0,
        0,
        0,
        2.33,
        0
      ]
    },
    {
      "Target": "Parameter",
      "Id": "PARAM_SWEAT",
      "Segments": [
        0,
        0,
        0,
        2.33,
        0
      ]
    },
    {
      "Target": "Parameter",
      "Id": "PARAM_SWEAT_MOVE",
      "Segments": [
        0,
        0,
        0,
        2.33,
        0
      ]
    },
    {
      "Target": "Parameter",
      "Id": "PARAM_EYE_WHITE_00",
      "Segments": [
        0,
        1,
        0,
        2.33,
        1
      ]
    },
    {
      "Target": "Parameter",
      "Id": "PARAM_EYE_WHITE_01",
      "Segments": [
        0,
        0,
        0,
        2.33,
        0
      ]
    },
    {
      "Target": "Parameter",
      "Id": "PARAM_EYE_01",
      "Segments": [
        0,
        1,
        0,
        2.33,
        1
      ]
    },
    {
      "Target": "Parameter",
      "Id": "PARAM_EYE_02",
      "Segments": [
        0,
        0,
        0,
        2.33,
        0
      ]
    },
    {
      "Target": "Parameter",
      "Id": "PARAM_EYE_05",
      "Segments": [
        0,
        0,
        0,
        2.33,
        0
      ]
    },
    {
      "Target": "Parameter",
      "Id": "PARAM_MOUTH_01",
      "Segments": [
        0,
        1,
        0,
        2.33,
        1
      ]
    },
    {
      "Target": "Parameter",
      "Id": "PARAM_MOUTH_02",
      "Segments": [
        0,
        0,
        0,
        2.33,
        0
      ]
    },
    {
      "Target": "Parameter",
      "Id": "PARAM_BROW_01",
      "Segments": [
        0,
        1,
        0,
        2.33,
        1
      ]
    },
    {
      "Target": "Parameter",
      "Id": "PARAM_HAND_R_01",
      "Segments": [
        0,
        0,
        0,
        2.33,
        0
      ]
    },
    {
      "Target": "Parameter",
      "Id": "PARAM_HAND_R_02",
      "Segments": [
        0,
        0,
        0,
        2.33,
        0
      ]
    },
    {
      "Target": "Parameter",
      "Id": "PARAM_HAND_R_03",
      "Segments": [
        0,
        0,
        0,
        2.33,
        0
      ]
    },
    {
      "Target": "Parameter",
      "Id": "PARAM_HAND_R_04",
      "Segments": [
        0,
        0,
        0,
        2.33,
        0
      ]
    },
    {
      "Target": "Parameter",
      "Id": "PARAM_HAND_R_05",
      "Segments": [
        0,
        0,
        0,
        2.33,
        0
      ]
    },
    {
      "Target": "Parameter",
      "Id": "PARAM_HAND_R_06",
      "Segments": [
        0,
        0,
        0,
        2.33,
        0
      ]
    },
    {
      "Target": "Parameter",
      "Id": "PARAM_HAND_R_07",
      "Segments": [
        0,
        0,
        0,
        2.33,
        0
      ]
    },
    {
      "Target": "Parameter",
      "Id": "PARAM_HAND_R_08",
      "Segments": [
        0,
        0,
        0,
        2.33,
        0
      ]
    },
    {
      "Target": "Parameter",
      "Id": "PARAM_HAND_R_09",
      "Segments": [
        0,
        0,
        0,
        2.33,
        0
      ]
    },
    {
      "Target": "Parameter",
      "Id": "PARAM_HAND_R_10",
      "Segments": [
        0,
        1,
        0,
        2.33,
        1
      ]
    },
    {
      "Target": "Parameter",
      "Id": "PARAM_HAND_R_11",
      "Segments": [
        0,
        0,
        0,
        2.33,
        0
      ]
    },
    {
      "Target": "Parameter",
      "Id": "PARAM_HAND_R_12",
      "Segments": [
        0,
        0,
        0,
        2.33,
        0
      ]
    },
    {
      "Target": "Parameter",
      "Id": "PARAM_HAND_L_01",
      "Segments": [
        0,
        0,
        0,
        2.33,
        0
      ]
    },
    {
      "Target": "Parameter",
      "Id": "PARAM_HAND_L_02",
      "Segments": [
        0,
        0,
        0,
        2.33,
        0
      ]
    },
    {
      "Target": "Parameter",
      "Id": "PARAM_HAND_L_03",
      "Segments": [
        0,
        0,
        0,
        2.33,
        0
      ]
    },
    {
      "Target": "Parameter",
      "Id": "PARAM_HAND_L_04",
      "Segments": [
        0,
        0,
        0,
        2.33,
        0
      ]
    },
    {
      "Target": "Parameter",
      "Id": "PARAM_HAND_L_05",
      "Segments": [
        0,
        0,
        0,
        2.33,
        0
      ]
    },
    {
      "Target": "Parameter",
      "Id": "PARAM_HAND_L_06",
      "Segments": [
        0,
        0,
        0,
        2.33,
        0
      ]
    },
    {
      "Target": "Parameter",
      "Id": "PARAM_HAND_L_07",
      "Segments": [
        0,
        0,
        0,
        2.33,
        0
      ]
    },
    {
      "Target": "Parameter",
      "Id": "PARAM_HAND_L_08",
      "Segments": [
        0,
        0,
        0,
        2.33,
        0
      ]
    },
    {
      "Target": "Parameter",
      "Id": "PARAM_HAND_L_09",
      "Segments": [
        0,
        0,
        0,
        2.33,
        0
      ]
    },
    {
      "Target": "Parameter",
      "Id": "PARAM_HAND_L_10",
      "Segments": [
        0,
        1,
        0,
        2.33,
        1
      ]
    },
    {
      "Target": "Parameter",
      "Id": "PARAM_HAND_L_11",
      "Segments": [
        0,
        0,
        0,
        2.33,
        0
      ]
    },
    {
      "Target": "Parameter",
      "Id": "PARAM_HAND_L_12",
      "Segments": [
        0,
        0,
        0,
        2.33,
        0
      ]
    },
    {
      "Target": "Parameter",
      "Id": "PARAM_UPPER_BODY_FLUFFY",
      "Segments": [
        0,
        0,
        0,
        2.33,
        0
      ]
    },
    {
      "Target": "Parameter",
      "Id": "PARAM_LOWER_BODY_FLUFFY",
      "Segments": [
        0,
        0,
        0,
        2.33,
        0
      ]
    },
    {
      "Target": "Parameter",
      "Id": "PARAM_COLLAR_SHAKE_01",
      "Segments": [
        0,
        0,
        0,
        2.33,
        0
      ]
    },
    {
      "Target": "PartOpacity",
      "Id": "PartCore",
      "Segments": [
        0,
        1,
        0,
        2.33,
        1
      ]
    },
    {
      "Target": "PartOpacity",
      "Id": "PartFrontHair",
      "Segments": [
        0,
        1,
        0,
        2.33,
        1
      ]
    },
    {
      "Target": "PartOpacity",
      "Id": "PartEyeL",
      "Segments": [
        0,
        1,
        0,
        2.33,
        1
      ]
    },
    {
      "Target": "PartOpacity",
      "Id": "PartEyeR",
      "Segments": [
        0,
        1,
        0,
        2.33,
        1
      ]
    },
    {
      "Target": "PartOpacity",
      "Id": "PartCheek",
      "Segments": [
        0,
        1,
        0,
        2.33,
        1
      ]
    },
    {
      "Target": "PartOpacity",
      "Id": "PartHead",
      "Segments": [
        0,
        1,
        0,
        2.33,
        1
      ]
    },
    {
      "Target": "PartOpacity",
      "Id": "PartBackHair",
      "Segments": [
        0,
        1,
        0,
        2.33,
        1
      ]
    },
    {
      "Target": "PartOpacity",
      "Id": "PartExpression",
      "Segments": [
        0,
        1,
        0,
        2.33,
        1
      ]
    },
    {
      "Target": "PartOpacity",
      "Id": "PartNeck",
      "Segments": [
        0,
        1,
        0,
        2.33,
        1
      ]
    },
    {
      "Target": "PartOpacity",
      "Id": "PartUpperBody",
      "Segments": [
        0,
        1,
        0,
        2.33,
        1
      ]
    },
    {
      "Target": "PartOpacity",
      "Id": "PartArmR",
      "Segments": [
        0,
        1,
        0,
        2.33,
        1
      ]
    },
    {
      "Target": "PartOpacity",
      "Id": "PartHandR",
      "Segments": [
        0,
        1,
        0,
        2.33,
        1
      ]
    },
    {
      "Target": "PartOpacity",
      "Id": "PartArmL",
      "Segments": [
        0,
        1,
        0,
        2.33,
        1
      ]
    },
    {
      "Target": "PartOpacity",
      "Id": "PartHandL2",
      "Segments": [
        0,
        1,
        0,
        2.33,
        1
      ]
    },
    {
      "Target": "PartOpacity",
      "Id": "PartFoot",
      "Segments": [
        0,
        1,
        0,
        2.33,
        1
      ]
    }
  ],
  "UserData": []
}