{
  "Version": 3,
  "Meta": {
    "Duration": 3.27,
    "Fps": 30.0,
    "Loop": true,
    "AreBeziersRestricted": true,
    "CurveCount": 101,
    "TotalSegmentCount": 261,
    "TotalPointCount": 327,
    "UserDataCount": 0,
    "TotalUserDataSize": 0
  },
  "Curves": [
    {
      "Target": "Parameter",
      "Id": "PARAM_ANGLE_X",
      "Segments": [
        0,
        -5,
        0,
        0.4,
        -19.319,
        1,
        0.578,
        -19.319,
        0.755,
        -18.41,
        0.933,
        -16.857,
        1,
        1,
        -16.275,
        1.066,
        -16.41,
        1.133,
        -15.329,
        1,
        1.233,
        -13.709,
        1.333,
        20.872,
        1.433,
        20.872,
        0,
        1.767,
        18.751,
        2,
        3.267,
        18.751
      ]
    },
    {
      "Target": "Parameter",
      "Id": "PARAM_ANGLE_Y",
      "Segments": [
        0,
        -15,
        1,
        0.144,
        -15,
        0.289,
        -15.944,
        0.433,
        -18.931,
        1,
        0.5,
        -20.309,
        0.566,
        -22.61,
        0.633,
        -25,
        1,
        0.711,
        -27.788,
        0.789,
        -30,
        0.867,
        -30,
        0,
        1.267,
        -23.316,
        0,
        1.633,
        -25,
        2,
        3.267,
        -25
      ]
    },
    {
      "Target": "Parameter",
      "Id": "PARAM_ANGLE_Z",
      "Segments": [
        0,
        7.28,
        1,
        0.156,
        7.28,
        0.311,
        -18.857,
        0.467,
        -22,
        1,
        0.545,
        -23.571,
        0.622,
        -22.857,
        0.7,
        -24.017,
        1,
        0.8,
        -25.509,
        0.9,
        -30,
        1,
        -30,
        2,
        1.167,
        -30,
        1,
        1.245,
        -30,
        1.322,
        -24.7,
        1.4,
        -13.502,
        1,
        1.456,
        -5.503,
        1.511,
        -1.19,
        1.567,
        -1.19,
        0,
        1.933,
        -3.587,
        2,
        3.267,
        -3.587
      ]
    },
    {
      "Target": "Parameter",
      "Id": "PARAM_EYE_R_OPEN",
      "Segments": [
        0,
        1,
        2,
        0.4,
        1,
        0,
        0.467,
        0,
        2,
        0.633,
        0,
        0,
        0.7,
        1,
        2,
        1.167,
        1,
        0,
        1.533,
        0.75,
        2,
        3.267,
        0.75
      ]
    },
    {
      "Target": "Parameter",
      "Id": "PARAM_EYE_L_OPEN",
      "Segments": [
        0,
        1,
        2,
        0.4,
        1,
        0,
        0.467,
        0,
        2,
        0.633,
        0,
        0,
        0.7,
        1,
        2,
        1.167,
        1,
        0,
        1.533,
        0.75,
        2,
        3.267,
        0.75
      ]
    },
    {
      "Target": "Parameter",
      "Id": "PARAM_EYE_BALL_X",
      "Segments": [
        0,
        0.3,
        0,
        1,
        0.2,
        2,
        1.133,
        0.2,
        0,
        1.433,
        -0.3,
        2,
        3.267,
        -0.3
      ]
    },
    {
      "Target": "Parameter",
      "Id": "PARAM_EYE_BALL_Y",
      "Segments": [
        0,
        0.4,
        0,
        1,
        0.1,
        2,
        1.267,
        0.1,
        2,
        3.267,
        0.1
      ]
    },
    {
      "Target": "Parameter",
      "Id": "PARAM_BROW_R_FORM",
      "Segments": [
        0,
        -0.5,
        0,
        0.4,
        -0.507,
        2,
        0.467,
        -0.507,
        2,
        0.633,
        -0.507,
        2,
        0.7,
        -0.507,
        2,
        3.267,
        -0.507
      ]
    },
    {
      "Target": "Parameter",
      "Id": "PARAM_BROW_R_Y",
      "Segments": [
        0,
        -1,
        0,
        0.4,
        -0.993,
        2,
        0.467,
        -0.993,
        2,
        0.633,
        -0.993,
        2,
        0.7,
        -0.993,
        2,
        3.267,
        -0.993
      ]
    },
    {
      "Target": "Parameter",
      "Id": "PARAM_BROW_R_X",
      "Segments": [
        0,
        -0.1,
        0,
        0.4,
        -0.11,
        2,
        0.467,
        -0.11,
        2,
        0.633,
        -0.11,
        2,
        0.7,
        -0.11,
        2,
        3.267,
        -0.11
      ]
    },
    {
      "Target": "Parameter",
      "Id": "PARAM_BROW_R_ANGLE",
      "Segments": [
        0,
        -0.3,
        0,
        0.4,
        -0.293,
        2,
        0.467,
        -0.293,
        2,
        0.633,
        -0.293,
        2,
        0.7,
        -0.293,
        2,
        3.267,
        -0.293
      ]
    },
    {
      "Target": "Parameter",
      "Id": "PARAM_BROW_L_FORM",
      "Segments": [
        0,
        -0.5,
        0,
        0.4,
        -0.507,
        2,
        0.467,
        -0.507,
        2,
        0.633,
        -0.507,
        2,
        0.7,
        -0.507,
        2,
        3.267,
        -0.507
      ]
    },
    {
      "Target": "Parameter",
      "Id": "PARAM_BROW_L_Y",
      "Segments": [
        0,
        -1,
        0,
        0.4,
        -0.993,
        2,
        0.467,
        -0.993,
        2,
        0.633,
        -0.993,
        2,
        0.7,
        -0.993,
        2,
        3.267,
        -0.993
      ]
    },
    {
      "Target": "Parameter",
      "Id": "PARAM_BROW_L_X",
      "Segments": [
        0,
        -0.1,
        0,
        0.4,
        -0.11,
        2,
        0.467,
        -0.11,
        2,
        0.633,
        -0.11,
        2,
        0.7,
        -0.11,
        2,
        3.267,
        -0.11
      ]
    },
    {
      "Target": "Parameter",
      "Id": "PARAM_BROW_L_ANGLE",
      "Segments": [
        0,
        -0.3,
        0,
        0.4,
        -0.293,
        2,
        0.467,
        -0.293,
        2,
        0.633,
        -0.293,
        2,
        0.7,
        -0.293,
        2,
        3.267,
        -0.293
      ]
    },
    {
      "Target": "Parameter",
      "Id": "PARAM_MOUTH_FORM_01",
      "Segments": [
        0,
        -1,
        1,
        0.133,
        -1,
        0.267,
        -1.525,
        0.4,
        -1.708,
        1,
        0.6,
        -1.982,
        0.8,
        -2,
        1,
        -2,
        2,
        3.267,
        -2
      ]
    },
    {
      "Target": "Parameter",
      "Id": "PARAM_MOUTH_SCALE",
      "Segments": [
        0,
        -0.5,
        1,
        0.133,
        -0.5,
        0.267,
        -0.238,
        0.4,
        -0.146,
        1,
        0.6,
        -0.009,
        0.8,
        0,
        1,
        0,
        2,
        3.267,
        0
      ]
    },
    {
      "Target": "Parameter",
      "Id": "PARAM_SHOULDER_R_ROTATE",
      "Segments": [
        0,
        -1.95,
        1,
        0.133,
        -1.95,
        0.267,
        4.814,
        0.4,
        11.75,
        1,
        0.467,
        15.219,
        0.533,
        15.38,
        0.6,
        15.38,
        2,
        3.267,
        15.38
      ]
    },
    {
      "Target": "Parameter",
      "Id": "PARAM_ARM_R_ROTATE",
      "Segments": [
        0,
        0,
        1,
        0.133,
        0,
        0.267,
        3.943,
        0.4,
        12.083,
        1,
        0.467,
        16.153,
        0.533,
        18.32,
        0.6,
        18.32,
        2,
        3.267,
        18.32
      ]
    },
    {
      "Target": "Parameter",
      "Id": "PARAM_HAND_R_ROTATE",
      "Segments": [
        0,
        0,
        1,
        0.133,
        0,
        0.267,
        2.282,
        0.4,
        6.991,
        1,
        0.467,
        9.346,
        0.533,
        10.6,
        0.6,
        10.6,
        2,
        3.267,
        10.6
      ]
    },
    {
      "Target": "Parameter",
      "Id": "PARAM_SHOULDER_L_ROTATE",
      "Segments": [
        0,
        -1.365,
        0,
        0.8,
        6.21,
        2,
        3.267,
        6.21
      ]
    },
    {
      "Target": "Parameter",
      "Id": "PARAM_ARM_L_ROTATE",
      "Segments": [
        0,
        0,
        0,
        0.8,
        -1.45,
        2,
        3.267,
        -1.45
      ]
    },
    {
      "Target": "Parameter",
      "Id": "PARAM_HAND_L_ROTATE",
      "Segments": [
        0,
        0,
        0,
        0.8,
        5.66,
        2,
        3.267,
        5.66
      ]
    },
    {
      "Target": "Parameter",
      "Id": "PARAM_BODY_ANGLE_X",
      "Segments": [
        0,
        -10,
        2,
        0.267,
        -10,
        1,
        0.422,
        -10,
        0.578,
        7.338,
        0.733,
        8.723,
        1,
        0.9,
        10.207,
        1.066,
        10,
        1.233,
        10,
        0,
        1.6,
        8.723,
        2,
        3.267,
        8.723
      ]
    },
    {
      "Target": "Parameter",
      "Id": "PARAM_BODY_ANGLE_Y",
      "Segments": [
        0,
        0,
        0,
        0.5,
        1,
        0,
        1.067,
        -3,
        2,
        3.267,
        -3
      ]
    },
    {
      "Target": "Parameter",
      "Id": "PARAM_BODY_ANGLE_Z",
      "Segments": [
        0,
        -0.014,
        1,
        0.3,
        -0.014,
        0.6,
        1.835,
        0.9,
        5.083,
        1,
        0.978,
        5.925,
        1.055,
        6.163,
        1.133,
        6.163,
        0,
        1.533,
        5.861,
        2,
        3.267,
        5.861
      ]
    },
    {
      "Target": "Parameter",
      "Id": "PARAM_STRETCH",
      "Segments": [
        0,
        0.09,
        1,
        0.111,
        0.09,
        0.222,
        0.094,
        0.333,
        0.056,
        1,
        0.444,
        0.017,
        0.556,
        -0.119,
        0.667,
        -0.119,
        0,
        1.133,
        -0.001,
        0,
        1.7,
        -0.02,
        2,
        3.267,
        -0.02
      ]
    },
    {
      "Target": "Parameter",
      "Id": "PARAM_SHOLDER_POSITION",
      "Segments": [
        0,
        3,
        1,
        0.133,
        3,
        0.267,
        3.321,
        0.4,
        1.687,
        1,
        0.578,
        -0.492,
        0.755,
        -10,
        0.933,
        -10,
        0,
        1.367,
        -0.042,
        0,
        1.833,
        -1.333,
        2,
        3.267,
        -1.333
      ]
    },
    {
      "Target": "Parameter",
      "Id": "PARAM_POSITION_X",
      "Segments": [
        0,
        0,
        1,
        0.167,
        0,
        0.333,
        0.053,
        0.5,
        0.089,
        1,
        0.567,
        0.104,
        0.633,
        0.1,
        0.7,
        0.1,
        2,
        3.267,
        0.1
      ]
    },
    {
      "Target": "Parameter",
      "Id": "PARAM_ROTATION_Z",
      "Segments": [
        0,
        0.196,
        1,
        0.156,
        0.196,
        0.311,
        0.197,
        0.467,
        0.072,
        1,
        0.656,
        -0.079,
        0.844,
        -0.323,
        1.033,
        -0.323,
        0,
        1.233,
        -0.269,
        2,
        3.267,
        -0.269
      ]
    },
    {
      "Target": "Parameter",
      "Id": "PARAM_HAIR_FRONT",
      "Segments": [
        0,
        0.055,
        2,
        0.033,
        0.055,
        0,
        0.167,
        0.203,
        0,
        0.467,
        -0.732,
        0,
        0.767,
        0.165,
        0,
        0.967,
        -0.242,
        0,
        1.133,
        -0.109,
        0,
        1.3,
        -0.76,
        0,
        1.533,
        0.851,
        0,
        1.733,
        -0.219,
        0,
        1.933,
        0.158,
        0,
        2.167,
        0.026,
        0,
        2.367,
        0.076,
        0,
        2.567,
        0.057,
        0,
        2.767,
        0.064,
        0,
        3,
        0.062,
        2,
        3.2,
        0.062,
        2,
        3.267,
        0.062
      ]
    },
    {
      "Target": "Parameter",
      "Id": "PARAM_HAIR_SIDE",
      "Segments": [
        0,
        0.044,
        2,
        0.033,
        0.044,
        0,
        0.2,
        0.134,
        0,
        0.5,
        -0.576,
        0,
        0.833,
        0.243,
        0,
        1.1,
        -0.249,
        0,
        1.167,
        -0.227,
        0,
        1.333,
        -0.463,
        0,
        1.567,
        0.6,
        0,
        1.867,
        -0.203,
        0,
        2.133,
        0.158,
        0,
        2.433,
        0,
        0,
        2.7,
        0.07,
        0,
        3,
        0.039,
        0,
        3.267,
        0.053
      ]
    },
    {
      "Target": "Parameter",
      "Id": "PARAM_HAIR_BACK_01",
      "Segments": [
        0,
        0.048,
        2,
        0.033,
        0.048,
        0,
        0.167,
        0.178,
        0,
        0.467,
        -0.639,
        0,
        0.767,
        0.144,
        0,
        0.967,
        -0.211,
        0,
        1.133,
        -0.095,
        0,
        1.3,
        -0.664,
        0,
        1.533,
        0.744,
        0,
        1.733,
        -0.192,
        0,
        1.933,
        0.138,
        0,
        2.167,
        0.023,
        0,
        2.367,
        0.066,
        0,
        2.567,
        0.05,
        0,
        2.767,
        0.056,
        0,
        3,
        0.054,
        0,
        3.2,
        0.055,
        0,
        3.267,
        0.054
      ]
    },
    {
      "Target": "Parameter",
      "Id": "PARAM_FLUFFY",
      "Segments": [
        0,
        0.001,
        2,
        0.033,
        0.001,
        0,
        0.167,
        -0.001,
        0,
        0.7,
        0.109,
        0,
        1.133,
        -0.177,
        0,
        1.467,
        0.141,
        0,
        1.833,
        -0.079,
        0,
        2.233,
        0.038,
        0,
        2.6,
        -0.018,
        0,
        3,
        0.009,
        0,
        3.267,
        -0.003
      ]
    },
    {
      "Target": "Parameter",
      "Id": "PARAM_HAND_R_06",
      "Segments": [
        0,
        1,
        2,
        0.267,
        1,
        0,
        0.3,
        0,
        2,
        3.267,
        0
      ]
    },
    {
      "Target": "Parameter",
      "Id": "PARAM_HAND_R_08",
      "Segments": [
        0,
        0,
        2,
        0.267,
        0,
        0,
        0.3,
        1,
        2,
        3.267,
        1
      ]
    },
    {
      "Target": "Model",
      "Id": "Opacity",
      "Segments": [
        0,
        1,
        0,
        3.27,
        1
      ]
    },
    {
      "Target": "Parameter",
      "Id": "PARAM_EYE_R_SMILE",
      "Segments": [
        0,
        -1,
        0,
        3.27,
        -1
      ]
    },
    {
      "Target": "Parameter",
      "Id": "PARAM_EYE_L_SMILE",
      "Segments": [
        0,
        -1,
        0,
        3.27,
        -1
      ]
    },
    {
      "Target": "Parameter",
      "Id": "PARAM_EYE_FORM",
      "Segments": [
        0,
        1,
        0,
        3.27,
        1
      ]
    },
    {
      "Target": "Parameter",
      "Id": "PARAM_EYE_SCALE",
      "Segments": [
        0,
        0,
        0,
        3.27,
        0
      ]
    },
    {
      "Target": "Parameter",
      "Id": "PARAM_TEAR_LEAP_01",
      "Segments": [
        0,
        0,
        0,
        3.27,
        0
      ]
    },
    {
      "Target": "Parameter",
      "Id": "EYE_TWINKLE_01",
      "Segments": [
        0,
        0,
        0,
        3.27,
        0
      ]
    },
    {
      "Target": "Parameter",
      "Id": "PARAM_LIGHT",
      "Segments": [
        0,
        0,
        0,
        3.27,
        0
      ]
    },
    {
      "Target": "Parameter",
      "Id": "PARAM_MOUTH_OPEN_Y",
      "Segments": [
        0,
        0,
        0,
        3.27,
        0
      ]
    },
    {
      "Target": "Parameter",
      "Id": "PARAM_MOUTH_POS_Y",
      "Segments": [
        0,
        0,
        0,
        3.27,
        0
      ]
    },
    {
      "Target": "Parameter",
      "Id": "PARAM_MOUTH_SCALE_Y",
      "Segments": [
        0,
        0,
        0,
        3.27,
        0
      ]
    },
    {
      "Target": "Parameter",
      "Id": "PARAM_ARM_R_ORDER",
      "Segments": [
        0,
        1,
        0,
        3.27,
        1
      ]
    },
    {
      "Target": "Parameter",
      "Id": "PARAM_ARM_L_ORDER",
      "Segments": [
        0,
        0,
        0,
        3.27,
        0
      ]
    },
    {
      "Target": "Parameter",
      "Id": "PARAM_BREATH",
      "Segments": [
        0,
        0,
        0,
        3.27,
        0
      ]
    },
    {
      "Target": "Parameter",
      "Id": "PARAM_POSITION_Y",
      "Segments": [
        0,
        0,
        0,
        3.27,
        0
      ]
    },
    {
      "Target": "Parameter",
      "Id": "PARAM_FACE_SHADOW",
      "Segments": [
        0,
        0,
        0,
        3.27,
        0
      ]
    },
    {
      "Target": "Parameter",
      "Id": "PARAM_FACE_CHANGE",
      "Segments": [
        0,
        0,
        0,
        3.27,
        0
      ]
    },
    {
      "Target": "Parameter",
      "Id": "PARAM_CHEEK_01",
      "Segments": [
        0,
        1,
        0,
        3.27,
        1
      ]
    },
    {
      "Target": "Parameter",
      "Id": "PARAM_CHEEK_02",
      "Segments": [
        0,
        0,
        0,
        3.27,
        0
      ]
    },
    {
      "Target": "Parameter",
      "Id": "PARAM_CHEEK_03",
      "Segments": [
        0,
        0,
        0,
        3.27,
        0
      ]
    },
    {
      "Target": "Parameter",
      "Id": "PARAM_CHEEK_04",
      "Segments": [
        0,
        0,
        0,
        3.27,
        0
      ]
    },
    {
      "Target": "Parameter",
      "Id": "PARAM_CHEEK_05",
      "Segments": [
        0,
        0,
        0,
        3.27,
        0
      ]
    },
    {
      "Target": "Parameter",
      "Id": "PARAM_TEAR_01",
      "Segments": [
        0,
        0,
        0,
        3.27,
        0
      ]
    },
    {
      "Target": "Parameter",
      "Id": "PARAM_TEAR_02",
      "Segments": [
        0,
        0,
        0,
        3.27,
        0
      ]
    },
    {
      "Target": "Parameter",
      "Id": "PARAM_TEAR_02_MOVE",
      "Segments": [
        0,
        0,
        0,
        3.27,
        0
      ]
    },
    {
      "Target": "Parameter",
      "Id": "PARAM_TEAR_03",
      "Segments": [
        0,
        0,
        0,
        3.27,
        0
      ]
    },
    {
      "Target": "Parameter",
      "Id": "PARAM_TEAR_03_MOVE",
      "Segments": [
        0,
        0,
        0,
        3.27,
        0
      ]
    },
    {
      "Target": "Parameter",
      "Id": "PARAM_SWEAT",
      "Segments": [
        0,
        0,
        0,
        3.27,
        0
      ]
    },
    {
      "Target": "Parameter",
      "Id": "PARAM_SWEAT_MOVE",
      "Segments": [
        0,
        0,
        0,
        3.27,
        0
      ]
    },
    {
      "Target": "Parameter",
      "Id": "PARAM_EYE_WHITE_00",
      "Segments": [
        0,
        1,
        0,
        3.27,
        1
      ]
    },
    {
      "Target": "Parameter",
      "Id": "PARAM_EYE_WHITE_01",
      "Segments": [
        0,
        0,
        0,
        3.27,
        0
      ]
    },
    {
      "Target": "Parameter",
      "Id": "PARAM_EYE_01",
      "Segments": [
        0,
        1,
        0,
        3.27,
        1
      ]
    },
    {
      "Target": "Parameter",
      "Id": "PARAM_EYE_02",
      "Segments": [
        0,
        0,
        0,
        3.27,
        0
      ]
    },
    {
      "Target": "Parameter",
      "Id": "PARAM_EYE_05",
      "Segments": [
        0,
        0,
        0,
        3.27,
        0
      ]
    },
    {
      "Target": "Parameter",
      "Id": "PARAM_MOUTH_01",
      "Segments": [
        0,
        1,
        0,
        3.27,
        1
      ]
    },
    {
      "Target": "Parameter",
      "Id": "PARAM_MOUTH_02",
      "Segments": [
        0,
        0,
        0,
        3.27,
        0
      ]
    },
    {
      "Target": "Parameter",
      "Id": "PARAM_BROW_01",
      "Segments": [
        0,
        1,
        0,
        3.27,
        1
      ]
    },
    {
      "Target": "Parameter",
      "Id": "PARAM_HAND_R_01",
      "Segments": [
        0,
        0,
        0,
        3.27,
        0
      ]
    },
    {
      "Target": "Parameter",
      "Id": "PARAM_HAND_R_02",
      "Segments": [
        0,
        0,
        0,
        3.27,
        0
      ]
    },
    {
      "Target": "Parameter",
      "Id": "PARAM_HAND_R_03",
      "Segments": [
        0,
        0,
        0,
        3.27,
        0
      ]
    },
    {
      "Target": "Parameter",
      "Id": "PARAM_HAND_R_04",
      "Segments": [
        0,
        0,
        0,
        3.27,
        0
      ]
    },
    {
      "Target": "Parameter",
      "Id": "PARAM_HAND_R_05",
      "Segments": [
        0,
        0,
        0,
        3.27,
        0
      ]
    },
    {
      "Target": "Parameter",
      "Id": "PARAM_HAND_R_07",
      "Segments": [
        0,
        0,
        0,
        3.27,
        0
      ]
    },
    {
      "Target": "Parameter",
      "Id": "PARAM_HAND_R_09",
      "Segments": [
        0,
        0,
        0,
        3.27,
        0
      ]
    },
    {
      "Target": "Parameter",
      "Id": "PARAM_HAND_R_10",
      "Segments": [
        0,
        0,
        0,
        3.27,
        0
      ]
    },
    {
      "Target": "Parameter",
      "Id": "PARAM_HAND_R_11",
      "Segments": [
        0,
        0,
        0,
        3.27,
        0
      ]
    },
    {
      "Target": "Parameter",
      "Id": "PARAM_HAND_R_12",
      "Segments": [
        0,
        0,
        0,
        3.27,
        0
      ]
    },
    {
      "Target": "Parameter",
      "Id": "PARAM_HAND_L_01",
      "Segments": [
        0,
        0,
        0,
        3.27,
        0
      ]
    },
    {
      "Target": "Parameter",
      "Id": "PARAM_HAND_L_02",
      "Segments": [
        0,
        0,
        0,
        3.27,
        0
      ]
    },
    {
      "Target": "Parameter",
      "Id": "PARAM_HAND_L_03",
      "Segments": [
        0,
        0,
        0,
        3.27,
        0
      ]
    },
    {
      "Target": "Parameter",
      "Id": "PARAM_HAND_L_04",
      "Segments": [
        0,
        0,
        0,
        3.27,
        0
      ]
    },
    {
      "Target": "Parameter",
      "Id": "PARAM_HAND_L_05",
      "Segments": [
        0,
        0,
        0,
        3.27,
        0
      ]
    },
    {
      "Target": "Parameter",
      "Id": "PARAM_HAND_L_06",
      "Segments": [
        0,
        1,
        0,
        3.27,
        1
      ]
    },
    {
      "Target": "Parameter",
      "Id": "PARAM_HAND_L_07",
      "Segments": [
        0,
        0,
        0,
        3.27,
        0
      ]
    },
    {
      "Target": "Parameter",
      "Id": "PARAM_HAND_L_08",
      "Segments": [
        0,
        0,
        0,
        3.27,
        0
      ]
    },
    {
      "Target": "Parameter",
      "Id": "PARAM_HAND_L_09",
      "Segments": [
        0,
        0,
        0,
        3.27,
        0
      ]
    },
    {
      "Target": "Parameter",
      "Id": "PARAM_HAND_L_10",
      "Segments": [
        0,
        0,
        0,
        3.27,
        0
      ]
    },
    {
      "Target": "Parameter",
      "Id": "PARAM_HAND_L_11",
      "Segments": [
        0,
        0,
        0,
        3.27,
        0
      ]
    },
    {
      "Target": "Parameter",
      "Id": "PARAM_HAND_L_12",
      "Segments": [
        0,
        0,
        0,
        3.27,
        0
      ]
    },
    {
      "Target": "PartOpacity",
      "Id": "PartCore",
      "Segments": [
        0,
        1,
        0,
        3.27,
        1
      ]
    },
    {
      "Target": "PartOpacity",
      "Id": "PartNeck",
      "Segments": [
        0,
        1,
        0,
        3.27,
        1
      ]
    },
    {
      "Target": "PartOpacity",
      "Id": "PartUpperBody",
      "Segments": [
        0,
        1,
        0,
        3.27,
        1
      ]
    },
    {
      "Target": "PartOpacity",
      "Id": "PartArmR",
      "Segments": [
        0,
        1,
        0,
        3.27,
        1
      ]
    },
    {
      "Target": "PartOpacity",
      "Id": "PartHandR",
      "Segments": [
        0,
        1,
        0,
        3.27,
        1
      ]
    },
    {
      "Target": "PartOpacity",
      "Id": "PartFoot",
      "Segments": [
        0,
        1,
        0,
        3.27,
        1
      ]
    }
  ],
  "UserData": []
}