{
  "Version": 3,
  "Meta": {
    "Duration": 3.67,
    "Fps": 30.0,
    "Loop": true,
    "AreBeziersRestricted": true,
    "CurveCount": 104,
    "TotalSegmentCount": 346,
    "TotalPointCount": 436,
    "UserDataCount": 0,
    "TotalUserDataSize": 0
  },
  "Curves": [
    {
      "Target": "Parameter",
      "Id": "PARAM_ANGLE_X",
      "Segments": [
        0,
        2,
        1,
        0.056,
        2,
        0.111,
        1.998,
        0.167,
        2.005,
        1,
        0.245,
        2.015,
        0.322,
        2.209,
        0.4,
        2.4,
        1,
        0.511,
        2.673,
        0.622,
        3,
        0.733,
        3,
        2,
        3.667,
        3
      ]
    },
    {
      "Target": "Parameter",
      "Id": "PARAM_ANGLE_Y",
      "Segments": [
        0,
        -8.141,
        1,
        0.056,
        -8.141,
        0.111,
        -8.61,
        0.167,
        -13,
        1,
        0.211,
        -16.512,
        0.256,
        -23.667,
        0.3,
        -23.667,
        0,
        0.733,
        30,
        1,
        0.878,
        30,
        1.022,
        -12.241,
        1.167,
        -22,
        1,
        1.211,
        -25.003,
        1.256,
        -23.667,
        1.3,
        -23.667,
        0,
        1.533,
        -0.172,
        0,
        1.833,
        -2.58,
        2,
        3.667,
        -2.58
      ]
    },
    {
      "Target": "Parameter",
      "Id": "PARAM_ANGLE_Z",
      "Segments": [
        0,
        -11.967,
        1,
        0.056,
        -11.967,
        0.111,
        -12.641,
        0.167,
        -9.83,
        1,
        0.356,
        -0.271,
        0.544,
        12,
        0.733,
        12,
        1,
        0.878,
        12,
        1.022,
        -4.135,
        1.167,
        -10,
        1,
        1.234,
        -12.707,
        1.3,
        -12,
        1.367,
        -12,
        2,
        3.667,
        -12
      ]
    },
    {
      "Target": "Parameter",
      "Id": "PARAM_EYE_R_OPEN",
      "Segments": [
        0,
        1,
        2,
        0.167,
        1,
        2,
        0.367,
        1,
        0,
        0.467,
        1.5,
        2,
        0.767,
        1.5,
        0,
        0.967,
        0,
        2,
        1.4,
        0,
        0,
        1.5,
        1.5,
        2,
        3.667,
        1.5
      ]
    },
    {
      "Target": "Parameter",
      "Id": "PARAM_EYE_R_SMILE",
      "Segments": [
        0,
        0,
        2,
        0.167,
        0,
        2,
        0.467,
        0,
        0,
        0.767,
        0.6,
        2,
        1.3,
        0.6,
        2,
        1.333,
        0.6,
        2,
        1.4,
        0.6,
        0,
        1.5,
        1,
        2,
        3.667,
        1
      ]
    },
    {
      "Target": "Parameter",
      "Id": "PARAM_EYE_L_OPEN",
      "Segments": [
        0,
        1,
        2,
        0.167,
        1,
        2,
        0.367,
        1,
        0,
        0.467,
        1.5,
        2,
        0.767,
        1.5,
        0,
        0.967,
        0,
        2,
        1.4,
        0,
        0,
        1.5,
        1.5,
        2,
        3.667,
        1.5
      ]
    },
    {
      "Target": "Parameter",
      "Id": "PARAM_EYE_L_SMILE",
      "Segments": [
        0,
        0,
        2,
        0.167,
        0,
        2,
        0.467,
        0,
        0,
        0.767,
        0.6,
        2,
        1.3,
        0.6,
        2,
        1.4,
        0.6,
        0,
        1.5,
        1,
        2,
        3.667,
        1
      ]
    },
    {
      "Target": "Parameter",
      "Id": "PARAM_EYE_FORM",
      "Segments": [
        0,
        1,
        2,
        0.167,
        1,
        2,
        0.467,
        1,
        2,
        0.767,
        1,
        0,
        1.5,
        -1,
        2,
        3.667,
        -1
      ]
    },
    {
      "Target": "Parameter",
      "Id": "PARAM_EYE_BALL_X",
      "Segments": [
        0,
        0,
        2,
        0.467,
        0,
        0,
        0.767,
        0.1,
        2,
        1.5,
        0.1,
        2,
        3.667,
        0.1
      ]
    },
    {
      "Target": "Parameter",
      "Id": "PARAM_EYE_BALL_Y",
      "Segments": [
        0,
        0.3,
        2,
        0.267,
        0.3,
        0,
        0.467,
        -0.5,
        2,
        0.767,
        -0.5,
        0,
        1.5,
        -0.7,
        2,
        3.667,
        -0.7
      ]
    },
    {
      "Target": "Parameter",
      "Id": "PARAM_EYE_SCALE",
      "Segments": [
        0,
        0,
        2,
        0.367,
        0,
        0,
        0.567,
        -0.2,
        2,
        0.967,
        -0.2,
        0,
        1.033,
        0,
        2,
        3.667,
        0
      ]
    },
    {
      "Target": "Parameter",
      "Id": "PARAM_TEAR_LEAP_01",
      "Segments": [
        0,
        0,
        2,
        0.167,
        0,
        0,
        1.033,
        0.8,
        2,
        1.3,
        0.8,
        0,
        1.333,
        0.154,
        0,
        1.5,
        1,
        0,
        1.633,
        0.167,
        0,
        1.8,
        0.923,
        0,
        1.9,
        0.513,
        0,
        1.967,
        0.813,
        2,
        3.667,
        0.813
      ]
    },
    {
      "Target": "Parameter",
      "Id": "EYE_TWINKLE_01",
      "Segments": [
        0,
        0,
        2,
        1.2,
        0,
        0,
        1.3,
        1.5,
        0,
        1.4,
        1,
        0,
        1.5,
        1.5,
        0,
        1.667,
        0.995,
        0,
        1.833,
        1.5,
        0,
        2,
        0.995,
        0,
        2.2,
        1.5,
        0,
        2.433,
        1.346,
        2,
        3.667,
        1.346
      ]
    },
    {
      "Target": "Parameter",
      "Id": "PARAM_BROW_R_FORM",
      "Segments": [
        0,
        0,
        2,
        0.167,
        0,
        2,
        0.467,
        0,
        0,
        0.767,
        -0.5,
        1,
        0.834,
        -0.713,
        0.9,
        -0.8,
        0.967,
        -0.8,
        2,
        1.4,
        -0.8,
        0,
        1.5,
        -0.5,
        2,
        3.667,
        -0.5
      ]
    },
    {
      "Target": "Parameter",
      "Id": "PARAM_BROW_R_Y",
      "Segments": [
        0,
        -0.2,
        1,
        0.056,
        -0.2,
        0.111,
        -0.204,
        0.167,
        -0.198,
        1,
        0.367,
        -0.178,
        0.567,
        0,
        0.767,
        0,
        0,
        0.967,
        -1,
        0,
        1.5,
        -0.7,
        2,
        3.667,
        -0.7
      ]
    },
    {
      "Target": "Parameter",
      "Id": "PARAM_BROW_R_ANGLE",
      "Segments": [
        0,
        -0.1,
        1,
        0.056,
        -0.1,
        0.111,
        -0.106,
        0.167,
        -0.097,
        1,
        0.367,
        -0.067,
        0.567,
        0.2,
        0.767,
        0.2,
        1,
        0.834,
        0.2,
        0.9,
        0.191,
        0.967,
        0.1,
        2,
        1.4,
        0.1,
        0,
        1.5,
        -0.1,
        2,
        3.667,
        -0.1
      ]
    },
    {
      "Target": "Parameter",
      "Id": "PARAM_BROW_L_FORM",
      "Segments": [
        0,
        0,
        2,
        0.167,
        0,
        2,
        0.467,
        0,
        0,
        0.767,
        -0.5,
        1,
        0.834,
        -0.713,
        0.9,
        -0.8,
        0.967,
        -0.8,
        2,
        1.4,
        -0.8,
        0,
        1.5,
        -0.5,
        2,
        3.667,
        -0.5
      ]
    },
    {
      "Target": "Parameter",
      "Id": "PARAM_BROW_L_Y",
      "Segments": [
        0,
        -0.2,
        1,
        0.056,
        -0.2,
        0.111,
        -0.204,
        0.167,
        -0.198,
        1,
        0.367,
        -0.178,
        0.567,
        0,
        0.767,
        0,
        0,
        0.967,
        -1,
        0,
        1.5,
        -0.7,
        2,
        3.667,
        -0.7
      ]
    },
    {
      "Target": "Parameter",
      "Id": "PARAM_BROW_L_ANGLE",
      "Segments": [
        0,
        -0.1,
        1,
        0.056,
        -0.1,
        0.111,
        -0.106,
        0.167,
        -0.097,
        1,
        0.367,
        -0.067,
        0.567,
        0.2,
        0.767,
        0.2,
        1,
        0.834,
        0.2,
        0.9,
        0.191,
        0.967,
        0.1,
        2,
        1.4,
        0.1,
        0,
        1.5,
        -0.1,
        2,
        3.667,
        -0.1
      ]
    },
    {
      "Target": "Parameter",
      "Id": "PARAM_MOUTH_POS_Y",
      "Segments": [
        0,
        0,
        2,
        0.267,
        0,
        0,
        0.433,
        0.3,
        2,
        0.733,
        0.3,
        0,
        0.767,
        0,
        2,
        3.667,
        0
      ]
    },
    {
      "Target": "Parameter",
      "Id": "PARAM_MOUTH_SCALE",
      "Segments": [
        0,
        1,
        2,
        0.267,
        1,
        0,
        0.433,
        -1,
        2,
        0.567,
        -1,
        0,
        0.733,
        0,
        2,
        1.833,
        0,
        2,
        3.667,
        0
      ]
    },
    {
      "Target": "Parameter",
      "Id": "PARAM_SHOULDER_R_ROTATE",
      "Segments": [
        0,
        -2.016,
        0,
        0.2,
        0.585,
        0,
        0.533,
        -24.36,
        0,
        0.967,
        3,
        2,
        3.667,
        3
      ]
    },
    {
      "Target": "Parameter",
      "Id": "PARAM_ARM_R_ROTATE",
      "Segments": [
        0,
        -1.319,
        0,
        0.333,
        -1.442,
        0,
        0.867,
        37.016,
        0,
        1.3,
        36.376,
        2,
        3.667,
        36.376
      ]
    },
    {
      "Target": "Parameter",
      "Id": "PARAM_HAND_R_ROTATE",
      "Segments": [
        0,
        -5.826,
        1,
        0.156,
        -5.826,
        0.311,
        -5.718,
        0.467,
        0,
        1,
        0.6,
        4.901,
        0.734,
        22.4,
        0.867,
        22.4,
        0,
        1.3,
        20.97,
        0,
        1.533,
        21.554,
        2,
        3.667,
        21.554
      ]
    },
    {
      "Target": "Parameter",
      "Id": "PARAM_SHOULDER_L_ROTATE",
      "Segments": [
        0,
        0.136,
        0,
        0.2,
        4.245,
        0,
        0.567,
        -16.75,
        0,
        0.967,
        1.405,
        2,
        3.667,
        1.405
      ]
    },
    {
      "Target": "Parameter",
      "Id": "PARAM_ARM_L_ROTATE",
      "Segments": [
        0,
        -1.765,
        1,
        0.144,
        -1.765,
        0.289,
        -1.896,
        0.433,
        -1.288,
        1,
        0.578,
        -0.68,
        0.722,
        37.316,
        0.867,
        37.316,
        1,
        0.9,
        37.316,
        0.934,
        37.314,
        0.967,
        37.2,
        1,
        1.078,
        36.818,
        1.189,
        36.531,
        1.3,
        36.531,
        2,
        3.667,
        36.531
      ]
    },
    {
      "Target": "Parameter",
      "Id": "PARAM_HAND_L_ROTATE",
      "Segments": [
        0,
        -4.714,
        1,
        0.167,
        -4.714,
        0.333,
        -3.732,
        0.5,
        3,
        1,
        0.622,
        7.937,
        0.745,
        17.32,
        0.867,
        17.32,
        0,
        1.3,
        16.96,
        0,
        1.533,
        17.08,
        2,
        3.667,
        17.08
      ]
    },
    {
      "Target": "Parameter",
      "Id": "PARAM_BODY_ANGLE_X",
      "Segments": [
        0,
        4.001,
        1,
        0.056,
        4.001,
        0.111,
        4.11,
        0.167,
        3.88,
        1,
        0.289,
        3.375,
        0.411,
        -2,
        0.533,
        -2,
        1,
        0.655,
        -2,
        0.778,
        -1.139,
        0.9,
        0,
        1,
        1.011,
        1.035,
        1.122,
        1.34,
        1.233,
        1.34,
        2,
        3.667,
        1.34
      ]
    },
    {
      "Target": "Parameter",
      "Id": "PARAM_BODY_ANGLE_Y",
      "Segments": [
        0,
        -4.001,
        1,
        0.056,
        -4.001,
        0.111,
        -4.147,
        0.167,
        -3.834,
        1,
        0.289,
        -3.144,
        0.411,
        4.32,
        0.533,
        4.32,
        0,
        0.9,
        -9,
        0,
        1.233,
        -3.636,
        2,
        3.667,
        -3.636
      ]
    },
    {
      "Target": "Parameter",
      "Id": "PARAM_BODY_ANGLE_Z",
      "Segments": [
        0,
        -4.011,
        1,
        0.056,
        -4.011,
        0.111,
        -4.114,
        0.167,
        -3.983,
        1,
        0.6,
        -2.966,
        1.034,
        3,
        1.467,
        3,
        2,
        3.667,
        3
      ]
    },
    {
      "Target": "Parameter",
      "Id": "PARAM_STRETCH",
      "Segments": [
        0,
        -0.5,
        1,
        0.056,
        -0.5,
        0.111,
        -0.512,
        0.167,
        -0.488,
        1,
        0.289,
        -0.436,
        0.411,
        0.1,
        0.533,
        0.1,
        0,
        0.867,
        -0.991,
        0,
        1.167,
        -0.495,
        0,
        1.533,
        -0.66,
        2,
        3.667,
        -0.66
      ]
    },
    {
      "Target": "Parameter",
      "Id": "PARAM_SHOLDER_POSITION",
      "Segments": [
        0,
        6.001,
        1,
        0.056,
        6.001,
        0.111,
        6.173,
        0.167,
        5.8,
        1,
        0.289,
        4.981,
        0.411,
        -4,
        0.533,
        -4,
        0,
        0.867,
        8,
        0,
        1.167,
        1,
        0,
        1.467,
        7,
        2,
        3.667,
        7
      ]
    },
    {
      "Target": "Parameter",
      "Id": "PARAM_ROTATION_Z",
      "Segments": [
        0,
        0.401,
        1,
        0.056,
        0.401,
        0.111,
        0.411,
        0.167,
        0.398,
        1,
        0.6,
        0.296,
        1.034,
        -0.3,
        1.467,
        -0.3,
        2,
        3.667,
        -0.3
      ]
    },
    {
      "Target": "Parameter",
      "Id": "PARAM_HAIR_FRONT",
      "Segments": [
        0,
        -0.149,
        0,
        0.367,
        0.077,
        0,
        0.6,
        -0.155,
        0,
        0.8,
        0.126,
        0,
        1.033,
        -0.005,
        0,
        1.1,
        -0.002,
        0,
        1.367,
        -0.059,
        0,
        1.567,
        -0.041,
        0,
        1.8,
        -0.048,
        0,
        2,
        -0.045,
        0,
        2.2,
        -0.046,
        2,
        2.4,
        -0.046,
        2,
        2.6,
        -0.046,
        2,
        2.633,
        -0.046,
        2,
        2.833,
        -0.046,
        2,
        3.033,
        -0.046,
        2,
        3.233,
        -0.046,
        2,
        3.433,
        -0.046,
        2,
        3.467,
        -0.046,
        2,
        3.567,
        -0.046,
        2,
        3.6,
        -0.046,
        2,
        3.633,
        -0.046,
        2,
        3.667,
        -0.046
      ]
    },
    {
      "Target": "Parameter",
      "Id": "PARAM_HAIR_SIDE",
      "Segments": [
        0,
        -0.121,
        0,
        0.433,
        0.066,
        0,
        0.633,
        -0.087,
        0,
        0.9,
        0.092,
        0,
        1.267,
        -0.063,
        0,
        1.567,
        -0.024,
        0,
        1.833,
        -0.041,
        0,
        2.133,
        -0.034,
        0,
        2.4,
        -0.037,
        0,
        2.7,
        -0.036,
        2,
        2.967,
        -0.036,
        2,
        3.267,
        -0.036,
        2,
        3.533,
        -0.036,
        2,
        3.667,
        -0.036
      ]
    },
    {
      "Target": "Parameter",
      "Id": "PARAM_HAIR_BACK_01",
      "Segments": [
        0,
        -0.13,
        0,
        0.367,
        0.067,
        0,
        0.6,
        -0.135,
        0,
        0.8,
        0.11,
        0,
        1.033,
        -0.004,
        0,
        1.1,
        -0.002,
        0,
        1.367,
        -0.051,
        0,
        1.567,
        -0.036,
        0,
        1.8,
        -0.042,
        0,
        2,
        -0.04,
        2,
        2.2,
        -0.04,
        2,
        2.4,
        -0.04,
        2,
        2.6,
        -0.04,
        2,
        2.633,
        -0.04,
        2,
        2.833,
        -0.04,
        2,
        3.033,
        -0.04,
        2,
        3.233,
        -0.04,
        2,
        3.433,
        -0.04,
        2,
        3.467,
        -0.04,
        2,
        3.567,
        -0.04,
        2,
        3.6,
        -0.04,
        2,
        3.633,
        -0.04,
        2,
        3.667,
        -0.04
      ]
    },
    {
      "Target": "Parameter",
      "Id": "PARAM_FLUFFY",
      "Segments": [
        0,
        0.037,
        0,
        0.267,
        0.143,
        0,
        0.533,
        -0.714,
        0,
        0.867,
        1,
        2,
        0.9,
        1,
        0,
        1.3,
        -0.693,
        0,
        1.733,
        0.57,
        0,
        2.133,
        -0.282,
        0,
        2.5,
        0.136,
        0,
        2.867,
        -0.065,
        0,
        3.267,
        0.031,
        0,
        3.633,
        -0.015,
        2,
        3.667,
        -0.015
      ]
    },
    {
      "Target": "Parameter",
      "Id": "PARAM_CHEEK_01",
      "Segments": [
        0,
        1,
        2,
        0.467,
        1,
        0,
        0.733,
        1.5,
        2,
        3.667,
        1.5
      ]
    },
    {
      "Target": "Parameter",
      "Id": "PARAM_HAND_R_01",
      "Segments": [
        0,
        1,
        2,
        0.5,
        1,
        0,
        0.533,
        0,
        2,
        0.767,
        0,
        2,
        3.667,
        0
      ]
    },
    {
      "Target": "Parameter",
      "Id": "PARAM_HAND_R_02",
      "Segments": [
        0,
        0,
        2,
        0.5,
        0,
        0,
        0.533,
        1,
        2,
        0.733,
        1,
        0,
        0.767,
        0,
        2,
        3.667,
        0
      ]
    },
    {
      "Target": "Parameter",
      "Id": "PARAM_HAND_R_07",
      "Segments": [
        0,
        0,
        2,
        0.733,
        0,
        0,
        0.767,
        1,
        2,
        3.667,
        1
      ]
    },
    {
      "Target": "Parameter",
      "Id": "PARAM_HAND_L_01",
      "Segments": [
        0,
        1,
        2,
        0.5,
        1,
        0,
        0.533,
        0,
        2,
        0.767,
        0,
        2,
        3.667,
        0
      ]
    },
    {
      "Target": "Parameter",
      "Id": "PARAM_HAND_L_02",
      "Segments": [
        0,
        0,
        2,
        0.5,
        0,
        0,
        0.533,
        1,
        2,
        0.733,
        1,
        0,
        0.767,
        0,
        2,
        3.667,
        0
      ]
    },
    {
      "Target": "Parameter",
      "Id": "PARAM_HAND_L_07",
      "Segments": [
        0,
        0,
        2,
        0.733,
        0,
        0,
        0.767,
        1,
        2,
        3.667,
        1
      ]
    },
    {
      "Target": "Model",
      "Id": "Opacity",
      "Segments": [
        0,
        1,
        0,
        3.67,
        1
      ]
    },
    {
      "Target": "Parameter",
      "Id": "PARAM_LIGHT",
      "Segments": [
        0,
        0,
        0,
        3.67,
        0
      ]
    },
    {
      "Target": "Parameter",
      "Id": "PARAM_BROW_R_X",
      "Segments": [
        0,
        0,
        0,
        3.67,
        0
      ]
    },
    {
      "Target": "Parameter",
      "Id": "PARAM_BROW_L_X",
      "Segments": [
        0,
        0,
        0,
        3.67,
        0
      ]
    },
    {
      "Target": "Parameter",
      "Id": "PARAM_MOUTH_OPEN_Y",
      "Segments": [
        0,
        0.004,
        0,
        3.67,
        0.004
      ]
    },
    {
      "Target": "Parameter",
      "Id": "PARAM_MOUTH_FORM_01",
      "Segments": [
        0,
        0,
        0,
        3.67,
        0
      ]
    },
    {
      "Target": "Parameter",
      "Id": "PARAM_MOUTH_SCALE_Y",
      "Segments": [
        0,
        0,
        0,
        3.67,
        0
      ]
    },
    {
      "Target": "Parameter",
      "Id": "PARAM_ARM_R_ORDER",
      "Segments": [
        0,
        1,
        0,
        3.67,
        1
      ]
    },
    {
      "Target": "Parameter",
      "Id": "PARAM_ARM_L_ORDER",
      "Segments": [
        0,
        1,
        0,
        3.67,
        1
      ]
    },
    {
      "Target": "Parameter",
      "Id": "PARAM_BREATH",
      "Segments": [
        0,
        0,
        0,
        3.67,
        0
      ]
    },
    {
      "Target": "Parameter",
      "Id": "PARAM_POSITION_X",
      "Segments": [
        0,
        0,
        0,
        3.67,
        0
      ]
    },
    {
      "Target": "Parameter",
      "Id": "PARAM_POSITION_Y",
      "Segments": [
        0,
        0,
        0,
        3.67,
        0
      ]
    },
    {
      "Target": "Parameter",
      "Id": "PARAM_FACE_SHADOW",
      "Segments": [
        0,
        0,
        0,
        3.67,
        0
      ]
    },
    {
      "Target": "Parameter",
      "Id": "PARAM_FACE_CHANGE",
      "Segments": [
        0,
        0,
        0,
        3.67,
        0
      ]
    },
    {
      "Target": "Parameter",
      "Id": "PARAM_CHEEK_02",
      "Segments": [
        0,
        0,
        0,
        3.67,
        0
      ]
    },
    {
      "Target": "Parameter",
      "Id": "PARAM_CHEEK_03",
      "Segments": [
        0,
        0,
        0,
        3.67,
        0
      ]
    },
    {
      "Target": "Parameter",
      "Id": "PARAM_CHEEK_04",
      "Segments": [
        0,
        0,
        0,
        3.67,
        0
      ]
    },
    {
      "Target": "Parameter",
      "Id": "PARAM_CHEEK_05",
      "Segments": [
        0,
        0,
        0,
        3.67,
        0
      ]
    },
    {
      "Target": "Parameter",
      "Id": "PARAM_TEAR_01",
      "Segments": [
        0,
        0,
        0,
        3.67,
        0
      ]
    },
    {
      "Target": "Parameter",
      "Id": "PARAM_TEAR_02",
      "Segments": [
        0,
        0,
        0,
        3.67,
        0
      ]
    },
    {
      "Target": "Parameter",
      "Id": "PARAM_TEAR_02_MOVE",
      "Segments": [
        0,
        0,
        0,
        3.67,
        0
      ]
    },
    {
      "Target": "Parameter",
      "Id": "PARAM_TEAR_03",
      "Segments": [
        0,
        0,
        0,
        3.67,
        0
      ]
    },
    {
      "Target": "Parameter",
      "Id": "PARAM_TEAR_03_MOVE",
      "Segments": [
        0,
        0,
        0,
        3.67,
        0
      ]
    },
    {
      "Target": "Parameter",
      "Id": "PARAM_SWEAT",
      "Segments": [
        0,
        0,
        0,
        3.67,
        0
      ]
    },
    {
      "Target": "Parameter",
      "Id": "PARAM_SWEAT_MOVE",
      "Segments": [
        0,
        0,
        0,
        3.67,
        0
      ]
    },
    {
      "Target": "Parameter",
      "Id": "PARAM_EYE_WHITE_00",
      "Segments": [
        0,
        1,
        0,
        3.67,
        1
      ]
    },
    {
      "Target": "Parameter",
      "Id": "PARAM_EYE_WHITE_01",
      "Segments": [
        0,
        0,
        0,
        3.67,
        0
      ]
    },
    {
      "Target": "Parameter",
      "Id": "PARAM_EYE_01",
      "Segments": [
        0,
        1,
        0,
        3.67,
        1
      ]
    },
    {
      "Target": "Parameter",
      "Id": "PARAM_EYE_02",
      "Segments": [
        0,
        0,
        0,
        3.67,
        0
      ]
    },
    {
      "Target": "Parameter",
      "Id": "PARAM_EYE_05",
      "Segments": [
        0,
        0,
        0,
        3.67,
        0
      ]
    },
    {
      "Target": "Parameter",
      "Id": "PARAM_MOUTH_01",
      "Segments": [
        0,
        1,
        0,
        3.67,
        1
      ]
    },
    {
      "Target": "Parameter",
      "Id": "PARAM_MOUTH_02",
      "Segments": [
        0,
        0,
        0,
        3.67,
        0
      ]
    },
    {
      "Target": "Parameter",
      "Id": "PARAM_BROW_01",
      "Segments": [
        0,
        1,
        0,
        3.67,
        1
      ]
    },
    {
      "Target": "Parameter",
      "Id": "PARAM_HAND_R_03",
      "Segments": [
        0,
        0,
        0,
        3.67,
        0
      ]
    },
    {
      "Target": "Parameter",
      "Id": "PARAM_HAND_R_04",
      "Segments": [
        0,
        0,
        0,
        3.67,
        0
      ]
    },
    {
      "Target": "Parameter",
      "Id": "PARAM_HAND_R_05",
      "Segments": [
        0,
        0,
        0,
        3.67,
        0
      ]
    },
    {
      "Target": "Parameter",
      "Id": "PARAM_HAND_R_06",
      "Segments": [
        0,
        0,
        0,
        3.67,
        0
      ]
    },
    {
      "Target": "Parameter",
      "Id": "PARAM_HAND_R_08",
      "Segments": [
        0,
        0,
        0,
        3.67,
        0
      ]
    },
    {
      "Target": "Parameter",
      "Id": "PARAM_HAND_R_09",
      "Segments": [
        0,
        0,
        0,
        3.67,
        0
      ]
    },
    {
      "Target": "Parameter",
      "Id": "PARAM_HAND_R_10",
      "Segments": [
        0,
        0,
        0,
        3.67,
        0
      ]
    },
    {
      "Target": "Parameter",
      "Id": "PARAM_HAND_R_11",
      "Segments": [
        0,
        0,
        0,
        3.67,
        0
      ]
    },
    {
      "Target": "Parameter",
      "Id": "PARAM_HAND_R_12",
      "Segments": [
        0,
        0,
        0,
        3.67,
        0
      ]
    },
    {
      "Target": "Parameter",
      "Id": "PARAM_HAND_L_03",
      "Segments": [
        0,
        0,
        0,
        3.67,
        0
      ]
    },
    {
      "Target": "Parameter",
      "Id": "PARAM_HAND_L_04",
      "Segments": [
        0,
        0,
        0,
        3.67,
        0
      ]
    },
    {
      "Target": "Parameter",
      "Id": "PARAM_HAND_L_05",
      "Segments": [
        0,
        0,
        0,
        3.67,
        0
      ]
    },
    {
      "Target": "Parameter",
      "Id": "PARAM_HAND_L_06",
      "Segments": [
        0,
        0,
        0,
        3.67,
        0
      ]
    },
    {
      "Target": "Parameter",
      "Id": "PARAM_HAND_L_08",
      "Segments": [
        0,
        0,
        0,
        3.67,
        0
      ]
    },
    {
      "Target": "Parameter",
      "Id": "PARAM_HAND_L_09",
      "Segments": [
        0,
        0,
        0,
        3.67,
        0
      ]
    },
    {
      "Target": "Parameter",
      "Id": "PARAM_HAND_L_10",
      "Segments": [
        0,
        0,
        0,
        3.67,
        0
      ]
    },
    {
      "Target": "Parameter",
      "Id": "PARAM_HAND_L_11",
      "Segments": [
        0,
        0,
        0,
        3.67,
        0
      ]
    },
    {
      "Target": "Parameter",
      "Id": "PARAM_HAND_L_12",
      "Segments": [
        0,
        0,
        0,
        3.67,
        0
      ]
    },
    {
      "Target": "Parameter",
      "Id": "PARAM_UPPER_BODY_FLUFFY",
      "Segments": [
        0,
        0,
        0,
        3.67,
        0
      ]
    },
    {
      "Target": "Parameter",
      "Id": "PARAM_LOWER_BODY_FLUFFY",
      "Segments": [
        0,
        0,
        0,
        3.67,
        0
      ]
    },
    {
      "Target": "Parameter",
      "Id": "PARAM_COLLAR_SHAKE_01",
      "Segments": [
        0,
        0,
        0,
        3.67,
        0
      ]
    },
    {
      "Target": "PartOpacity",
      "Id": "PartCore",
      "Segments": [
        0,
        1,
        0,
        3.67,
        1
      ]
    },
    {
      "Target": "PartOpacity",
      "Id": "PartNeck",
      "Segments": [
        0,
        1,
        0,
        3.67,
        1
      ]
    },
    {
      "Target": "PartOpacity",
      "Id": "PartUpperBody",
      "Segments": [
        0,
        1,
        0,
        3.67,
        1
      ]
    },
    {
      "Target": "PartOpacity",
      "Id": "PartArmR",
      "Segments": [
        0,
        1,
        0,
        3.67,
        1
      ]
    },
    {
      "Target": "PartOpacity",
      "Id": "PartHandR",
      "Segments": [
        0,
        1,
        0,
        3.67,
        1
      ]
    },
    {
      "Target": "PartOpacity",
      "Id": "PartFoot",
      "Segments": [
        0,
        1,
        0,
        3.67,
        1
      ]
    }
  ],
  "UserData": []
}