{
  "Version": 3,
  "Meta": {
    "Duration": 2.83,
    "Fps": 30.0,
    "Loop": true,
    "AreBeziersRestricted": true,
    "CurveCount": 113,
    "TotalSegmentCount": 233,
    "TotalPointCount": 269,
    "UserDataCount": 0,
    "TotalUserDataSize": 0
  },
  "Curves": [
    {
      "Target": "Parameter",
      "Id": "PARAM_ANGLE_X",
      "Segments": [
        0,
        -0.281,
        0,
        0.533,
        10,
        1,
        0.744,
        10,
        0.956,
        -4.233,
        1.167,
        -6,
        1,
        1.311,
        -6.457,
        1.456,
        -6.48,
        1.6,
        -6.48,
        0,
        2.067,
        -6,
        2,
        2.833,
        -6
      ]
    },
    {
      "Target": "Parameter",
      "Id": "PARAM_ANGLE_Y",
      "Segments": [
        0,
        -7.125,
        0,
        0.5,
        30,
        1,
        0.711,
        30,
        0.922,
        -17.661,
        1.133,
        -27,
        1,
        1.289,
        -31.395,
        1.444,
        -30,
        1.6,
        -30,
        0,
        2.033,
        -25.6,
        0,
        2.533,
        -28.103,
        2,
        2.833,
        -28.103
      ]
    },
    {
      "Target": "Parameter",
      "Id": "PARAM_ANGLE_Z",
      "Segments": [
        0,
        12.866,
        0,
        0.533,
        30,
        1,
        0.744,
        30,
        0.956,
        -21.462,
        1.167,
        -28,
        1,
        1.322,
        -31.077,
        1.478,
        -30,
        1.633,
        -30,
        0,
        2.067,
        -27.28,
        0,
        2.567,
        -28.883,
        2,
        2.833,
        -28.883
      ]
    },
    {
      "Target": "Parameter",
      "Id": "PARAM_EYE_R_OPEN",
      "Segments": [
        0,
        1,
        2,
        0.833,
        1,
        0,
        1,
        0,
        2,
        2.833,
        0
      ]
    },
    {
      "Target": "Parameter",
      "Id": "PARAM_EYE_L_OPEN",
      "Segments": [
        0,
        1,
        2,
        0.833,
        1,
        0,
        1,
        0,
        2,
        2.833,
        0
      ]
    },
    {
      "Target": "Parameter",
      "Id": "PARAM_EYE_BALL_X",
      "Segments": [
        0,
        -0.031,
        0,
        0.5,
        -0.2,
        0,
        1,
        0,
        2,
        2.833,
        0
      ]
    },
    {
      "Target": "Parameter",
      "Id": "PARAM_EYE_BALL_Y",
      "Segments": [
        0,
        0.038,
        0,
        0.5,
        -0.3,
        0,
        1,
        0.1,
        2,
        2.833,
        0.1
      ]
    },
    {
      "Target": "Parameter",
      "Id": "PARAM_BROW_R_FORM",
      "Segments": [
        0,
        0.043,
        0,
        1.167,
        1,
        2,
        2.833,
        1
      ]
    },
    {
      "Target": "Parameter",
      "Id": "PARAM_BROW_R_Y",
      "Segments": [
        0,
        -0.013,
        0,
        1.167,
        -0.3,
        2,
        2.833,
        -0.3
      ]
    },
    {
      "Target": "Parameter",
      "Id": "PARAM_BROW_R_ANGLE",
      "Segments": [
        0,
        -0.009,
        0,
        1.167,
        -0.2,
        2,
        2.833,
        -0.2
      ]
    },
    {
      "Target": "Parameter",
      "Id": "PARAM_BROW_L_FORM",
      "Segments": [
        0,
        0.043,
        0,
        1.167,
        1,
        2,
        2.833,
        1
      ]
    },
    {
      "Target": "Parameter",
      "Id": "PARAM_BROW_L_Y",
      "Segments": [
        0,
        -0.013,
        0,
        1.167,
        -0.3,
        2,
        2.833,
        -0.3
      ]
    },
    {
      "Target": "Parameter",
      "Id": "PARAM_BROW_L_ANGLE",
      "Segments": [
        0,
        -0.009,
        0,
        1.167,
        -0.2,
        2,
        2.833,
        -0.2
      ]
    },
    {
      "Target": "Parameter",
      "Id": "PARAM_SHOULDER_R_ROTATE",
      "Segments": [
        0,
        1.604,
        1,
        0.133,
        1.604,
        0.267,
        -3.237,
        0.4,
        -16.39,
        1,
        0.556,
        -28.77,
        0.711,
        -35,
        0.867,
        -35,
        2,
        2.833,
        -35
      ]
    },
    {
      "Target": "Parameter",
      "Id": "PARAM_ARM_R_ROTATE",
      "Segments": [
        0,
        -0.613,
        0,
        0.433,
        -1.75,
        0,
        0.9,
        20.2,
        0,
        1.133,
        19.78,
        2,
        2.833,
        19.78
      ]
    },
    {
      "Target": "Parameter",
      "Id": "PARAM_HAND_R_ROTATE",
      "Segments": [
        0,
        0.831,
        0,
        0.467,
        -4.8,
        1,
        0.622,
        -4.8,
        0.778,
        8.696,
        0.933,
        17,
        1,
        1.011,
        20.633,
        1.089,
        20,
        1.167,
        20,
        2,
        2.833,
        20
      ]
    },
    {
      "Target": "Parameter",
      "Id": "PARAM_SHOULDER_L_ROTATE",
      "Segments": [
        0,
        3.385,
        0,
        0.433,
        -12.155,
        0,
        0.833,
        3.351,
        0,
        1.167,
        1.351,
        2,
        1.433,
        1.351,
        2,
        2.833,
        1.351
      ]
    },
    {
      "Target": "Parameter",
      "Id": "PARAM_ARM_L_ROTATE",
      "Segments": [
        0,
        -0.275,
        0,
        0.467,
        -1.26,
        0,
        0.867,
        39.345,
        1,
        0.978,
        39.345,
        1.089,
        35.596,
        1.2,
        35.206,
        1,
        1.289,
        34.895,
        1.378,
        34.978,
        1.467,
        34.978,
        0,
        1.7,
        35.341,
        2,
        2.833,
        35.341
      ]
    },
    {
      "Target": "Parameter",
      "Id": "PARAM_HAND_L_ROTATE",
      "Segments": [
        0,
        3.497,
        0,
        0.5,
        0.78,
        0,
        0.933,
        20,
        1,
        1.033,
        20,
        1.133,
        3.723,
        1.233,
        2.195,
        1,
        1.322,
        0.836,
        1.411,
        1.074,
        1.5,
        1.074,
        0,
        1.767,
        4,
        2,
        2.833,
        4
      ]
    },
    {
      "Target": "Parameter",
      "Id": "PARAM_BODY_ANGLE_X",
      "Segments": [
        0,
        -1.179,
        0,
        0.333,
        4,
        0,
        0.767,
        -7,
        2,
        2.833,
        -7
      ]
    },
    {
      "Target": "Parameter",
      "Id": "PARAM_BODY_ANGLE_Y",
      "Segments": [
        0,
        4.301,
        0,
        0.333,
        8,
        0,
        0.767,
        6,
        2,
        2.833,
        6
      ]
    },
    {
      "Target": "Parameter",
      "Id": "PARAM_BODY_ANGLE_Z",
      "Segments": [
        0,
        -2.78,
        0,
        0.333,
        -5,
        0,
        0.767,
        3,
        2,
        2.833,
        3
      ]
    },
    {
      "Target": "Parameter",
      "Id": "PARAM_STRETCH",
      "Segments": [
        0,
        0.022,
        0,
        0.333,
        -0.2,
        0,
        0.767,
        0.3,
        1,
        0.878,
        0.3,
        0.989,
        -0.033,
        1.1,
        -0.1,
        1,
        1.156,
        -0.107,
        1.211,
        -0.108,
        1.267,
        -0.107,
        0,
        1.667,
        0,
        2,
        2.833,
        0
      ]
    },
    {
      "Target": "Parameter",
      "Id": "PARAM_SHOLDER_POSITION",
      "Segments": [
        0,
        -1.834,
        0,
        0.4,
        -5,
        0,
        0.833,
        7,
        1,
        0.944,
        7,
        1.056,
        5.417,
        1.167,
        4.995,
        1,
        1.222,
        4.784,
        1.278,
        4.86,
        1.333,
        4.86,
        0,
        1.7,
        5.511,
        0,
        1.933,
        5.331,
        0,
        2.433,
        5.451,
        2,
        2.833,
        5.451
      ]
    },
    {
      "Target": "Parameter",
      "Id": "PARAM_POSITION_Y",
      "Segments": [
        0,
        0,
        2,
        0.333,
        0,
        0,
        0.767,
        0.098,
        0,
        1.1,
        0,
        2,
        2.833,
        0
      ]
    },
    {
      "Target": "Parameter",
      "Id": "PARAM_ROTATION_Z",
      "Segments": [
        0,
        0.278,
        0,
        0.333,
        0.5,
        0,
        0.767,
        -0.4,
        2,
        2.833,
        -0.4
      ]
    },
    {
      "Target": "Parameter",
      "Id": "PARAM_HAIR_FRONT",
      "Segments": [
        0,
        -0.071,
        0,
        0.033,
        -0.079,
        0,
        0.533,
        0.225,
        0,
        0.867,
        -0.09,
        0,
        0.967,
        -0.078,
        0,
        1.133,
        -0.145,
        0,
        1.367,
        -0.087,
        0,
        1.533,
        -0.103,
        0,
        1.8,
        -0.085,
        0,
        2.533,
        -0.096,
        2,
        2.733,
        -0.096,
        2,
        2.833,
        -0.096
      ]
    },
    {
      "Target": "Parameter",
      "Id": "PARAM_HAIR_SIDE",
      "Segments": [
        0,
        -0.063,
        0,
        0.067,
        -0.086,
        0,
        0.567,
        0.309,
        0,
        0.967,
        -0.177,
        0,
        1.067,
        -0.17,
        0,
        1.1,
        -0.171,
        0,
        1.4,
        -0.11,
        0,
        1.6,
        -0.124,
        0,
        1.9,
        -0.104,
        0,
        2.3,
        -0.121,
        0,
        2.567,
        -0.119,
        2,
        2.833,
        -0.119
      ]
    },
    {
      "Target": "Parameter",
      "Id": "PARAM_HAIR_BACK_01",
      "Segments": [
        0,
        -0.088,
        0,
        0.033,
        -0.098,
        0,
        0.533,
        0.281,
        0,
        0.867,
        -0.112,
        0,
        0.967,
        -0.098,
        0,
        1.133,
        -0.181,
        0,
        1.367,
        -0.109,
        0,
        1.533,
        -0.129,
        0,
        1.8,
        -0.106,
        0,
        2.533,
        -0.121,
        0,
        2.733,
        -0.12,
        2,
        2.833,
        -0.12
      ]
    },
    {
      "Target": "Parameter",
      "Id": "PARAM_FLUFFY",
      "Segments": [
        0,
        -0.092,
        0,
        0.167,
        -0.184,
        0,
        0.667,
        0.252,
        0,
        1.133,
        -0.18,
        0,
        1.533,
        0.067,
        0,
        1.867,
        -0.017,
        0,
        2.267,
        0.014,
        0,
        2.633,
        -0.012,
        2,
        2.833,
        -0.012
      ]
    },
    {
      "Target": "Parameter",
      "Id": "PARAM_CHEEK_01",
      "Segments": [
        0,
        0.043,
        0,
        1.167,
        1,
        2,
        2.833,
        1
      ]
    },
    {
      "Target": "Parameter",
      "Id": "PARAM_HAND_R_01",
      "Segments": [
        0,
        1,
        2,
        0.733,
        1,
        0,
        0.767,
        0,
        2,
        2.833,
        0
      ]
    },
    {
      "Target": "Parameter",
      "Id": "PARAM_HAND_R_09",
      "Segments": [
        0,
        0,
        2,
        0.733,
        0,
        0,
        0.767,
        1,
        2,
        2.833,
        1
      ]
    },
    {
      "Target": "Parameter",
      "Id": "PARAM_HAND_L_01",
      "Segments": [
        0,
        1,
        2,
        0.5,
        1,
        0,
        0.533,
        0,
        2,
        2.833,
        0
      ]
    },
    {
      "Target": "Parameter",
      "Id": "PARAM_HAND_L_05",
      "Segments": [
        0,
        0,
        2,
        0.5,
        0,
        0,
        0.533,
        1,
        2,
        2.833,
        1
      ]
    },
    {
      "Target": "Model",
      "Id": "Opacity",
      "Segments": [
        0,
        1,
        0,
        2.83,
        1
      ]
    },
    {
      "Target": "Parameter",
      "Id": "PARAM_EYE_R_SMILE",
      "Segments": [
        0,
        1,
        0,
        2.83,
        1
      ]
    },
    {
      "Target": "Parameter",
      "Id": "PARAM_EYE_L_SMILE",
      "Segments": [
        0,
        1,
        0,
        2.83,
        1
      ]
    },
    {
      "Target": "Parameter",
      "Id": "PARAM_EYE_FORM",
      "Segments": [
        0,
        0,
        0,
        2.83,
        0
      ]
    },
    {
      "Target": "Parameter",
      "Id": "PARAM_EYE_SCALE",
      "Segments": [
        0,
        0,
        0,
        2.83,
        0
      ]
    },
    {
      "Target": "Parameter",
      "Id": "PARAM_TEAR_LEAP_01",
      "Segments": [
        0,
        0,
        0,
        2.83,
        0
      ]
    },
    {
      "Target": "Parameter",
      "Id": "EYE_TWINKLE_01",
      "Segments": [
        0,
        0,
        0,
        2.83,
        0
      ]
    },
    {
      "Target": "Parameter",
      "Id": "PARAM_LIGHT",
      "Segments": [
        0,
        0,
        0,
        2.83,
        0
      ]
    },
    {
      "Target": "Parameter",
      "Id": "PARAM_BROW_R_X",
      "Segments": [
        0,
        0,
        0,
        2.83,
        0
      ]
    },
    {
      "Target": "Parameter",
      "Id": "PARAM_BROW_L_X",
      "Segments": [
        0,
        0,
        0,
        2.83,
        0
      ]
    },
    {
      "Target": "Parameter",
      "Id": "PARAM_MOUTH_OPEN_Y",
      "Segments": [
        0,
        0,
        0,
        2.83,
        0
      ]
    },
    {
      "Target": "Parameter",
      "Id": "PARAM_MOUTH_FORM_01",
      "Segments": [
        0,
        1,
        0,
        2.83,
        1
      ]
    },
    {
      "Target": "Parameter",
      "Id": "PARAM_MOUTH_POS_Y",
      "Segments": [
        0,
        0,
        0,
        2.83,
        0
      ]
    },
    {
      "Target": "Parameter",
      "Id": "PARAM_MOUTH_SCALE",
      "Segments": [
        0,
        0,
        0,
        2.83,
        0
      ]
    },
    {
      "Target": "Parameter",
      "Id": "PARAM_MOUTH_SCALE_Y",
      "Segments": [
        0,
        0,
        0,
        2.83,
        0
      ]
    },
    {
      "Target": "Parameter",
      "Id": "PARAM_ARM_R_ORDER",
      "Segments": [
        0,
        1,
        0,
        2.83,
        1
      ]
    },
    {
      "Target": "Parameter",
      "Id": "PARAM_ARM_L_ORDER",
      "Segments": [
        0,
        1,
        0,
        2.83,
        1
      ]
    },
    {
      "Target": "Parameter",
      "Id": "PARAM_BREATH",
      "Segments": [
        0,
        0,
        0,
        2.83,
        0
      ]
    },
    {
      "Target": "Parameter",
      "Id": "PARAM_POSITION_X",
      "Segments": [
        0,
        0,
        0,
        2.83,
        0
      ]
    },
    {
      "Target": "Parameter",
      "Id": "PARAM_FACE_SHADOW",
      "Segments": [
        0,
        0,
        0,
        2.83,
        0
      ]
    },
    {
      "Target": "Parameter",
      "Id": "PARAM_FACE_CHANGE",
      "Segments": [
        0,
        0,
        0,
        2.83,
        0
      ]
    },
    {
      "Target": "Parameter",
      "Id": "PARAM_CHEEK_02",
      "Segments": [
        0,
        0,
        0,
        2.83,
        0
      ]
    },
    {
      "Target": "Parameter",
      "Id": "PARAM_CHEEK_03",
      "Segments": [
        0,
        0,
        0,
        2.83,
        0
      ]
    },
    {
      "Target": "Parameter",
      "Id": "PARAM_CHEEK_04",
      "Segments": [
        0,
        0,
        0,
        2.83,
        0
      ]
    },
    {
      "Target": "Parameter",
      "Id": "PARAM_CHEEK_05",
      "Segments": [
        0,
        0,
        0,
        2.83,
        0
      ]
    },
    {
      "Target": "Parameter",
      "Id": "PARAM_TEAR_01",
      "Segments": [
        0,
        0,
        0,
        2.83,
        0
      ]
    },
    {
      "Target": "Parameter",
      "Id": "PARAM_TEAR_02",
      "Segments": [
        0,
        0,
        0,
        2.83,
        0
      ]
    },
    {
      "Target": "Parameter",
      "Id": "PARAM_TEAR_02_MOVE",
      "Segments": [
        0,
        0,
        0,
        2.83,
        0
      ]
    },
    {
      "Target": "Parameter",
      "Id": "PARAM_TEAR_03",
      "Segments": [
        0,
        0,
        0,
        2.83,
        0
      ]
    },
    {
      "Target": "Parameter",
      "Id": "PARAM_TEAR_03_MOVE",
      "Segments": [
        0,
        0,
        0,
        2.83,
        0
      ]
    },
    {
      "Target": "Parameter",
      "Id": "PARAM_SWEAT",
      "Segments": [
        0,
        0,
        0,
        2.83,
        0
      ]
    },
    {
      "Target": "Parameter",
      "Id": "PARAM_SWEAT_MOVE",
      "Segments": [
        0,
        0,
        0,
        2.83,
        0
      ]
    },
    {
      "Target": "Parameter",
      "Id": "PARAM_EYE_WHITE_00",
      "Segments": [
        0,
        1,
        0,
        2.83,
        1
      ]
    },
    {
      "Target": "Parameter",
      "Id": "PARAM_EYE_WHITE_01",
      "Segments": [
        0,
        0,
        0,
        2.83,
        0
      ]
    },
    {
      "Target": "Parameter",
      "Id": "PARAM_EYE_01",
      "Segments": [
        0,
        1,
        0,
        2.83,
        1
      ]
    },
    {
      "Target": "Parameter",
      "Id": "PARAM_EYE_02",
      "Segments": [
        0,
        0,
        0,
        2.83,
        0
      ]
    },
    {
      "Target": "Parameter",
      "Id": "PARAM_EYE_05",
      "Segments": [
        0,
        0,
        0,
        2.83,
        0
      ]
    },
    {
      "Target": "Parameter",
      "Id": "PARAM_MOUTH_01",
      "Segments": [
        0,
        1,
        0,
        2.83,
        1
      ]
    },
    {
      "Target": "Parameter",
      "Id": "PARAM_MOUTH_02",
      "Segments": [
        0,
        0,
        0,
        2.83,
        0
      ]
    },
    {
      "Target": "Parameter",
      "Id": "PARAM_BROW_01",
      "Segments": [
        0,
        1,
        0,
        2.83,
        1
      ]
    },
    {
      "Target": "Parameter",
      "Id": "PARAM_HAND_R_02",
      "Segments": [
        0,
        0,
        0,
        2.83,
        0
      ]
    },
    {
      "Target": "Parameter",
      "Id": "PARAM_HAND_R_03",
      "Segments": [
        0,
        0,
        0,
        2.83,
        0
      ]
    },
    {
      "Target": "Parameter",
      "Id": "PARAM_HAND_R_04",
      "Segments": [
        0,
        0,
        0,
        2.83,
        0
      ]
    },
    {
      "Target": "Parameter",
      "Id": "PARAM_HAND_R_05",
      "Segments": [
        0,
        0,
        0,
        2.83,
        0
      ]
    },
    {
      "Target": "Parameter",
      "Id": "PARAM_HAND_R_06",
      "Segments": [
        0,
        0,
        0,
        2.83,
        0
      ]
    },
    {
      "Target": "Parameter",
      "Id": "PARAM_HAND_R_07",
      "Segments": [
        0,
        0,
        0,
        2.83,
        0
      ]
    },
    {
      "Target": "Parameter",
      "Id": "PARAM_HAND_R_08",
      "Segments": [
        0,
        0,
        0,
        2.83,
        0
      ]
    },
    {
      "Target": "Parameter",
      "Id": "PARAM_HAND_R_10",
      "Segments": [
        0,
        0,
        0,
        2.83,
        0
      ]
    },
    {
      "Target": "Parameter",
      "Id": "PARAM_HAND_R_11",
      "Segments": [
        0,
        0,
        0,
        2.83,
        0
      ]
    },
    {
      "Target": "Parameter",
      "Id": "PARAM_HAND_R_12",
      "Segments": [
        0,
        0,
        0,
        2.83,
        0
      ]
    },
    {
      "Target": "Parameter",
      "Id": "PARAM_HAND_L_02",
      "Segments": [
        0,
        0,
        0,
        2.83,
        0
      ]
    },
    {
      "Target": "Parameter",
      "Id": "PARAM_HAND_L_03",
      "Segments": [
        0,
        0,
        0,
        2.83,
        0
      ]
    },
    {
      "Target": "Parameter",
      "Id": "PARAM_HAND_L_04",
      "Segments": [
        0,
        0,
        0,
        2.83,
        0
      ]
    },
    {
      "Target": "Parameter",
      "Id": "PARAM_HAND_L_06",
      "Segments": [
        0,
        0,
        0,
        2.83,
        0
      ]
    },
    {
      "Target": "Parameter",
      "Id": "PARAM_HAND_L_07",
      "Segments": [
        0,
        0,
        0,
        2.83,
        0
      ]
    },
    {
      "Target": "Parameter",
      "Id": "PARAM_HAND_L_08",
      "Segments": [
        0,
        0,
        0,
        2.83,
        0
      ]
    },
    {
      "Target": "Parameter",
      "Id": "PARAM_HAND_L_09",
      "Segments": [
        0,
        0,
        0,
        2.83,
        0
      ]
    },
    {
      "Target": "Parameter",
      "Id": "PARAM_HAND_L_10",
      "Segments": [
        0,
        0,
        0,
        2.83,
        0
      ]
    },
    {
      "Target": "Parameter",
      "Id": "PARAM_HAND_L_11",
      "Segments": [
        0,
        0,
        0,
        2.83,
        0
      ]
    },
    {
      "Target": "Parameter",
      "Id": "PARAM_HAND_L_12",
      "Segments": [
        0,
        0,
        0,
        2.83,
        0
      ]
    },
    {
      "Target": "Parameter",
      "Id": "PARAM_UPPER_BODY_FLUFFY",
      "Segments": [
        0,
        0,
        0,
        2.83,
        0
      ]
    },
    {
      "Target": "Parameter",
      "Id": "PARAM_LOWER_BODY_FLUFFY",
      "Segments": [
        0,
        0,
        0,
        2.83,
        0
      ]
    },
    {
      "Target": "Parameter",
      "Id": "PARAM_COLLAR_SHAKE_01",
      "Segments": [
        0,
        0,
        0,
        2.83,
        0
      ]
    },
    {
      "Target": "PartOpacity",
      "Id": "PartCore",
      "Segments": [
        0,
        1,
        0,
        2.83,
        1
      ]
    },
    {
      "Target": "PartOpacity",
      "Id": "PartFrontHair",
      "Segments": [
        0,
        1,
        0,
        2.83,
        1
      ]
    },
    {
      "Target": "PartOpacity",
      "Id": "PartEyeL",
      "Segments": [
        0,
        1,
        0,
        2.83,
        1
      ]
    },
    {
      "Target": "PartOpacity",
      "Id": "PartEyeR",
      "Segments": [
        0,
        1,
        0,
        2.83,
        1
      ]
    },
    {
      "Target": "PartOpacity",
      "Id": "PartCheek",
      "Segments": [
        0,
        1,
        0,
        2.83,
        1
      ]
    },
    {
      "Target": "PartOpacity",
      "Id": "PartHead",
      "Segments": [
        0,
        1,
        0,
        2.83,
        1
      ]
    },
    {
      "Target": "PartOpacity",
      "Id": "PartBackHair",
      "Segments": [
        0,
        1,
        0,
        2.83,
        1
      ]
    },
    {
      "Target": "PartOpacity",
      "Id": "PartExpression",
      "Segments": [
        0,
        1,
        0,
        2.83,
        1
      ]
    },
    {
      "Target": "PartOpacity",
      "Id": "PartNeck",
      "Segments": [
        0,
        1,
        0,
        2.83,
        1
      ]
    },
    {
      "Target": "PartOpacity",
      "Id": "PartUpperBody",
      "Segments": [
        0,
        1,
        0,
        2.83,
        1
      ]
    },
    {
      "Target": "PartOpacity",
      "Id": "PartArmR",
      "Segments": [
        0,
        1,
        0,
        2.83,
        1
      ]
    },
    {
      "Target": "PartOpacity",
      "Id": "PartHandR",
      "Segments": [
        0,
        1,
        0,
        2.83,
        1
      ]
    },
    {
      "Target": "PartOpacity",
      "Id": "PartArmL",
      "Segments": [
        0,
        1,
        0,
        2.83,
        1
      ]
    },
    {
      "Target": "PartOpacity",
      "Id": "PartHandL2",
      "Segments": [
        0,
        1,
        0,
        2.83,
        1
      ]
    },
    {
      "Target": "PartOpacity",
      "Id": "PartFoot",
      "Segments": [
        0,
        1,
        0,
        2.83,
        1
      ]
    }
  ],
  "UserData": []
}