{
  "Version": 3,
  "Meta": {
    "Duration": 2.33,
    "Fps": 30.0,
    "Loop": true,
    "AreBeziersRestricted": true,
    "CurveCount": 115,
    "TotalSegmentCount": 246,
    "TotalPointCount": 270,
    "UserDataCount": 0,
    "TotalUserDataSize": 0
  },
  "Curves": [
    {
      "Target": "Parameter",
      "Id": "PARAM_ANGLE_X",
      "Segments": [
        0,
        0,
        2,
        0.167,
        0,
        0,
        0.367,
        -2,
        0,
        0.933,
        6,
        0,
        2.033,
        -2,
        2,
        2.333,
        -2
      ]
    },
    {
      "Target": "Parameter",
      "Id": "PARAM_ANGLE_Y",
      "Segments": [
        0,
        0.865,
        0,
        0.1,
        1,
        0,
        0.3,
        -1,
        0,
        0.8,
        7,
        0,
        1.367,
        -24,
        0,
        2.033,
        -18,
        2,
        2.333,
        -18
      ]
    },
    {
      "Target": "Parameter",
      "Id": "PARAM_ANGLE_Z",
      "Segments": [
        0,
        0,
        2,
        0.167,
        0,
        0,
        0.933,
        18,
        0,
        1.467,
        16,
        0,
        2.033,
        17,
        2,
        2.333,
        17
      ]
    },
    {
      "Target": "Parameter",
      "Id": "PARAM_EYE_R_OPEN",
      "Segments": [
        0,
        1,
        2,
        1.067,
        1,
        0,
        1.2,
        0,
        2,
        1.267,
        0,
        0,
        1.4,
        1,
        2,
        2.333,
        1
      ]
    },
    {
      "Target": "Parameter",
      "Id": "PARAM_EYE_L_OPEN",
      "Segments": [
        0,
        1,
        2,
        1.067,
        1,
        0,
        1.2,
        0,
        2,
        1.267,
        0,
        0,
        1.4,
        1,
        2,
        2.333,
        1
      ]
    },
    {
      "Target": "Parameter",
      "Id": "PARAM_EYE_BALL_X",
      "Segments": [
        0,
        0,
        2,
        0.233,
        0,
        0,
        0.367,
        0.067,
        0,
        0.933,
        -0.2,
        0,
        2.033,
        0.067,
        2,
        2.333,
        0.067
      ]
    },
    {
      "Target": "Parameter",
      "Id": "PARAM_EYE_BALL_Y",
      "Segments": [
        0,
        0,
        2,
        0.167,
        0,
        0,
        0.3,
        0.067,
        0,
        0.8,
        -0.233,
        0,
        1.367,
        0.8,
        0,
        2.033,
        0.6,
        2,
        2.333,
        0.6
      ]
    },
    {
      "Target": "Parameter",
      "Id": "PARAM_BROW_R_Y",
      "Segments": [
        0,
        0,
        2,
        0.167,
        0,
        2,
        1.067,
        0,
        0,
        1.2,
        -0.5,
        2,
        1.267,
        -0.5,
        0,
        1.4,
        0,
        2,
        2.333,
        0
      ]
    },
    {
      "Target": "Parameter",
      "Id": "PARAM_BROW_R_ANGLE",
      "Segments": [
        0,
        0.5,
        2,
        0.167,
        0.5,
        2,
        1.067,
        0.5,
        0,
        1.2,
        0.2,
        2,
        1.267,
        0.2,
        0,
        1.4,
        0.5,
        2,
        2.333,
        0.5
      ]
    },
    {
      "Target": "Parameter",
      "Id": "PARAM_BROW_L_Y",
      "Segments": [
        0,
        0,
        2,
        0.167,
        0,
        2,
        1.067,
        0,
        0,
        1.2,
        -0.5,
        2,
        1.267,
        -0.5,
        0,
        1.4,
        0,
        2,
        2.333,
        0
      ]
    },
    {
      "Target": "Parameter",
      "Id": "PARAM_BROW_L_ANGLE",
      "Segments": [
        0,
        0.5,
        2,
        0.167,
        0.5,
        2,
        1.067,
        0.5,
        0,
        1.2,
        0.2,
        2,
        1.267,
        0.2,
        0,
        1.4,
        0.5,
        2,
        2.333,
        0.5
      ]
    },
    {
      "Target": "Parameter",
      "Id": "PARAM_SHOULDER_R_ROTATE",
      "Segments": [
        0,
        -33,
        2,
        0.167,
        -33,
        0,
        0.733,
        -35,
        1,
        0.911,
        -35,
        1.089,
        -30.575,
        1.267,
        -29,
        1,
        1.4,
        -27.819,
        1.534,
        -28,
        1.667,
        -28,
        2,
        2.333,
        -28
      ]
    },
    {
      "Target": "Parameter",
      "Id": "PARAM_ARM_R_ROTATE",
      "Segments": [
        0,
        21,
        2,
        0.167,
        21,
        2,
        0.533,
        21,
        0,
        1.067,
        21.5,
        0,
        1.767,
        21,
        2,
        2.333,
        21
      ]
    },
    {
      "Target": "Parameter",
      "Id": "PARAM_SHOULDER_L_ROTATE",
      "Segments": [
        0,
        10,
        2,
        0.167,
        10,
        0,
        0.733,
        -5,
        0,
        1.267,
        7,
        0,
        1.667,
        5,
        2,
        2.333,
        5
      ]
    },
    {
      "Target": "Parameter",
      "Id": "PARAM_ARM_L_ROTATE",
      "Segments": [
        0,
        0,
        2,
        0.167,
        0,
        0,
        0.4,
        0.7,
        0,
        0.8,
        -4,
        0,
        1.333,
        -0.5,
        0,
        1.733,
        -1,
        2,
        2.333,
        -1
      ]
    },
    {
      "Target": "Parameter",
      "Id": "PARAM_HAND_L_ROTATE",
      "Segments": [
        0,
        0,
        2,
        0.167,
        0,
        0,
        0.433,
        8,
        0,
        0.867,
        -10,
        0,
        1.4,
        4,
        0,
        1.8,
        -4,
        2,
        2.333,
        -4
      ]
    },
    {
      "Target": "Parameter",
      "Id": "PARAM_BODY_ANGLE_X",
      "Segments": [
        0,
        0,
        2,
        0.167,
        0,
        0,
        0.733,
        -2,
        1,
        0.911,
        -2,
        1.089,
        1.421,
        1.267,
        4,
        1,
        1.4,
        5.934,
        1.534,
        6,
        1.667,
        6,
        2,
        2.333,
        6
      ]
    },
    {
      "Target": "Parameter",
      "Id": "PARAM_BODY_ANGLE_Y",
      "Segments": [
        0,
        -0.951,
        0,
        0.533,
        4,
        0,
        1.067,
        -2,
        0,
        1.767,
        0,
        2,
        2.333,
        0
      ]
    },
    {
      "Target": "Parameter",
      "Id": "PARAM_BODY_ANGLE_Z",
      "Segments": [
        0,
        0,
        2,
        0.167,
        0,
        0,
        0.733,
        -4,
        0,
        1.267,
        7,
        0,
        1.667,
        6,
        2,
        2.333,
        6
      ]
    },
    {
      "Target": "Parameter",
      "Id": "PARAM_STRETCH",
      "Segments": [
        0,
        0,
        2,
        0.167,
        0,
        0,
        0.433,
        0.5,
        0,
        0.967,
        -0.5,
        0,
        1.667,
        -0.2,
        2,
        2.333,
        -0.2
      ]
    },
    {
      "Target": "Parameter",
      "Id": "PARAM_SHOLDER_POSITION",
      "Segments": [
        0,
        0,
        2,
        0.167,
        0,
        0,
        0.533,
        5,
        0,
        1.067,
        -4,
        0,
        1.667,
        0,
        2,
        2.333,
        0
      ]
    },
    {
      "Target": "Parameter",
      "Id": "PARAM_ROTATION_Z",
      "Segments": [
        0,
        0,
        2,
        0.167,
        0,
        0,
        0.733,
        0.2,
        0,
        1.267,
        -0.6,
        0,
        1.667,
        -0.5,
        2,
        2.333,
        -0.5
      ]
    },
    {
      "Target": "Parameter",
      "Id": "PARAM_HAIR_FRONT",
      "Segments": [
        0,
        0.009,
        1,
        0.067,
        0.009,
        0.133,
        0.008,
        0.2,
        0.027,
        1,
        0.244,
        0.039,
        0.289,
        0.177,
        0.333,
        0.177,
        0,
        0.533,
        -0.104,
        0,
        0.8,
        0.103,
        0,
        0.833,
        0.101,
        0,
        1.467,
        0.46,
        0,
        1.8,
        0.356,
        0,
        1.933,
        0.36,
        0,
        2.1,
        0.351,
        0,
        2.3,
        0.378,
        0,
        2.333,
        0.377
      ]
    },
    {
      "Target": "Parameter",
      "Id": "PARAM_HAIR_SIDE",
      "Segments": [
        0,
        0.008,
        1,
        0.067,
        0.008,
        0.133,
        0.006,
        0.2,
        0.027,
        1,
        0.256,
        0.044,
        0.311,
        0.173,
        0.367,
        0.173,
        0,
        0.6,
        -0.103,
        0,
        1.467,
        0.563,
        0,
        1.833,
        0.419,
        0,
        2.333,
        0.462
      ]
    },
    {
      "Target": "Parameter",
      "Id": "PARAM_HAIR_BACK_01",
      "Segments": [
        0,
        0.009,
        1,
        0.067,
        0.009,
        0.133,
        0.007,
        0.2,
        0.027,
        1,
        0.244,
        0.039,
        0.289,
        0.215,
        0.333,
        0.215,
        0,
        0.533,
        -0.137,
        0,
        0.8,
        0.121,
        0,
        0.833,
        0.119,
        0,
        1.467,
        0.568,
        0,
        1.8,
        0.439,
        0,
        1.933,
        0.444,
        0,
        2.1,
        0.432,
        0,
        2.3,
        0.466,
        0,
        2.333,
        0.464
      ]
    },
    {
      "Target": "Parameter",
      "Id": "PARAM_FLUFFY",
      "Segments": [
        0,
        0.042,
        0,
        0.2,
        -0.022,
        0,
        0.333,
        -0.002,
        0,
        0.467,
        -0.012,
        0,
        1,
        0.248,
        0,
        1.467,
        -0.199,
        0,
        1.867,
        0.147,
        0,
        2.3,
        0.001,
        0,
        2.333,
        0.003
      ]
    },
    {
      "Target": "Parameter",
      "Id": "PARAM_CHEEK_01",
      "Segments": [
        0,
        1,
        2,
        0.167,
        1,
        1,
        0.378,
        1,
        0.589,
        1.005,
        0.8,
        1.052,
        1,
        0.878,
        1.069,
        0.955,
        1.5,
        1.033,
        1.5,
        2,
        2.333,
        1.5
      ]
    },
    {
      "Target": "Model",
      "Id": "Opacity",
      "Segments": [
        0,
        1,
        0,
        2.33,
        1
      ]
    },
    {
      "Target": "Parameter",
      "Id": "PARAM_EYE_R_SMILE",
      "Segments": [
        0,
        0,
        0,
        2.33,
        0
      ]
    },
    {
      "Target": "Parameter",
      "Id": "PARAM_EYE_L_SMILE",
      "Segments": [
        0,
        0,
        0,
        2.33,
        0
      ]
    },
    {
      "Target": "Parameter",
      "Id": "PARAM_EYE_FORM",
      "Segments": [
        0,
        0,
        0,
        2.33,
        0
      ]
    },
    {
      "Target": "Parameter",
      "Id": "PARAM_EYE_SCALE",
      "Segments": [
        0,
        0,
        0,
        2.33,
        0
      ]
    },
    {
      "Target": "Parameter",
      "Id": "PARAM_TEAR_LEAP_01",
      "Segments": [
        0,
        0,
        0,
        2.33,
        0
      ]
    },
    {
      "Target": "Parameter",
      "Id": "EYE_TWINKLE_01",
      "Segments": [
        0,
        0,
        0,
        2.33,
        0
      ]
    },
    {
      "Target": "Parameter",
      "Id": "PARAM_LIGHT",
      "Segments": [
        0,
        0,
        0,
        2.33,
        0
      ]
    },
    {
      "Target": "Parameter",
      "Id": "PARAM_BROW_R_FORM",
      "Segments": [
        0,
        1,
        0,
        2.33,
        1
      ]
    },
    {
      "Target": "Parameter",
      "Id": "PARAM_BROW_R_X",
      "Segments": [
        0,
        0.3,
        0,
        2.33,
        0.3
      ]
    },
    {
      "Target": "Parameter",
      "Id": "PARAM_BROW_L_FORM",
      "Segments": [
        0,
        1,
        0,
        2.33,
        1
      ]
    },
    {
      "Target": "Parameter",
      "Id": "PARAM_BROW_L_X",
      "Segments": [
        0,
        0.3,
        0,
        2.33,
        0.3
      ]
    },
    {
      "Target": "Parameter",
      "Id": "PARAM_MOUTH_OPEN_Y",
      "Segments": [
        0,
        0,
        0,
        2.33,
        0
      ]
    },
    {
      "Target": "Parameter",
      "Id": "PARAM_MOUTH_FORM_01",
      "Segments": [
        0,
        1,
        0,
        2.33,
        1
      ]
    },
    {
      "Target": "Parameter",
      "Id": "PARAM_MOUTH_POS_Y",
      "Segments": [
        0,
        0,
        0,
        2.33,
        0
      ]
    },
    {
      "Target": "Parameter",
      "Id": "PARAM_MOUTH_SCALE",
      "Segments": [
        0,
        0,
        0,
        2.33,
        0
      ]
    },
    {
      "Target": "Parameter",
      "Id": "PARAM_MOUTH_SCALE_Y",
      "Segments": [
        0,
        0,
        0,
        2.33,
        0
      ]
    },
    {
      "Target": "Parameter",
      "Id": "PARAM_HAND_R_ROTATE",
      "Segments": [
        0,
        27.331,
        0,
        2.33,
        27.331
      ]
    },
    {
      "Target": "Parameter",
      "Id": "PARAM_ARM_R_ORDER",
      "Segments": [
        0,
        1,
        0,
        2.33,
        1
      ]
    },
    {
      "Target": "Parameter",
      "Id": "PARAM_ARM_L_ORDER",
      "Segments": [
        0,
        0,
        0,
        2.33,
        0
      ]
    },
    {
      "Target": "Parameter",
      "Id": "PARAM_BREATH",
      "Segments": [
        0,
        0,
        0,
        2.33,
        0
      ]
    },
    {
      "Target": "Parameter",
      "Id": "PARAM_POSITION_X",
      "Segments": [
        0,
        0,
        0,
        2.33,
        0
      ]
    },
    {
      "Target": "Parameter",
      "Id": "PARAM_POSITION_Y",
      "Segments": [
        0,
        0,
        0,
        2.33,
        0
      ]
    },
    {
      "Target": "Parameter",
      "Id": "PARAM_FACE_SHADOW",
      "Segments": [
        0,
        0,
        0,
        2.33,
        0
      ]
    },
    {
      "Target": "Parameter",
      "Id": "PARAM_FACE_CHANGE",
      "Segments": [
        0,
        0,
        0,
        2.33,
        0
      ]
    },
    {
      "Target": "Parameter",
      "Id": "PARAM_CHEEK_02",
      "Segments": [
        0,
        0,
        0,
        2.33,
        0
      ]
    },
    {
      "Target": "Parameter",
      "Id": "PARAM_CHEEK_03",
      "Segments": [
        0,
        0,
        0,
        2.33,
        0
      ]
    },
    {
      "Target": "Parameter",
      "Id": "PARAM_CHEEK_04",
      "Segments": [
        0,
        0,
        0,
        2.33,
        0
      ]
    },
    {
      "Target": "Parameter",
      "Id": "PARAM_CHEEK_05",
      "Segments": [
        0,
        0,
        0,
        2.33,
        0
      ]
    },
    {
      "Target": "Parameter",
      "Id": "PARAM_TEAR_01",
      "Segments": [
        0,
        0,
        0,
        2.33,
        0
      ]
    },
    {
      "Target": "Parameter",
      "Id": "PARAM_TEAR_02",
      "Segments": [
        0,
        0,
        0,
        2.33,
        0
      ]
    },
    {
      "Target": "Parameter",
      "Id": "PARAM_TEAR_02_MOVE",
      "Segments": [
        0,
        0,
        0,
        2.33,
        0
      ]
    },
    {
      "Target": "Parameter",
      "Id": "PARAM_TEAR_03",
      "Segments": [
        0,
        0,
        0,
        2.33,
        0
      ]
    },
    {
      "Target": "Parameter",
      "Id": "PARAM_TEAR_03_MOVE",
      "Segments": [
        0,
        0,
        0,
        2.33,
        0
      ]
    },
    {
      "Target": "Parameter",
      "Id": "PARAM_SWEAT",
      "Segments": [
        0,
        0,
        0,
        2.33,
        0
      ]
    },
    {
      "Target": "Parameter",
      "Id": "PARAM_SWEAT_MOVE",
      "Segments": [
        0,
        0,
        0,
        2.33,
        0
      ]
    },
    {
      "Target": "Parameter",
      "Id": "PARAM_EYE_WHITE_00",
      "Segments": [
        0,
        1,
        0,
        2.33,
        1
      ]
    },
    {
      "Target": "Parameter",
      "Id": "PARAM_EYE_WHITE_01",
      "Segments": [
        0,
        0,
        0,
        2.33,
        0
      ]
    },
    {
      "Target": "Parameter",
      "Id": "PARAM_EYE_01",
      "Segments": [
        0,
        1,
        0,
        2.33,
        1
      ]
    },
    {
      "Target": "Parameter",
      "Id": "PARAM_EYE_02",
      "Segments": [
        0,
        0,
        0,
        2.33,
        0
      ]
    },
    {
      "Target": "Parameter",
      "Id": "PARAM_EYE_05",
      "Segments": [
        0,
        0,
        0,
        2.33,
        0
      ]
    },
    {
      "Target": "Parameter",
      "Id": "PARAM_MOUTH_01",
      "Segments": [
        0,
        1,
        0,
        2.33,
        1
      ]
    },
    {
      "Target": "Parameter",
      "Id": "PARAM_MOUTH_02",
      "Segments": [
        0,
        0,
        0,
        2.33,
        0
      ]
    },
    {
      "Target": "Parameter",
      "Id": "PARAM_BROW_01",
      "Segments": [
        0,
        1,
        0,
        2.33,
        1
      ]
    },
    {
      "Target": "Parameter",
      "Id": "PARAM_HAND_R_01",
      "Segments": [
        0,
        0,
        0,
        2.33,
        0
      ]
    },
    {
      "Target": "Parameter",
      "Id": "PARAM_HAND_R_02",
      "Segments": [
        0,
        0,
        0,
        2.33,
        0
      ]
    },
    {
      "Target": "Parameter",
      "Id": "PARAM_HAND_R_03",
      "Segments": [
        0,
        0,
        0,
        2.33,
        0
      ]
    },
    {
      "Target": "Parameter",
      "Id": "PARAM_HAND_R_04",
      "Segments": [
        0,
        0,
        0,
        2.33,
        0
      ]
    },
    {
      "Target": "Parameter",
      "Id": "PARAM_HAND_R_05",
      "Segments": [
        0,
        0,
        0,
        2.33,
        0
      ]
    },
    {
      "Target": "Parameter",
      "Id": "PARAM_HAND_R_06",
      "Segments": [
        0,
        0,
        0,
        2.33,
        0
      ]
    },
    {
      "Target": "Parameter",
      "Id": "PARAM_HAND_R_07",
      "Segments": [
        0,
        0,
        0,
        2.33,
        0
      ]
    },
    {
      "Target": "Parameter",
      "Id": "PARAM_HAND_R_08",
      "Segments": [
        0,
        0,
        0,
        2.33,
        0
      ]
    },
    {
      "Target": "Parameter",
      "Id": "PARAM_HAND_R_09",
      "Segments": [
        0,
        1,
        0,
        2.33,
        1
      ]
    },
    {
      "Target": "Parameter",
      "Id": "PARAM_HAND_R_10",
      "Segments": [
        0,
        0,
        0,
        2.33,
        0
      ]
    },
    {
      "Target": "Parameter",
      "Id": "PARAM_HAND_R_11",
      "Segments": [
        0,
        0,
        0,
        2.33,
        0
      ]
    },
    {
      "Target": "Parameter",
      "Id": "PARAM_HAND_R_12",
      "Segments": [
        0,
        0,
        0,
        2.33,
        0
      ]
    },
    {
      "Target": "Parameter",
      "Id": "PARAM_HAND_L_01",
      "Segments": [
        0,
        1,
        0,
        2.33,
        1
      ]
    },
    {
      "Target": "Parameter",
      "Id": "PARAM_HAND_L_02",
      "Segments": [
        0,
        0,
        0,
        2.33,
        0
      ]
    },
    {
      "Target": "Parameter",
      "Id": "PARAM_HAND_L_03",
      "Segments": [
        0,
        0,
        0,
        2.33,
        0
      ]
    },
    {
      "Target": "Parameter",
      "Id": "PARAM_HAND_L_04",
      "Segments": [
        0,
        0,
        0,
        2.33,
        0
      ]
    },
    {
      "Target": "Parameter",
      "Id": "PARAM_HAND_L_05",
      "Segments": [
        0,
        0,
        0,
        2.33,
        0
      ]
    },
    {
      "Target": "Parameter",
      "Id": "PARAM_HAND_L_06",
      "Segments": [
        0,
        0,
        0,
        2.33,
        0
      ]
    },
    {
      "Target": "Parameter",
      "Id": "PARAM_HAND_L_07",
      "Segments": [
        0,
        0,
        0,
        2.33,
        0
      ]
    },
    {
      "Target": "Parameter",
      "Id": "PARAM_HAND_L_08",
      "Segments": [
        0,
        0,
        0,
        2.33,
        0
      ]
    },
    {
      "Target": "Parameter",
      "Id": "PARAM_HAND_L_09",
      "Segments": [
        0,
        0,
        0,
        2.33,
        0
      ]
    },
    {
      "Target": "Parameter",
      "Id": "PARAM_HAND_L_10",
      "Segments": [
        0,
        0,
        0,
        2.33,
        0
      ]
    },
    {
      "Target": "Parameter",
      "Id": "PARAM_HAND_L_11",
      "Segments": [
        0,
        0,
        0,
        2.33,
        0
      ]
    },
    {
      "Target": "Parameter",
      "Id": "PARAM_HAND_L_12",
      "Segments": [
        0,
        0,
        0,
        2.33,
        0
      ]
    },
    {
      "Target": "Parameter",
      "Id": "PARAM_UPPER_BODY_FLUFFY",
      "Segments": [
        0,
        0,
        0,
        2.33,
        0
      ]
    },
    {
      "Target": "Parameter",
      "Id": "PARAM_LOWER_BODY_FLUFFY",
      "Segments": [
        0,
        0,
        0,
        2.33,
        0
      ]
    },
    {
      "Target": "Parameter",
      "Id": "PARAM_COLLAR_SHAKE_01",
      "Segments": [
        0,
        0,
        0,
        2.33,
        0
      ]
    },
    {
      "Target": "PartOpacity",
      "Id": "PartCore",
      "Segments": [
        0,
        1,
        0,
        2.33,
        1
      ]
    },
    {
      "Target": "PartOpacity",
      "Id": "PartFrontHair",
      "Segments": [
        0,
        1,
        0,
        2.33,
        1
      ]
    },
    {
      "Target": "PartOpacity",
      "Id": "PartEyebrow2",
      "Segments": [
        0,
        1,
        0,
        2.33,
        1
      ]
    },
    {
      "Target": "PartOpacity",
      "Id": "PartEyeL",
      "Segments": [
        0,
        1,
        0,
        2.33,
        1
      ]
    },
    {
      "Target": "PartOpacity",
      "Id": "PartEyeR",
      "Segments": [
        0,
        1,
        0,
        2.33,
        1
      ]
    },
    {
      "Target": "PartOpacity",
      "Id": "PartCheek",
      "Segments": [
        0,
        1,
        0,
        2.33,
        1
      ]
    },
    {
      "Target": "PartOpacity",
      "Id": "PartHead",
      "Segments": [
        0,
        1,
        0,
        2.33,
        1
      ]
    },
    {
      "Target": "PartOpacity",
      "Id": "PartMouth2",
      "Segments": [
        0,
        1,
        0,
        2.33,
        1
      ]
    },
    {
      "Target": "PartOpacity",
      "Id": "PartBackHair",
      "Segments": [
        0,
        1,
        0,
        2.33,
        1
      ]
    },
    {
      "Target": "PartOpacity",
      "Id": "PartExpression",
      "Segments": [
        0,
        1,
        0,
        2.33,
        1
      ]
    },
    {
      "Target": "PartOpacity",
      "Id": "PartNeck",
      "Segments": [
        0,
        1,
        0,
        2.33,
        1
      ]
    },
    {
      "Target": "PartOpacity",
      "Id": "PartUpperBody",
      "Segments": [
        0,
        1,
        0,
        2.33,
        1
      ]
    },
    {
      "Target": "PartOpacity",
      "Id": "PartArmR",
      "Segments": [
        0,
        1,
        0,
        2.33,
        1
      ]
    },
    {
      "Target": "PartOpacity",
      "Id": "PartHandR",
      "Segments": [
        0,
        1,
        0,
        2.33,
        1
      ]
    },
    {
      "Target": "PartOpacity",
      "Id": "PartArmL",
      "Segments": [
        0,
        1,
        0,
        2.33,
        1
      ]
    },
    {
      "Target": "PartOpacity",
      "Id": "PartHandL2",
      "Segments": [
        0,
        1,
        0,
        2.33,
        1
      ]
    },
    {
      "Target": "PartOpacity",
      "Id": "PartFoot",
      "Segments": [
        0,
        1,
        0,
        2.33,
        1
      ]
    }
  ],
  "UserData": []
}