{
  "Version": 3,
  "Meta": {
    "Duration": 3.0,
    "Fps": 30.0,
    "Loop": true,
    "AreBeziersRestricted": true,
    "CurveCount": 101,
    "TotalSegmentCount": 248,
    "TotalPointCount": 318,
    "UserDataCount": 0,
    "TotalUserDataSize": 0
  },
  "Curves": [
    {
      "Target": "Parameter",
      "Id": "PARAM_ANGLE_X",
      "Segments": [
        0,
        -6,
        2,
        0.5,
        -6,
        1,
        0.622,
        -6,
        0.745,
        -0.923,
        0.867,
        3,
        1,
        1.022,
        7.993,
        1.178,
        9,
        1.333,
        9,
        0,
        1.833,
        8,
        2,
        3,
        8
      ]
    },
    {
      "Target": "Parameter",
      "Id": "PARAM_ANGLE_Y",
      "Segments": [
        0,
        -9.509,
        1,
        0.122,
        -9.509,
        0.245,
        -11.445,
        0.367,
        -17.962,
        1,
        0.467,
        -23.295,
        0.567,
        -28,
        0.667,
        -28,
        0,
        0.967,
        18.864,
        1,
        1.045,
        18.864,
        1.122,
        19.66,
        1.2,
        10.952,
        1,
        1.3,
        -0.244,
        1.4,
        -30,
        1.5,
        -30,
        0,
        1.8,
        -24,
        2,
        3,
        -24
      ]
    },
    {
      "Target": "Parameter",
      "Id": "PARAM_ANGLE_Z",
      "Segments": [
        0,
        -12,
        0,
        0.5,
        -17,
        0,
        0.867,
        8,
        1,
        0.911,
        8,
        0.956,
        7.352,
        1,
        2.602,
        1,
        1.111,
        -9.273,
        1.222,
        -18,
        1.333,
        -18,
        0,
        1.767,
        -13,
        2,
        3,
        -13
      ]
    },
    {
      "Target": "Parameter",
      "Id": "PARAM_EYE_R_OPEN",
      "Segments": [
        0,
        1,
        2,
        1.033,
        1,
        0,
        1.1,
        0,
        2,
        1.267,
        0,
        0,
        1.333,
        1.5,
        2,
        3,
        1.5
      ]
    },
    {
      "Target": "Parameter",
      "Id": "PARAM_EYE_L_OPEN",
      "Segments": [
        0,
        1,
        2,
        1.033,
        1,
        0,
        1.1,
        0,
        2,
        1.267,
        0,
        0,
        1.333,
        1.5,
        2,
        3,
        1.5
      ]
    },
    {
      "Target": "Parameter",
      "Id": "PARAM_EYE_BALL_X",
      "Segments": [
        0,
        0.1,
        1,
        0.256,
        0.1,
        0.511,
        0.071,
        0.767,
        0,
        1,
        0.867,
        -0.028,
        0.967,
        -0.052,
        1.067,
        -0.1,
        1,
        1.145,
        -0.138,
        1.222,
        -0.234,
        1.3,
        -0.234,
        0,
        1.767,
        -0.2,
        2,
        3,
        -0.2
      ]
    },
    {
      "Target": "Parameter",
      "Id": "PARAM_EYE_BALL_Y",
      "Segments": [
        0,
        0.3,
        1,
        0.256,
        0.3,
        0.511,
        0.276,
        0.767,
        0.1,
        1,
        0.867,
        0.031,
        0.967,
        -0.5,
        1.067,
        -0.5,
        1,
        1.145,
        -0.5,
        1.222,
        0.163,
        1.3,
        0.3,
        1,
        1.456,
        0.574,
        1.611,
        0.6,
        1.767,
        0.6,
        2,
        3,
        0.6
      ]
    },
    {
      "Target": "Parameter",
      "Id": "PARAM_BROW_R_FORM",
      "Segments": [
        0,
        0,
        2,
        1,
        0,
        0,
        1.367,
        -0.2,
        2,
        3,
        -0.2
      ]
    },
    {
      "Target": "Parameter",
      "Id": "PARAM_BROW_R_Y",
      "Segments": [
        0,
        -0.4,
        1,
        0.222,
        -0.4,
        0.445,
        -0.396,
        0.667,
        -0.327,
        1,
        0.778,
        -0.293,
        0.889,
        0,
        1,
        0,
        0,
        1.133,
        -0.621,
        2,
        1.233,
        -0.621,
        0,
        1.367,
        -0.1,
        2,
        3,
        -0.1
      ]
    },
    {
      "Target": "Parameter",
      "Id": "PARAM_BROW_R_X",
      "Segments": [
        0,
        0,
        2,
        1,
        0,
        0,
        1.367,
        -0.4,
        2,
        3,
        -0.4
      ]
    },
    {
      "Target": "Parameter",
      "Id": "PARAM_BROW_R_ANGLE",
      "Segments": [
        0,
        0.3,
        2,
        1,
        0.3,
        0,
        1.367,
        -0.4,
        2,
        3,
        -0.4
      ]
    },
    {
      "Target": "Parameter",
      "Id": "PARAM_BROW_L_FORM",
      "Segments": [
        0,
        0,
        2,
        1,
        0,
        0,
        1.367,
        -0.2,
        2,
        3,
        -0.2
      ]
    },
    {
      "Target": "Parameter",
      "Id": "PARAM_BROW_L_Y",
      "Segments": [
        0,
        -0.4,
        1,
        0.222,
        -0.4,
        0.445,
        -0.396,
        0.667,
        -0.323,
        1,
        0.778,
        -0.287,
        0.889,
        0,
        1,
        0,
        0,
        1.133,
        -0.621,
        2,
        1.233,
        -0.621,
        0,
        1.367,
        -0.1,
        2,
        3,
        -0.1
      ]
    },
    {
      "Target": "Parameter",
      "Id": "PARAM_BROW_L_X",
      "Segments": [
        0,
        0,
        2,
        1,
        0,
        0,
        1.367,
        -0.4,
        2,
        3,
        -0.4
      ]
    },
    {
      "Target": "Parameter",
      "Id": "PARAM_BROW_L_ANGLE",
      "Segments": [
        0,
        0.3,
        2,
        1,
        0.3,
        0,
        1.367,
        -0.4,
        2,
        3,
        -0.4
      ]
    },
    {
      "Target": "Parameter",
      "Id": "PARAM_MOUTH_FORM_01",
      "Segments": [
        0,
        0,
        0,
        1.467,
        1,
        2,
        3,
        1
      ]
    },
    {
      "Target": "Parameter",
      "Id": "PARAM_SHOULDER_R_ROTATE",
      "Segments": [
        0,
        -1.165,
        0,
        0.267,
        -2.503,
        0,
        0.667,
        5.295,
        0,
        1.033,
        -30.435,
        2,
        3,
        -30.435
      ]
    },
    {
      "Target": "Parameter",
      "Id": "PARAM_ARM_R_ROTATE",
      "Segments": [
        0,
        0.09,
        0,
        0.267,
        -1.096,
        1,
        0.367,
        -1.096,
        0.467,
        -1.032,
        0.567,
        -0.7,
        1,
        0.6,
        -0.589,
        0.634,
        -0.553,
        0.667,
        0.86,
        1,
        0.789,
        6.04,
        0.911,
        21.371,
        1.033,
        21.371,
        0,
        1.533,
        20.175,
        2,
        3,
        20.175
      ]
    },
    {
      "Target": "Parameter",
      "Id": "PARAM_HAND_R_ROTATE",
      "Segments": [
        0,
        0,
        1,
        0.078,
        0,
        0.155,
        -0.005,
        0.233,
        0.006,
        1,
        0.378,
        0.025,
        0.522,
        1.084,
        0.667,
        2.642,
        1,
        0.822,
        4.32,
        0.978,
        23.856,
        1.133,
        27.42,
        1,
        1.255,
        30.22,
        1.378,
        30,
        1.5,
        30,
        2,
        3,
        30
      ]
    },
    {
      "Target": "Parameter",
      "Id": "PARAM_SHOULDER_L_ROTATE",
      "Segments": [
        0,
        -1.485,
        0,
        0.267,
        -4.276,
        0,
        0.667,
        1.91,
        0,
        1.033,
        -35,
        2,
        3,
        -35
      ]
    },
    {
      "Target": "Parameter",
      "Id": "PARAM_ARM_L_ROTATE",
      "Segments": [
        0,
        0.07,
        0,
        0.267,
        -0.772,
        1,
        0.334,
        -0.772,
        0.4,
        -0.615,
        0.467,
        -0.095,
        1,
        0.534,
        0.424,
        0.6,
        0.394,
        0.667,
        1.743,
        1,
        0.789,
        4.217,
        0.911,
        21.541,
        1.033,
        21.541,
        0,
        1.5,
        20.295,
        2,
        3,
        20.295
      ]
    },
    {
      "Target": "Parameter",
      "Id": "PARAM_HAND_L_ROTATE",
      "Segments": [
        0,
        -8,
        1,
        0.089,
        -8,
        0.178,
        -8.008,
        0.267,
        -7.986,
        1,
        0.4,
        -7.955,
        0.534,
        -7.642,
        0.667,
        -7,
        1,
        0.811,
        -6.304,
        0.956,
        25.146,
        1.1,
        27.96,
        1,
        1.222,
        30.341,
        1.345,
        30,
        1.467,
        30,
        2,
        3,
        30
      ]
    },
    {
      "Target": "Parameter",
      "Id": "PARAM_BODY_ANGLE_X",
      "Segments": [
        0,
        7,
        0,
        1.6,
        3,
        2,
        3,
        3
      ]
    },
    {
      "Target": "Parameter",
      "Id": "PARAM_BODY_ANGLE_Y",
      "Segments": [
        0,
        0,
        0,
        0.433,
        -0.49,
        0,
        0.967,
        5.821,
        0,
        1.6,
        -7,
        2,
        3,
        -7
      ]
    },
    {
      "Target": "Parameter",
      "Id": "PARAM_BODY_ANGLE_Z",
      "Segments": [
        0,
        -0.5,
        0,
        1.6,
        5,
        2,
        3,
        5
      ]
    },
    {
      "Target": "Parameter",
      "Id": "PARAM_STRETCH",
      "Segments": [
        0,
        0,
        0,
        0.4,
        -0.1,
        0,
        0.867,
        1,
        0,
        1.267,
        -0.6,
        1,
        1.378,
        -0.6,
        1.489,
        -0.091,
        1.6,
        0,
        1,
        1.733,
        0.11,
        1.867,
        0.1,
        2,
        0.1,
        2,
        3,
        0.1
      ]
    },
    {
      "Target": "Parameter",
      "Id": "PARAM_SHOLDER_POSITION",
      "Segments": [
        0,
        3,
        0,
        0.9,
        -2.46,
        0,
        1.6,
        10,
        0,
        1.933,
        7.957,
        2,
        3,
        7.957
      ]
    },
    {
      "Target": "Parameter",
      "Id": "PARAM_ROTATION_Z",
      "Segments": [
        0,
        0.1,
        0,
        1.6,
        -0.5,
        2,
        3,
        -0.5
      ]
    },
    {
      "Target": "Parameter",
      "Id": "PARAM_HAIR_FRONT",
      "Segments": [
        0,
        -0.099,
        2,
        0.033,
        -0.099,
        0,
        0.167,
        -0.095,
        0,
        0.467,
        -0.117,
        0,
        0.533,
        -0.114,
        0,
        0.633,
        -0.144,
        0,
        0.967,
        0.158,
        0,
        1.3,
        -0.073,
        0,
        1.8,
        -0.022,
        0,
        1.933,
        -0.028,
        0,
        2.133,
        -0.021,
        0,
        2.333,
        -0.024,
        0,
        2.567,
        -0.023,
        2,
        2.767,
        -0.023,
        2,
        2.967,
        -0.023,
        2,
        3,
        -0.023
      ]
    },
    {
      "Target": "Parameter",
      "Id": "PARAM_HAIR_SIDE",
      "Segments": [
        0,
        -0.078,
        0,
        0.167,
        -0.076,
        0,
        0.5,
        -0.094,
        0,
        0.533,
        -0.093,
        0,
        0.633,
        -0.103,
        0,
        1,
        0.149,
        0,
        1.333,
        -0.104,
        0,
        1.667,
        -0.002,
        0,
        1.933,
        -0.03,
        0,
        2.233,
        -0.013,
        0,
        2.5,
        -0.02,
        0,
        2.8,
        -0.017,
        0,
        3,
        -0.018
      ]
    },
    {
      "Target": "Parameter",
      "Id": "PARAM_HAIR_BACK_01",
      "Segments": [
        0,
        -0.087,
        2,
        0.033,
        -0.087,
        0,
        0.167,
        -0.083,
        0,
        0.467,
        -0.102,
        0,
        0.533,
        -0.1,
        0,
        0.633,
        -0.126,
        0,
        0.967,
        0.138,
        0,
        1.3,
        -0.063,
        0,
        1.8,
        -0.019,
        0,
        1.933,
        -0.024,
        0,
        2.133,
        -0.018,
        0,
        2.333,
        -0.021,
        0,
        2.567,
        -0.02,
        2,
        2.767,
        -0.02,
        2,
        2.967,
        -0.02,
        2,
        3,
        -0.02
      ]
    },
    {
      "Target": "Parameter",
      "Id": "PARAM_FLUFFY",
      "Segments": [
        0,
        0.001,
        0,
        0.433,
        0.119,
        0,
        0.9,
        -0.748,
        0,
        1.267,
        0.76,
        0,
        1.667,
        -0.702,
        0,
        2.067,
        0.24,
        0,
        2.433,
        -0.197,
        0,
        2.8,
        -0.062,
        0,
        3,
        -0.098
      ]
    },
    {
      "Target": "Parameter",
      "Id": "PARAM_HAND_R_01",
      "Segments": [
        0,
        1,
        2,
        0.8,
        1,
        0,
        0.833,
        0,
        2,
        3,
        0
      ]
    },
    {
      "Target": "Parameter",
      "Id": "PARAM_HAND_R_09",
      "Segments": [
        0,
        0,
        2,
        0.8,
        0,
        0,
        0.833,
        1,
        2,
        3,
        1
      ]
    },
    {
      "Target": "Parameter",
      "Id": "PARAM_HAND_L_01",
      "Segments": [
        0,
        1,
        2,
        0.8,
        1,
        0,
        0.833,
        0,
        2,
        3,
        0
      ]
    },
    {
      "Target": "Parameter",
      "Id": "PARAM_HAND_L_09",
      "Segments": [
        0,
        0,
        2,
        0.8,
        0,
        0,
        0.833,
        1,
        2,
        3,
        1
      ]
    },
    {
      "Target": "Model",
      "Id": "Opacity",
      "Segments": [
        0,
        1,
        0,
        3,
        1
      ]
    },
    {
      "Target": "Parameter",
      "Id": "PARAM_EYE_R_SMILE",
      "Segments": [
        0,
        0,
        0,
        3,
        0
      ]
    },
    {
      "Target": "Parameter",
      "Id": "PARAM_EYE_L_SMILE",
      "Segments": [
        0,
        0,
        0,
        3,
        0
      ]
    },
    {
      "Target": "Parameter",
      "Id": "PARAM_EYE_FORM",
      "Segments": [
        0,
        0,
        0,
        3,
        0
      ]
    },
    {
      "Target": "Parameter",
      "Id": "PARAM_EYE_SCALE",
      "Segments": [
        0,
        0,
        0,
        3,
        0
      ]
    },
    {
      "Target": "Parameter",
      "Id": "PARAM_TEAR_LEAP_01",
      "Segments": [
        0,
        0,
        0,
        3,
        0
      ]
    },
    {
      "Target": "Parameter",
      "Id": "EYE_TWINKLE_01",
      "Segments": [
        0,
        0,
        0,
        3,
        0
      ]
    },
    {
      "Target": "Parameter",
      "Id": "PARAM_LIGHT",
      "Segments": [
        0,
        0,
        0,
        3,
        0
      ]
    },
    {
      "Target": "Parameter",
      "Id": "PARAM_MOUTH_OPEN_Y",
      "Segments": [
        0,
        0,
        0,
        3,
        0
      ]
    },
    {
      "Target": "Parameter",
      "Id": "PARAM_MOUTH_POS_Y",
      "Segments": [
        0,
        0,
        0,
        3,
        0
      ]
    },
    {
      "Target": "Parameter",
      "Id": "PARAM_MOUTH_SCALE",
      "Segments": [
        0,
        0,
        0,
        3,
        0
      ]
    },
    {
      "Target": "Parameter",
      "Id": "PARAM_MOUTH_SCALE_Y",
      "Segments": [
        0,
        0,
        0,
        3,
        0
      ]
    },
    {
      "Target": "Parameter",
      "Id": "PARAM_ARM_R_ORDER",
      "Segments": [
        0,
        1,
        0,
        3,
        1
      ]
    },
    {
      "Target": "Parameter",
      "Id": "PARAM_ARM_L_ORDER",
      "Segments": [
        0,
        1,
        0,
        3,
        1
      ]
    },
    {
      "Target": "Parameter",
      "Id": "PARAM_BREATH",
      "Segments": [
        0,
        0,
        0,
        3,
        0
      ]
    },
    {
      "Target": "Parameter",
      "Id": "PARAM_POSITION_X",
      "Segments": [
        0,
        0,
        0,
        3,
        0
      ]
    },
    {
      "Target": "Parameter",
      "Id": "PARAM_POSITION_Y",
      "Segments": [
        0,
        0,
        0,
        3,
        0
      ]
    },
    {
      "Target": "Parameter",
      "Id": "PARAM_FACE_SHADOW",
      "Segments": [
        0,
        0,
        0,
        3,
        0
      ]
    },
    {
      "Target": "Parameter",
      "Id": "PARAM_FACE_CHANGE",
      "Segments": [
        0,
        0,
        0,
        3,
        0
      ]
    },
    {
      "Target": "Parameter",
      "Id": "PARAM_CHEEK_01",
      "Segments": [
        0,
        1,
        0,
        3,
        1
      ]
    },
    {
      "Target": "Parameter",
      "Id": "PARAM_CHEEK_02",
      "Segments": [
        0,
        0,
        0,
        3,
        0
      ]
    },
    {
      "Target": "Parameter",
      "Id": "PARAM_CHEEK_03",
      "Segments": [
        0,
        0,
        0,
        3,
        0
      ]
    },
    {
      "Target": "Parameter",
      "Id": "PARAM_CHEEK_04",
      "Segments": [
        0,
        0,
        0,
        3,
        0
      ]
    },
    {
      "Target": "Parameter",
      "Id": "PARAM_CHEEK_05",
      "Segments": [
        0,
        0,
        0,
        3,
        0
      ]
    },
    {
      "Target": "Parameter",
      "Id": "PARAM_TEAR_01",
      "Segments": [
        0,
        0,
        0,
        3,
        0
      ]
    },
    {
      "Target": "Parameter",
      "Id": "PARAM_TEAR_02",
      "Segments": [
        0,
        0,
        0,
        3,
        0
      ]
    },
    {
      "Target": "Parameter",
      "Id": "PARAM_TEAR_02_MOVE",
      "Segments": [
        0,
        0,
        0,
        3,
        0
      ]
    },
    {
      "Target": "Parameter",
      "Id": "PARAM_TEAR_03",
      "Segments": [
        0,
        0,
        0,
        3,
        0
      ]
    },
    {
      "Target": "Parameter",
      "Id": "PARAM_TEAR_03_MOVE",
      "Segments": [
        0,
        0,
        0,
        3,
        0
      ]
    },
    {
      "Target": "Parameter",
      "Id": "PARAM_SWEAT",
      "Segments": [
        0,
        0,
        0,
        3,
        0
      ]
    },
    {
      "Target": "Parameter",
      "Id": "PARAM_SWEAT_MOVE",
      "Segments": [
        0,
        0,
        0,
        3,
        0
      ]
    },
    {
      "Target": "Parameter",
      "Id": "PARAM_EYE_WHITE_00",
      "Segments": [
        0,
        1,
        0,
        3,
        1
      ]
    },
    {
      "Target": "Parameter",
      "Id": "PARAM_EYE_WHITE_01",
      "Segments": [
        0,
        0,
        0,
        3,
        0
      ]
    },
    {
      "Target": "Parameter",
      "Id": "PARAM_EYE_01",
      "Segments": [
        0,
        1,
        0,
        3,
        1
      ]
    },
    {
      "Target": "Parameter",
      "Id": "PARAM_EYE_02",
      "Segments": [
        0,
        0,
        0,
        3,
        0
      ]
    },
    {
      "Target": "Parameter",
      "Id": "PARAM_EYE_05",
      "Segments": [
        0,
        0,
        0,
        3,
        0
      ]
    },
    {
      "Target": "Parameter",
      "Id": "PARAM_MOUTH_01",
      "Segments": [
        0,
        1,
        0,
        3,
        1
      ]
    },
    {
      "Target": "Parameter",
      "Id": "PARAM_MOUTH_02",
      "Segments": [
        0,
        0,
        0,
        3,
        0
      ]
    },
    {
      "Target": "Parameter",
      "Id": "PARAM_BROW_01",
      "Segments": [
        0,
        1,
        0,
        3,
        1
      ]
    },
    {
      "Target": "Parameter",
      "Id": "PARAM_HAND_R_02",
      "Segments": [
        0,
        0,
        0,
        3,
        0
      ]
    },
    {
      "Target": "Parameter",
      "Id": "PARAM_HAND_R_03",
      "Segments": [
        0,
        0,
        0,
        3,
        0
      ]
    },
    {
      "Target": "Parameter",
      "Id": "PARAM_HAND_R_04",
      "Segments": [
        0,
        0,
        0,
        3,
        0
      ]
    },
    {
      "Target": "Parameter",
      "Id": "PARAM_HAND_R_05",
      "Segments": [
        0,
        0,
        0,
        3,
        0
      ]
    },
    {
      "Target": "Parameter",
      "Id": "PARAM_HAND_R_06",
      "Segments": [
        0,
        0,
        0,
        3,
        0
      ]
    },
    {
      "Target": "Parameter",
      "Id": "PARAM_HAND_R_07",
      "Segments": [
        0,
        0,
        0,
        3,
        0
      ]
    },
    {
      "Target": "Parameter",
      "Id": "PARAM_HAND_R_08",
      "Segments": [
        0,
        0,
        0,
        3,
        0
      ]
    },
    {
      "Target": "Parameter",
      "Id": "PARAM_HAND_R_10",
      "Segments": [
        0,
        0,
        0,
        3,
        0
      ]
    },
    {
      "Target": "Parameter",
      "Id": "PARAM_HAND_R_11",
      "Segments": [
        0,
        0,
        0,
        3,
        0
      ]
    },
    {
      "Target": "Parameter",
      "Id": "PARAM_HAND_R_12",
      "Segments": [
        0,
        0,
        0,
        3,
        0
      ]
    },
    {
      "Target": "Parameter",
      "Id": "PARAM_HAND_L_02",
      "Segments": [
        0,
        0,
        0,
        3,
        0
      ]
    },
    {
      "Target": "Parameter",
      "Id": "PARAM_HAND_L_03",
      "Segments": [
        0,
        0,
        0,
        3,
        0
      ]
    },
    {
      "Target": "Parameter",
      "Id": "PARAM_HAND_L_04",
      "Segments": [
        0,
        0,
        0,
        3,
        0
      ]
    },
    {
      "Target": "Parameter",
      "Id": "PARAM_HAND_L_05",
      "Segments": [
        0,
        0,
        0,
        3,
        0
      ]
    },
    {
      "Target": "Parameter",
      "Id": "PARAM_HAND_L_06",
      "Segments": [
        0,
        0,
        0,
        3,
        0
      ]
    },
    {
      "Target": "Parameter",
      "Id": "PARAM_HAND_L_07",
      "Segments": [
        0,
        0,
        0,
        3,
        0
      ]
    },
    {
      "Target": "Parameter",
      "Id": "PARAM_HAND_L_08",
      "Segments": [
        0,
        0,
        0,
        3,
        0
      ]
    },
    {
      "Target": "Parameter",
      "Id": "PARAM_HAND_L_10",
      "Segments": [
        0,
        0,
        0,
        3,
        0
      ]
    },
    {
      "Target": "Parameter",
      "Id": "PARAM_HAND_L_11",
      "Segments": [
        0,
        0,
        0,
        3,
        0
      ]
    },
    {
      "Target": "Parameter",
      "Id": "PARAM_HAND_L_12",
      "Segments": [
        0,
        0,
        0,
        3,
        0
      ]
    },
    {
      "Target": "PartOpacity",
      "Id": "PartCore",
      "Segments": [
        0,
        1,
        0,
        3,
        1
      ]
    },
    {
      "Target": "PartOpacity",
      "Id": "PartNeck",
      "Segments": [
        0,
        1,
        0,
        3,
        1
      ]
    },
    {
      "Target": "PartOpacity",
      "Id": "PartUpperBody",
      "Segments": [
        0,
        1,
        0,
        3,
        1
      ]
    },
    {
      "Target": "PartOpacity",
      "Id": "PartArmR",
      "Segments": [
        0,
        1,
        0,
        3,
        1
      ]
    },
    {
      "Target": "PartOpacity",
      "Id": "PartHandR",
      "Segments": [
        0,
        1,
        0,
        3,
        1
      ]
    },
    {
      "Target": "PartOpacity",
      "Id": "PartFoot",
      "Segments": [
        0,
        1,
        0,
        3,
        1
      ]
    }
  ],
  "UserData": []
}