{
  "Version": 3,
  "Meta": {
    "Duration": 2.67,
    "Fps": 30.0,
    "Loop": true,
    "AreBeziersRestricted": true,
    "CurveCount": 113,
    "TotalSegmentCount": 216,
    "TotalPointCount": 284,
    "UserDataCount": 0,
    "TotalUserDataSize": 0
  },
  "Curves": [
    {
      "Target": "Parameter",
      "Id": "PARAM_ANGLE_X",
      "Segments": [
        0,
        -20.419,
        1,
        0.033,
        -20.419,
        0.067,
        -20.828,
        0.1,
        -21.742,
        1,
        0.2,
        -24.486,
        0.3,
        -25.908,
        0.4,
        -25.908,
        1,
        0.578,
        -25.908,
        0.755,
        -26.04,
        0.933,
        -17.038,
        1,
        1.122,
        -7.474,
        1.311,
        18.281,
        1.5,
        18.281,
        1,
        1.567,
        18.281,
        1.633,
        16.514,
        1.7,
        16.285,
        1,
        1.789,
        15.979,
        1.878,
        16,
        1.967,
        16,
        2,
        2.667,
        16
      ]
    },
    {
      "Target": "Parameter",
      "Id": "PARAM_ANGLE_Y",
      "Segments": [
        0,
        -17.179,
        1,
        0.078,
        -17.179,
        0.155,
        -18.43,
        0.233,
        -22.34,
        1,
        0.322,
        -26.81,
        0.411,
        -30,
        0.5,
        -30,
        0,
        1.1,
        25.864,
        1,
        1.322,
        25.864,
        1.545,
        19.442,
        1.767,
        12.75,
        1,
        1.834,
        10.743,
        1.9,
        10.983,
        1.967,
        10.983,
        2,
        2.667,
        10.983
      ]
    },
    {
      "Target": "Parameter",
      "Id": "PARAM_ANGLE_Z",
      "Segments": [
        0,
        -15.022,
        0,
        0.4,
        -29.491,
        1,
        0.6,
        -29.491,
        0.8,
        -29.297,
        1,
        -19.277,
        1,
        1.156,
        -11.483,
        1.311,
        28.846,
        1.467,
        28.846,
        1,
        1.578,
        28.846,
        1.689,
        27.941,
        1.8,
        25.501,
        1,
        1.856,
        24.28,
        1.911,
        23.23,
        1.967,
        23.23,
        2,
        2.667,
        23.23
      ]
    },
    {
      "Target": "Parameter",
      "Id": "PARAM_EYE_R_OPEN",
      "Segments": [
        0,
        1,
        2,
        0.3,
        1,
        0,
        0.367,
        0,
        2,
        1.033,
        0,
        0,
        1.1,
        1,
        2,
        2.667,
        1
      ]
    },
    {
      "Target": "Parameter",
      "Id": "PARAM_EYE_L_OPEN",
      "Segments": [
        0,
        1,
        2,
        0.3,
        1,
        0,
        0.367,
        0,
        2,
        1.033,
        0,
        0,
        1.1,
        1,
        2,
        2.667,
        1
      ]
    },
    {
      "Target": "Parameter",
      "Id": "PARAM_EYE_BALL_X",
      "Segments": [
        0,
        0.355,
        0,
        0.333,
        0.5,
        1,
        0.578,
        0.5,
        0.822,
        0.369,
        1.067,
        0,
        1,
        1.211,
        -0.218,
        1.356,
        -0.4,
        1.5,
        -0.4,
        0,
        1.967,
        -0.2,
        2,
        2.667,
        -0.2
      ]
    },
    {
      "Target": "Parameter",
      "Id": "PARAM_EYE_BALL_Y",
      "Segments": [
        0,
        0.4,
        2,
        0.333,
        0.4,
        0,
        1.067,
        -1,
        2,
        1.5,
        -1,
        0,
        1.967,
        -0.7,
        2,
        2.667,
        -0.7
      ]
    },
    {
      "Target": "Parameter",
      "Id": "PARAM_SHOULDER_R_ROTATE",
      "Segments": [
        0,
        3.28,
        1,
        0.033,
        3.28,
        0.067,
        3.162,
        0.1,
        3.366,
        1,
        0.278,
        4.45,
        0.455,
        6.567,
        0.633,
        6.567,
        0,
        1.233,
        0.958,
        0,
        1.767,
        2.083,
        2,
        2.667,
        2.083
      ]
    },
    {
      "Target": "Parameter",
      "Id": "PARAM_SHOULDER_L_ROTATE",
      "Segments": [
        0,
        -0.794,
        1,
        0.011,
        -0.794,
        0.022,
        -0.791,
        0.033,
        -0.721,
        1,
        0.211,
        0.395,
        0.389,
        1,
        0.567,
        1,
        0,
        1.133,
        -2.243,
        0,
        1.733,
        3.16,
        2,
        2.667,
        3.16
      ]
    },
    {
      "Target": "Parameter",
      "Id": "PARAM_ARM_L_ROTATE",
      "Segments": [
        0,
        0.073,
        0,
        1.3,
        0.1,
        2,
        2.067,
        0.1,
        2,
        2.667,
        0.1
      ]
    },
    {
      "Target": "Parameter",
      "Id": "PARAM_BODY_ANGLE_X",
      "Segments": [
        0,
        1.991,
        1,
        0.056,
        1.991,
        0.111,
        1.767,
        0.167,
        2.101,
        1,
        0.489,
        4.038,
        0.811,
        10,
        1.133,
        10,
        2,
        2.667,
        10
      ]
    },
    {
      "Target": "Parameter",
      "Id": "PARAM_BODY_ANGLE_Y",
      "Segments": [
        0,
        -3.02,
        1,
        0.056,
        -3.02,
        0.111,
        -3.342,
        0.167,
        -2.861,
        1,
        0.534,
        0.316,
        0.9,
        8,
        1.267,
        8,
        2,
        2.667,
        8
      ]
    },
    {
      "Target": "Parameter",
      "Id": "PARAM_BODY_ANGLE_Z",
      "Segments": [
        0,
        3.24,
        0,
        0.367,
        2.366,
        0,
        0.8,
        4,
        1,
        0.933,
        4,
        1.067,
        3.309,
        1.2,
        1.408,
        1,
        1.344,
        -0.652,
        1.489,
        -2,
        1.633,
        -2,
        2,
        2.667,
        -2
      ]
    },
    {
      "Target": "Parameter",
      "Id": "PARAM_STRETCH",
      "Segments": [
        0,
        -0.073,
        0,
        0.2,
        -0.104,
        0,
        0.667,
        0.816,
        1,
        0.756,
        0.816,
        0.844,
        0.856,
        0.933,
        0.686,
        1,
        1.055,
        0.453,
        1.178,
        -0.5,
        1.3,
        -0.5,
        0,
        1.9,
        -0.366,
        2,
        2.667,
        -0.366
      ]
    },
    {
      "Target": "Parameter",
      "Id": "PARAM_SHOLDER_POSITION",
      "Segments": [
        0,
        -3.558,
        1,
        0.011,
        -3.558,
        0.022,
        -3.64,
        0.033,
        -3.71,
        1,
        0.178,
        -4.625,
        0.322,
        -5.052,
        0.467,
        -5.052,
        0,
        1.233,
        -0.768,
        1,
        1.344,
        -0.768,
        1.456,
        -0.662,
        1.567,
        -2.08,
        1,
        1.734,
        -4.208,
        1.9,
        -7.748,
        2.067,
        -7.748,
        2,
        2.667,
        -7.748
      ]
    },
    {
      "Target": "Parameter",
      "Id": "PARAM_ROTATION_Z",
      "Segments": [
        0,
        0,
        2,
        0.167,
        0,
        0,
        0.6,
        -0.021,
        1,
        0.833,
        -0.021,
        1.067,
        0.055,
        1.3,
        0.2,
        1,
        1.411,
        0.269,
        1.522,
        0.3,
        1.633,
        0.3,
        2,
        2.667,
        0.3
      ]
    },
    {
      "Target": "Parameter",
      "Id": "PARAM_HAIR_FRONT",
      "Segments": [
        0,
        -0.034,
        0,
        0.433,
        -0.294,
        0,
        0.633,
        -0.183,
        0,
        0.8,
        -0.211,
        0,
        1,
        -0.184,
        0,
        1.067,
        -0.198,
        0,
        1.567,
        0.38,
        0,
        1.8,
        0.068,
        0,
        2,
        0.175,
        0,
        2.2,
        0.137,
        0,
        2.433,
        0.151,
        0,
        2.633,
        0.146,
        2,
        2.667,
        0.146
      ]
    },
    {
      "Target": "Parameter",
      "Id": "PARAM_HAIR_SIDE",
      "Segments": [
        0,
        -0.021,
        0,
        0.467,
        -0.248,
        0,
        0.733,
        -0.125,
        0,
        1.033,
        -0.159,
        0,
        1.567,
        0.327,
        0,
        1.867,
        0.025,
        0,
        2.167,
        0.154,
        0,
        2.433,
        0.098,
        0,
        2.633,
        0.119,
        2,
        2.667,
        0.119
      ]
    },
    {
      "Target": "Parameter",
      "Id": "PARAM_HAIR_BACK_01",
      "Segments": [
        0,
        -0.03,
        0,
        0.433,
        -0.257,
        0,
        0.633,
        -0.16,
        0,
        0.8,
        -0.184,
        0,
        1,
        -0.161,
        0,
        1.067,
        -0.173,
        0,
        1.567,
        0.332,
        0,
        1.8,
        0.059,
        0,
        2,
        0.153,
        0,
        2.2,
        0.12,
        0,
        2.433,
        0.132,
        0,
        2.633,
        0.127,
        2,
        2.667,
        0.127
      ]
    },
    {
      "Target": "Parameter",
      "Id": "PARAM_FLUFFY",
      "Segments": [
        0,
        0.003,
        0,
        0.267,
        0.065,
        0,
        0.633,
        -0.11,
        0,
        0.867,
        -0.045,
        0,
        1.167,
        -0.395,
        0,
        1.5,
        0.52,
        0,
        1.9,
        -0.236,
        0,
        2.3,
        0.112,
        0,
        2.633,
        -0.05,
        2,
        2.667,
        -0.05
      ]
    },
    {
      "Target": "Model",
      "Id": "Opacity",
      "Segments": [
        0,
        1,
        0,
        2.67,
        1
      ]
    },
    {
      "Target": "Parameter",
      "Id": "PARAM_EYE_R_SMILE",
      "Segments": [
        0,
        -1,
        0,
        2.67,
        -1
      ]
    },
    {
      "Target": "Parameter",
      "Id": "PARAM_EYE_L_SMILE",
      "Segments": [
        0,
        -1,
        0,
        2.67,
        -1
      ]
    },
    {
      "Target": "Parameter",
      "Id": "PARAM_EYE_FORM",
      "Segments": [
        0,
        1,
        0,
        2.67,
        1
      ]
    },
    {
      "Target": "Parameter",
      "Id": "PARAM_EYE_SCALE",
      "Segments": [
        0,
        0,
        0,
        2.67,
        0
      ]
    },
    {
      "Target": "Parameter",
      "Id": "PARAM_TEAR_LEAP_01",
      "Segments": [
        0,
        0,
        0,
        2.67,
        0
      ]
    },
    {
      "Target": "Parameter",
      "Id": "EYE_TWINKLE_01",
      "Segments": [
        0,
        0,
        0,
        2.67,
        0
      ]
    },
    {
      "Target": "Parameter",
      "Id": "PARAM_LIGHT",
      "Segments": [
        0,
        0,
        0,
        2.67,
        0
      ]
    },
    {
      "Target": "Parameter",
      "Id": "PARAM_BROW_R_FORM",
      "Segments": [
        0,
        -0.5,
        0,
        2.67,
        -0.5
      ]
    },
    {
      "Target": "Parameter",
      "Id": "PARAM_BROW_R_Y",
      "Segments": [
        0,
        -0.4,
        0,
        2.67,
        -0.4
      ]
    },
    {
      "Target": "Parameter",
      "Id": "PARAM_BROW_R_X",
      "Segments": [
        0,
        -0.2,
        0,
        2.67,
        -0.2
      ]
    },
    {
      "Target": "Parameter",
      "Id": "PARAM_BROW_R_ANGLE",
      "Segments": [
        0,
        0.2,
        0,
        2.67,
        0.2
      ]
    },
    {
      "Target": "Parameter",
      "Id": "PARAM_BROW_L_FORM",
      "Segments": [
        0,
        -0.5,
        0,
        2.67,
        -0.5
      ]
    },
    {
      "Target": "Parameter",
      "Id": "PARAM_BROW_L_Y",
      "Segments": [
        0,
        -0.4,
        0,
        2.67,
        -0.4
      ]
    },
    {
      "Target": "Parameter",
      "Id": "PARAM_BROW_L_X",
      "Segments": [
        0,
        -0.2,
        0,
        2.67,
        -0.2
      ]
    },
    {
      "Target": "Parameter",
      "Id": "PARAM_BROW_L_ANGLE",
      "Segments": [
        0,
        0.2,
        0,
        2.67,
        0.2
      ]
    },
    {
      "Target": "Parameter",
      "Id": "PARAM_MOUTH_OPEN_Y",
      "Segments": [
        0,
        0,
        0,
        2.67,
        0
      ]
    },
    {
      "Target": "Parameter",
      "Id": "PARAM_MOUTH_FORM_01",
      "Segments": [
        0,
        -1,
        0,
        2.67,
        -1
      ]
    },
    {
      "Target": "Parameter",
      "Id": "PARAM_MOUTH_POS_Y",
      "Segments": [
        0,
        0,
        0,
        2.67,
        0
      ]
    },
    {
      "Target": "Parameter",
      "Id": "PARAM_MOUTH_SCALE",
      "Segments": [
        0,
        -1,
        0,
        2.67,
        -1
      ]
    },
    {
      "Target": "Parameter",
      "Id": "PARAM_MOUTH_SCALE_Y",
      "Segments": [
        0,
        0.5,
        0,
        2.67,
        0.5
      ]
    },
    {
      "Target": "Parameter",
      "Id": "PARAM_ARM_R_ROTATE",
      "Segments": [
        0,
        0,
        0,
        2.67,
        0
      ]
    },
    {
      "Target": "Parameter",
      "Id": "PARAM_HAND_R_ROTATE",
      "Segments": [
        0,
        0,
        0,
        2.67,
        0
      ]
    },
    {
      "Target": "Parameter",
      "Id": "PARAM_ARM_R_ORDER",
      "Segments": [
        0,
        0,
        0,
        2.67,
        0
      ]
    },
    {
      "Target": "Parameter",
      "Id": "PARAM_HAND_L_ROTATE",
      "Segments": [
        0,
        -0.28,
        0,
        2.67,
        -0.28
      ]
    },
    {
      "Target": "Parameter",
      "Id": "PARAM_ARM_L_ORDER",
      "Segments": [
        0,
        0,
        0,
        2.67,
        0
      ]
    },
    {
      "Target": "Parameter",
      "Id": "PARAM_BREATH",
      "Segments": [
        0,
        0,
        0,
        2.67,
        0
      ]
    },
    {
      "Target": "Parameter",
      "Id": "PARAM_POSITION_X",
      "Segments": [
        0,
        0,
        0,
        2.67,
        0
      ]
    },
    {
      "Target": "Parameter",
      "Id": "PARAM_POSITION_Y",
      "Segments": [
        0,
        0,
        0,
        2.67,
        0
      ]
    },
    {
      "Target": "Parameter",
      "Id": "PARAM_FACE_SHADOW",
      "Segments": [
        0,
        0,
        0,
        2.67,
        0
      ]
    },
    {
      "Target": "Parameter",
      "Id": "PARAM_FACE_CHANGE",
      "Segments": [
        0,
        0,
        0,
        2.67,
        0
      ]
    },
    {
      "Target": "Parameter",
      "Id": "PARAM_CHEEK_01",
      "Segments": [
        0,
        1,
        0,
        2.67,
        1
      ]
    },
    {
      "Target": "Parameter",
      "Id": "PARAM_CHEEK_02",
      "Segments": [
        0,
        0,
        0,
        2.67,
        0
      ]
    },
    {
      "Target": "Parameter",
      "Id": "PARAM_CHEEK_03",
      "Segments": [
        0,
        0,
        0,
        2.67,
        0
      ]
    },
    {
      "Target": "Parameter",
      "Id": "PARAM_CHEEK_04",
      "Segments": [
        0,
        0,
        0,
        2.67,
        0
      ]
    },
    {
      "Target": "Parameter",
      "Id": "PARAM_CHEEK_05",
      "Segments": [
        0,
        0,
        0,
        2.67,
        0
      ]
    },
    {
      "Target": "Parameter",
      "Id": "PARAM_TEAR_01",
      "Segments": [
        0,
        0,
        0,
        2.67,
        0
      ]
    },
    {
      "Target": "Parameter",
      "Id": "PARAM_TEAR_02",
      "Segments": [
        0,
        0,
        0,
        2.67,
        0
      ]
    },
    {
      "Target": "Parameter",
      "Id": "PARAM_TEAR_02_MOVE",
      "Segments": [
        0,
        0,
        0,
        2.67,
        0
      ]
    },
    {
      "Target": "Parameter",
      "Id": "PARAM_TEAR_03",
      "Segments": [
        0,
        0,
        0,
        2.67,
        0
      ]
    },
    {
      "Target": "Parameter",
      "Id": "PARAM_TEAR_03_MOVE",
      "Segments": [
        0,
        0,
        0,
        2.67,
        0
      ]
    },
    {
      "Target": "Parameter",
      "Id": "PARAM_SWEAT",
      "Segments": [
        0,
        0,
        0,
        2.67,
        0
      ]
    },
    {
      "Target": "Parameter",
      "Id": "PARAM_SWEAT_MOVE",
      "Segments": [
        0,
        0,
        0,
        2.67,
        0
      ]
    },
    {
      "Target": "Parameter",
      "Id": "PARAM_EYE_WHITE_00",
      "Segments": [
        0,
        1,
        0,
        2.67,
        1
      ]
    },
    {
      "Target": "Parameter",
      "Id": "PARAM_EYE_WHITE_01",
      "Segments": [
        0,
        0,
        0,
        2.67,
        0
      ]
    },
    {
      "Target": "Parameter",
      "Id": "PARAM_EYE_01",
      "Segments": [
        0,
        1,
        0,
        2.67,
        1
      ]
    },
    {
      "Target": "Parameter",
      "Id": "PARAM_EYE_02",
      "Segments": [
        0,
        0,
        0,
        2.67,
        0
      ]
    },
    {
      "Target": "Parameter",
      "Id": "PARAM_EYE_05",
      "Segments": [
        0,
        0,
        0,
        2.67,
        0
      ]
    },
    {
      "Target": "Parameter",
      "Id": "PARAM_MOUTH_01",
      "Segments": [
        0,
        1,
        0,
        2.67,
        1
      ]
    },
    {
      "Target": "Parameter",
      "Id": "PARAM_MOUTH_02",
      "Segments": [
        0,
        0,
        0,
        2.67,
        0
      ]
    },
    {
      "Target": "Parameter",
      "Id": "PARAM_BROW_01",
      "Segments": [
        0,
        1,
        0,
        2.67,
        1
      ]
    },
    {
      "Target": "Parameter",
      "Id": "PARAM_HAND_R_01",
      "Segments": [
        0,
        0,
        0,
        2.67,
        0
      ]
    },
    {
      "Target": "Parameter",
      "Id": "PARAM_HAND_R_02",
      "Segments": [
        0,
        0,
        0,
        2.67,
        0
      ]
    },
    {
      "Target": "Parameter",
      "Id": "PARAM_HAND_R_03",
      "Segments": [
        0,
        0,
        0,
        2.67,
        0
      ]
    },
    {
      "Target": "Parameter",
      "Id": "PARAM_HAND_R_04",
      "Segments": [
        0,
        0,
        0,
        2.67,
        0
      ]
    },
    {
      "Target": "Parameter",
      "Id": "PARAM_HAND_R_05",
      "Segments": [
        0,
        0,
        0,
        2.67,
        0
      ]
    },
    {
      "Target": "Parameter",
      "Id": "PARAM_HAND_R_06",
      "Segments": [
        0,
        1,
        0,
        2.67,
        1
      ]
    },
    {
      "Target": "Parameter",
      "Id": "PARAM_HAND_R_07",
      "Segments": [
        0,
        0,
        0,
        2.67,
        0
      ]
    },
    {
      "Target": "Parameter",
      "Id": "PARAM_HAND_R_08",
      "Segments": [
        0,
        0,
        0,
        2.67,
        0
      ]
    },
    {
      "Target": "Parameter",
      "Id": "PARAM_HAND_R_09",
      "Segments": [
        0,
        0,
        0,
        2.67,
        0
      ]
    },
    {
      "Target": "Parameter",
      "Id": "PARAM_HAND_R_10",
      "Segments": [
        0,
        0,
        0,
        2.67,
        0
      ]
    },
    {
      "Target": "Parameter",
      "Id": "PARAM_HAND_R_11",
      "Segments": [
        0,
        0,
        0,
        2.67,
        0
      ]
    },
    {
      "Target": "Parameter",
      "Id": "PARAM_HAND_R_12",
      "Segments": [
        0,
        0,
        0,
        2.67,
        0
      ]
    },
    {
      "Target": "Parameter",
      "Id": "PARAM_HAND_L_01",
      "Segments": [
        0,
        0,
        0,
        2.67,
        0
      ]
    },
    {
      "Target": "Parameter",
      "Id": "PARAM_HAND_L_02",
      "Segments": [
        0,
        0,
        0,
        2.67,
        0
      ]
    },
    {
      "Target": "Parameter",
      "Id": "PARAM_HAND_L_03",
      "Segments": [
        0,
        0,
        0,
        2.67,
        0
      ]
    },
    {
      "Target": "Parameter",
      "Id": "PARAM_HAND_L_04",
      "Segments": [
        0,
        0,
        0,
        2.67,
        0
      ]
    },
    {
      "Target": "Parameter",
      "Id": "PARAM_HAND_L_05",
      "Segments": [
        0,
        0,
        0,
        2.67,
        0
      ]
    },
    {
      "Target": "Parameter",
      "Id": "PARAM_HAND_L_06",
      "Segments": [
        0,
        1,
        0,
        2.67,
        1
      ]
    },
    {
      "Target": "Parameter",
      "Id": "PARAM_HAND_L_07",
      "Segments": [
        0,
        0,
        0,
        2.67,
        0
      ]
    },
    {
      "Target": "Parameter",
      "Id": "PARAM_HAND_L_08",
      "Segments": [
        0,
        0,
        0,
        2.67,
        0
      ]
    },
    {
      "Target": "Parameter",
      "Id": "PARAM_HAND_L_09",
      "Segments": [
        0,
        0,
        0,
        2.67,
        0
      ]
    },
    {
      "Target": "Parameter",
      "Id": "PARAM_HAND_L_10",
      "Segments": [
        0,
        0,
        0,
        2.67,
        0
      ]
    },
    {
      "Target": "Parameter",
      "Id": "PARAM_HAND_L_11",
      "Segments": [
        0,
        0,
        0,
        2.67,
        0
      ]
    },
    {
      "Target": "Parameter",
      "Id": "PARAM_HAND_L_12",
      "Segments": [
        0,
        0,
        0,
        2.67,
        0
      ]
    },
    {
      "Target": "Parameter",
      "Id": "PARAM_UPPER_BODY_FLUFFY",
      "Segments": [
        0,
        0,
        0,
        2.67,
        0
      ]
    },
    {
      "Target": "Parameter",
      "Id": "PARAM_LOWER_BODY_FLUFFY",
      "Segments": [
        0,
        0,
        0,
        2.67,
        0
      ]
    },
    {
      "Target": "Parameter",
      "Id": "PARAM_COLLAR_SHAKE_01",
      "Segments": [
        0,
        0,
        0,
        2.67,
        0
      ]
    },
    {
      "Target": "PartOpacity",
      "Id": "PartCore",
      "Segments": [
        0,
        1,
        0,
        2.67,
        1
      ]
    },
    {
      "Target": "PartOpacity",
      "Id": "PartFrontHair",
      "Segments": [
        0,
        1,
        0,
        2.67,
        1
      ]
    },
    {
      "Target": "PartOpacity",
      "Id": "PartEyeL",
      "Segments": [
        0,
        1,
        0,
        2.67,
        1
      ]
    },
    {
      "Target": "PartOpacity",
      "Id": "PartEyeR",
      "Segments": [
        0,
        1,
        0,
        2.67,
        1
      ]
    },
    {
      "Target": "PartOpacity",
      "Id": "PartCheek",
      "Segments": [
        0,
        1,
        0,
        2.67,
        1
      ]
    },
    {
      "Target": "PartOpacity",
      "Id": "PartHead",
      "Segments": [
        0,
        1,
        0,
        2.67,
        1
      ]
    },
    {
      "Target": "PartOpacity",
      "Id": "PartBackHair",
      "Segments": [
        0,
        1,
        0,
        2.67,
        1
      ]
    },
    {
      "Target": "PartOpacity",
      "Id": "PartExpression",
      "Segments": [
        0,
        1,
        0,
        2.67,
        1
      ]
    },
    {
      "Target": "PartOpacity",
      "Id": "PartNeck",
      "Segments": [
        0,
        1,
        0,
        2.67,
        1
      ]
    },
    {
      "Target": "PartOpacity",
      "Id": "PartUpperBody",
      "Segments": [
        0,
        1,
        0,
        2.67,
        1
      ]
    },
    {
      "Target": "PartOpacity",
      "Id": "PartArmR",
      "Segments": [
        0,
        1,
        0,
        2.67,
        1
      ]
    },
    {
      "Target": "PartOpacity",
      "Id": "PartHandR",
      "Segments": [
        0,
        1,
        0,
        2.67,
        1
      ]
    },
    {
      "Target": "PartOpacity",
      "Id": "PartArmL",
      "Segments": [
        0,
        1,
        0,
        2.67,
        1
      ]
    },
    {
      "Target": "PartOpacity",
      "Id": "PartHandL2",
      "Segments": [
        0,
        1,
        0,
        2.67,
        1
      ]
    },
    {
      "Target": "PartOpacity",
      "Id": "PartFoot",
      "Segments": [
        0,
        1,
        0,
        2.67,
        1
      ]
    }
  ],
  "UserData": []
}