{
  "Version": 3,
  "Meta": {
    "Duration": 2.5,
    "Fps": 30.0,
    "Loop": true,
    "AreBeziersRestricted": true,
    "CurveCount": 103,
    "TotalSegmentCount": 193,
    "TotalPointCount": 205,
    "UserDataCount": 0,
    "TotalUserDataSize": 0
  },
  "Curves": [
    {
      "Target": "Parameter",
      "Id": "PARAM_ANGLE_X",
      "Segments": [
        0,
        7.293,
        0,
        0.3,
        19,
        0,
        0.967,
        -18,
        0,
        1.567,
        -16,
        2,
        2.5,
        -16
      ]
    },
    {
      "Target": "Parameter",
      "Id": "PARAM_ANGLE_Y",
      "Segments": [
        0,
        11.378,
        0,
        0.367,
        16,
        0,
        1,
        -30,
        0,
        1.5,
        -26.362,
        2,
        2.5,
        -26.362
      ]
    },
    {
      "Target": "Parameter",
      "Id": "PARAM_ANGLE_Z",
      "Segments": [
        0,
        3.949,
        0,
        0.333,
        11,
        0,
        1,
        -30,
        0,
        1.533,
        -22.365,
        2,
        2.5,
        -22.365
      ]
    },
    {
      "Target": "Parameter",
      "Id": "PARAM_EYE_R_OPEN",
      "Segments": [
        0,
        1,
        2,
        0.3,
        1,
        0,
        0.4,
        0,
        2,
        0.733,
        0,
        0,
        0.8,
        0.75,
        2,
        2.5,
        0.75
      ]
    },
    {
      "Target": "Parameter",
      "Id": "PARAM_EYE_L_OPEN",
      "Segments": [
        0,
        1,
        2,
        0.3,
        1,
        0,
        0.4,
        0,
        2,
        0.733,
        0,
        0,
        0.8,
        0.75,
        2,
        2.5,
        0.75
      ]
    },
    {
      "Target": "Parameter",
      "Id": "PARAM_EYE_FORM",
      "Segments": [
        0,
        0,
        2,
        0.733,
        0,
        0,
        0.8,
        1,
        2,
        2.5,
        1
      ]
    },
    {
      "Target": "Parameter",
      "Id": "PARAM_EYE_BALL_X",
      "Segments": [
        0,
        0.33,
        1,
        0.133,
        0.33,
        0.267,
        0.356,
        0.4,
        0.1,
        1,
        0.511,
        0.005,
        0.622,
        -0.5,
        0.733,
        -0.5,
        2,
        2.5,
        -0.5
      ]
    },
    {
      "Target": "Parameter",
      "Id": "PARAM_EYE_BALL_Y",
      "Segments": [
        0,
        -0.292,
        0,
        0.4,
        -0.5,
        0,
        0.733,
        -0.4,
        2,
        2.5,
        -0.4
      ]
    },
    {
      "Target": "Parameter",
      "Id": "PARAM_BROW_R_Y",
      "Segments": [
        0,
        -0.4,
        2,
        0.3,
        -0.4,
        0,
        0.4,
        -1,
        2,
        0.733,
        -1,
        0,
        0.8,
        -0.6,
        2,
        2.5,
        -0.6
      ]
    },
    {
      "Target": "Parameter",
      "Id": "PARAM_BROW_R_X",
      "Segments": [
        0,
        -0.4,
        2,
        0.3,
        -0.4,
        0,
        0.4,
        0,
        2,
        0.733,
        0,
        0,
        0.8,
        -0.3,
        2,
        2.5,
        -0.3
      ]
    },
    {
      "Target": "Parameter",
      "Id": "PARAM_BROW_R_ANGLE",
      "Segments": [
        0,
        0.2,
        2,
        0.3,
        0.2,
        0,
        0.4,
        0.1,
        2,
        0.733,
        0.1,
        0,
        0.8,
        0.2,
        2,
        2.5,
        0.2
      ]
    },
    {
      "Target": "Parameter",
      "Id": "PARAM_BROW_L_Y",
      "Segments": [
        0,
        -0.4,
        2,
        0.3,
        -0.4,
        0,
        0.4,
        -1,
        2,
        0.733,
        -1,
        0,
        0.8,
        -0.6,
        2,
        2.5,
        -0.6
      ]
    },
    {
      "Target": "Parameter",
      "Id": "PARAM_BROW_L_X",
      "Segments": [
        0,
        -0.4,
        2,
        0.3,
        -0.4,
        0,
        0.4,
        0,
        2,
        0.733,
        0,
        0,
        0.8,
        -0.3,
        2,
        2.5,
        -0.3
      ]
    },
    {
      "Target": "Parameter",
      "Id": "PARAM_BROW_L_ANGLE",
      "Segments": [
        0,
        0.2,
        2,
        0.3,
        0.2,
        0,
        0.4,
        0.1,
        2,
        0.733,
        0.1,
        0,
        0.8,
        0.2,
        2,
        2.5,
        0.2
      ]
    },
    {
      "Target": "Parameter",
      "Id": "PARAM_SHOULDER_R_ROTATE",
      "Segments": [
        0,
        1.376,
        1,
        0.044,
        1.376,
        0.089,
        1.595,
        0.133,
        1,
        1,
        0.278,
        -0.935,
        0.422,
        -4.311,
        0.567,
        -4.311,
        0,
        1.067,
        5.916,
        0,
        1.367,
        5.655,
        2,
        2.5,
        5.655
      ]
    },
    {
      "Target": "Parameter",
      "Id": "PARAM_ARM_R_ROTATE",
      "Segments": [
        0,
        -0.869,
        0,
        0.167,
        -1,
        0,
        0.8,
        24.816,
        0,
        1.4,
        24.19,
        2,
        2.5,
        24.19
      ]
    },
    {
      "Target": "Parameter",
      "Id": "PARAM_HAND_R_ROTATE",
      "Segments": [
        0,
        -3.33,
        0,
        0.233,
        -3.636,
        0,
        0.8,
        9.72,
        0,
        1.4,
        4.74,
        2,
        2.5,
        4.74
      ]
    },
    {
      "Target": "Parameter",
      "Id": "PARAM_SHOULDER_L_ROTATE",
      "Segments": [
        0,
        -4.825,
        0,
        0.167,
        -5.567,
        1,
        0.3,
        -5.567,
        0.434,
        -5.259,
        0.567,
        -1.335,
        1,
        0.722,
        3.242,
        0.878,
        9.6,
        1.033,
        9.6,
        0,
        1.333,
        9.292,
        2,
        2.5,
        9.292
      ]
    },
    {
      "Target": "Parameter",
      "Id": "PARAM_ARM_L_ROTATE",
      "Segments": [
        0,
        -0.782,
        0,
        0.2,
        -0.989,
        0,
        0.8,
        22.436,
        0,
        1.367,
        22.02,
        2,
        2.5,
        22.02
      ]
    },
    {
      "Target": "Parameter",
      "Id": "PARAM_HAND_L_ROTATE",
      "Segments": [
        0,
        3.41,
        0,
        0.267,
        3.143,
        0,
        0.8,
        14.32,
        0,
        1.367,
        9.18,
        2,
        2.5,
        9.18
      ]
    },
    {
      "Target": "Parameter",
      "Id": "PARAM_BODY_ANGLE_X",
      "Segments": [
        0,
        8.62,
        0,
        0.067,
        9,
        0,
        0.733,
        -10,
        0,
        1.2,
        -7,
        2,
        2.5,
        -7
      ]
    },
    {
      "Target": "Parameter",
      "Id": "PARAM_BODY_ANGLE_Y",
      "Segments": [
        0,
        8,
        0,
        0.667,
        -1,
        0,
        1.133,
        -0.318,
        2,
        2.5,
        -0.318
      ]
    },
    {
      "Target": "Parameter",
      "Id": "PARAM_BODY_ANGLE_Z",
      "Segments": [
        0,
        5.94,
        0,
        0.667,
        5,
        2,
        2.5,
        5
      ]
    },
    {
      "Target": "Parameter",
      "Id": "PARAM_STRETCH",
      "Segments": [
        0,
        0.3,
        0,
        0.667,
        -0.3,
        0,
        1.167,
        -0.2,
        0,
        2,
        -0.232,
        2,
        2.5,
        -0.232
      ]
    },
    {
      "Target": "Parameter",
      "Id": "PARAM_SHOLDER_POSITION",
      "Segments": [
        0,
        -6.924,
        0,
        0.067,
        -7,
        0,
        0.733,
        10,
        0,
        1.233,
        6,
        0,
        2.067,
        6.58,
        2,
        2.5,
        6.58
      ]
    },
    {
      "Target": "Parameter",
      "Id": "PARAM_ROTATION_Z",
      "Segments": [
        0,
        -0.646,
        0,
        0.667,
        -0.6,
        2,
        2.5,
        -0.6
      ]
    },
    {
      "Target": "Parameter",
      "Id": "PARAM_HAND_R_06",
      "Segments": [
        0,
        1,
        2,
        0.467,
        1,
        0,
        0.5,
        0,
        2,
        2.5,
        0
      ]
    },
    {
      "Target": "Parameter",
      "Id": "PARAM_HAND_R_08",
      "Segments": [
        0,
        0,
        2,
        0.467,
        0,
        0,
        0.5,
        1,
        2,
        2.5,
        1
      ]
    },
    {
      "Target": "Parameter",
      "Id": "PARAM_HAND_L_06",
      "Segments": [
        0,
        1,
        2,
        0.467,
        1,
        0,
        0.5,
        0,
        2,
        2.5,
        0
      ]
    },
    {
      "Target": "Parameter",
      "Id": "PARAM_HAND_L_08",
      "Segments": [
        0,
        0,
        2,
        0.467,
        0,
        0,
        0.5,
        1,
        2,
        2.5,
        1
      ]
    },
    {
      "Target": "Model",
      "Id": "Opacity",
      "Segments": [
        0,
        1,
        0,
        2.5,
        1
      ]
    },
    {
      "Target": "Parameter",
      "Id": "PARAM_EYE_R_SMILE",
      "Segments": [
        0,
        -1,
        0,
        2.5,
        -1
      ]
    },
    {
      "Target": "Parameter",
      "Id": "PARAM_EYE_L_SMILE",
      "Segments": [
        0,
        -1,
        0,
        2.5,
        -1
      ]
    },
    {
      "Target": "Parameter",
      "Id": "PARAM_EYE_SCALE",
      "Segments": [
        0,
        0,
        0,
        2.5,
        0
      ]
    },
    {
      "Target": "Parameter",
      "Id": "PARAM_TEAR_LEAP_01",
      "Segments": [
        0,
        0,
        0,
        2.5,
        0
      ]
    },
    {
      "Target": "Parameter",
      "Id": "EYE_TWINKLE_01",
      "Segments": [
        0,
        0,
        0,
        2.5,
        0
      ]
    },
    {
      "Target": "Parameter",
      "Id": "PARAM_LIGHT",
      "Segments": [
        0,
        0,
        0,
        2.5,
        0
      ]
    },
    {
      "Target": "Parameter",
      "Id": "PARAM_BROW_R_FORM",
      "Segments": [
        0,
        -0.5,
        0,
        2.5,
        -0.5
      ]
    },
    {
      "Target": "Parameter",
      "Id": "PARAM_BROW_L_FORM",
      "Segments": [
        0,
        -0.5,
        0,
        2.5,
        -0.5
      ]
    },
    {
      "Target": "Parameter",
      "Id": "PARAM_MOUTH_OPEN_Y",
      "Segments": [
        0,
        0,
        0,
        2.5,
        0
      ]
    },
    {
      "Target": "Parameter",
      "Id": "PARAM_MOUTH_FORM_01",
      "Segments": [
        0,
        -1,
        0,
        2.5,
        -1
      ]
    },
    {
      "Target": "Parameter",
      "Id": "PARAM_MOUTH_POS_Y",
      "Segments": [
        0,
        0.4,
        0,
        2.5,
        0.4
      ]
    },
    {
      "Target": "Parameter",
      "Id": "PARAM_MOUTH_SCALE",
      "Segments": [
        0,
        -0.5,
        0,
        2.5,
        -0.5
      ]
    },
    {
      "Target": "Parameter",
      "Id": "PARAM_MOUTH_SCALE_Y",
      "Segments": [
        0,
        0,
        0,
        2.5,
        0
      ]
    },
    {
      "Target": "Parameter",
      "Id": "PARAM_ARM_R_ORDER",
      "Segments": [
        0,
        1,
        0,
        2.5,
        1
      ]
    },
    {
      "Target": "Parameter",
      "Id": "PARAM_ARM_L_ORDER",
      "Segments": [
        0,
        1,
        0,
        2.5,
        1
      ]
    },
    {
      "Target": "Parameter",
      "Id": "PARAM_BREATH",
      "Segments": [
        0,
        0,
        0,
        2.5,
        0
      ]
    },
    {
      "Target": "Parameter",
      "Id": "PARAM_POSITION_X",
      "Segments": [
        0,
        0,
        0,
        2.5,
        0
      ]
    },
    {
      "Target": "Parameter",
      "Id": "PARAM_POSITION_Y",
      "Segments": [
        0,
        0,
        0,
        2.5,
        0
      ]
    },
    {
      "Target": "Parameter",
      "Id": "PARAM_HAIR_FRONT",
      "Segments": [
        0,
        0.101,
        0,
        2.5,
        0.101
      ]
    },
    {
      "Target": "Parameter",
      "Id": "PARAM_HAIR_SIDE",
      "Segments": [
        0,
        0.164,
        0,
        2.5,
        0.164
      ]
    },
    {
      "Target": "Parameter",
      "Id": "PARAM_HAIR_BACK_01",
      "Segments": [
        0,
        0.793,
        0,
        2.5,
        0.793
      ]
    },
    {
      "Target": "Parameter",
      "Id": "PARAM_FLUFFY",
      "Segments": [
        0,
        0.294,
        0,
        2.5,
        0.294
      ]
    },
    {
      "Target": "Parameter",
      "Id": "PARAM_FACE_SHADOW",
      "Segments": [
        0,
        0,
        0,
        2.5,
        0
      ]
    },
    {
      "Target": "Parameter",
      "Id": "PARAM_FACE_CHANGE",
      "Segments": [
        0,
        0,
        0,
        2.5,
        0
      ]
    },
    {
      "Target": "Parameter",
      "Id": "PARAM_CHEEK_01",
      "Segments": [
        0,
        0,
        0,
        2.5,
        0
      ]
    },
    {
      "Target": "Parameter",
      "Id": "PARAM_CHEEK_02",
      "Segments": [
        0,
        0,
        0,
        2.5,
        0
      ]
    },
    {
      "Target": "Parameter",
      "Id": "PARAM_CHEEK_03",
      "Segments": [
        0,
        0,
        0,
        2.5,
        0
      ]
    },
    {
      "Target": "Parameter",
      "Id": "PARAM_CHEEK_04",
      "Segments": [
        0,
        0,
        0,
        2.5,
        0
      ]
    },
    {
      "Target": "Parameter",
      "Id": "PARAM_CHEEK_05",
      "Segments": [
        0,
        0,
        0,
        2.5,
        0
      ]
    },
    {
      "Target": "Parameter",
      "Id": "PARAM_TEAR_01",
      "Segments": [
        0,
        0,
        0,
        2.5,
        0
      ]
    },
    {
      "Target": "Parameter",
      "Id": "PARAM_TEAR_02",
      "Segments": [
        0,
        0,
        0,
        2.5,
        0
      ]
    },
    {
      "Target": "Parameter",
      "Id": "PARAM_TEAR_02_MOVE",
      "Segments": [
        0,
        0,
        0,
        2.5,
        0
      ]
    },
    {
      "Target": "Parameter",
      "Id": "PARAM_TEAR_03",
      "Segments": [
        0,
        0,
        0,
        2.5,
        0
      ]
    },
    {
      "Target": "Parameter",
      "Id": "PARAM_TEAR_03_MOVE",
      "Segments": [
        0,
        0,
        0,
        2.5,
        0
      ]
    },
    {
      "Target": "Parameter",
      "Id": "PARAM_SWEAT",
      "Segments": [
        0,
        0,
        0,
        2.5,
        0
      ]
    },
    {
      "Target": "Parameter",
      "Id": "PARAM_SWEAT_MOVE",
      "Segments": [
        0,
        0,
        0,
        2.5,
        0
      ]
    },
    {
      "Target": "Parameter",
      "Id": "PARAM_EYE_WHITE_00",
      "Segments": [
        0,
        1,
        0,
        2.5,
        1
      ]
    },
    {
      "Target": "Parameter",
      "Id": "PARAM_EYE_WHITE_01",
      "Segments": [
        0,
        0,
        0,
        2.5,
        0
      ]
    },
    {
      "Target": "Parameter",
      "Id": "PARAM_EYE_01",
      "Segments": [
        0,
        1,
        0,
        2.5,
        1
      ]
    },
    {
      "Target": "Parameter",
      "Id": "PARAM_EYE_02",
      "Segments": [
        0,
        0,
        0,
        2.5,
        0
      ]
    },
    {
      "Target": "Parameter",
      "Id": "PARAM_EYE_05",
      "Segments": [
        0,
        0,
        0,
        2.5,
        0
      ]
    },
    {
      "Target": "Parameter",
      "Id": "PARAM_MOUTH_01",
      "Segments": [
        0,
        1,
        0,
        2.5,
        1
      ]
    },
    {
      "Target": "Parameter",
      "Id": "PARAM_MOUTH_02",
      "Segments": [
        0,
        0,
        0,
        2.5,
        0
      ]
    },
    {
      "Target": "Parameter",
      "Id": "PARAM_BROW_01",
      "Segments": [
        0,
        1,
        0,
        2.5,
        1
      ]
    },
    {
      "Target": "Parameter",
      "Id": "PARAM_HAND_R_01",
      "Segments": [
        0,
        0,
        0,
        2.5,
        0
      ]
    },
    {
      "Target": "Parameter",
      "Id": "PARAM_HAND_R_02",
      "Segments": [
        0,
        0,
        0,
        2.5,
        0
      ]
    },
    {
      "Target": "Parameter",
      "Id": "PARAM_HAND_R_03",
      "Segments": [
        0,
        0,
        0,
        2.5,
        0
      ]
    },
    {
      "Target": "Parameter",
      "Id": "PARAM_HAND_R_04",
      "Segments": [
        0,
        0,
        0,
        2.5,
        0
      ]
    },
    {
      "Target": "Parameter",
      "Id": "PARAM_HAND_R_05",
      "Segments": [
        0,
        0,
        0,
        2.5,
        0
      ]
    },
    {
      "Target": "Parameter",
      "Id": "PARAM_HAND_R_07",
      "Segments": [
        0,
        0,
        0,
        2.5,
        0
      ]
    },
    {
      "Target": "Parameter",
      "Id": "PARAM_HAND_R_09",
      "Segments": [
        0,
        0,
        0,
        2.5,
        0
      ]
    },
    {
      "Target": "Parameter",
      "Id": "PARAM_HAND_R_10",
      "Segments": [
        0,
        0,
        0,
        2.5,
        0
      ]
    },
    {
      "Target": "Parameter",
      "Id": "PARAM_HAND_R_11",
      "Segments": [
        0,
        0,
        0,
        2.5,
        0
      ]
    },
    {
      "Target": "Parameter",
      "Id": "PARAM_HAND_R_12",
      "Segments": [
        0,
        0,
        0,
        2.5,
        0
      ]
    },
    {
      "Target": "Parameter",
      "Id": "PARAM_HAND_L_01",
      "Segments": [
        0,
        0,
        0,
        2.5,
        0
      ]
    },
    {
      "Target": "Parameter",
      "Id": "PARAM_HAND_L_02",
      "Segments": [
        0,
        0,
        0,
        2.5,
        0
      ]
    },
    {
      "Target": "Parameter",
      "Id": "PARAM_HAND_L_03",
      "Segments": [
        0,
        0,
        0,
        2.5,
        0
      ]
    },
    {
      "Target": "Parameter",
      "Id": "PARAM_HAND_L_04",
      "Segments": [
        0,
        0,
        0,
        2.5,
        0
      ]
    },
    {
      "Target": "Parameter",
      "Id": "PARAM_HAND_L_05",
      "Segments": [
        0,
        0,
        0,
        2.5,
        0
      ]
    },
    {
      "Target": "Parameter",
      "Id": "PARAM_HAND_L_07",
      "Segments": [
        0,
        0,
        0,
        2.5,
        0
      ]
    },
    {
      "Target": "Parameter",
      "Id": "PARAM_HAND_L_09",
      "Segments": [
        0,
        0,
        0,
        2.5,
        0
      ]
    },
    {
      "Target": "Parameter",
      "Id": "PARAM_HAND_L_10",
      "Segments": [
        0,
        0,
        0,
        2.5,
        0
      ]
    },
    {
      "Target": "Parameter",
      "Id": "PARAM_HAND_L_11",
      "Segments": [
        0,
        0,
        0,
        2.5,
        0
      ]
    },
    {
      "Target": "Parameter",
      "Id": "PARAM_HAND_L_12",
      "Segments": [
        0,
        0,
        0,
        2.5,
        0
      ]
    },
    {
      "Target": "Parameter",
      "Id": "PARAM_UPPER_BODY_FLUFFY",
      "Segments": [
        0,
        0,
        0,
        2.5,
        0
      ]
    },
    {
      "Target": "Parameter",
      "Id": "PARAM_LOWER_BODY_FLUFFY",
      "Segments": [
        0,
        0,
        0,
        2.5,
        0
      ]
    },
    {
      "Target": "Parameter",
      "Id": "PARAM_COLLAR_SHAKE_01",
      "Segments": [
        0,
        0,
        0,
        2.5,
        0
      ]
    },
    {
      "Target": "PartOpacity",
      "Id": "PartCore",
      "Segments": [
        0,
        1,
        0,
        2.5,
        1
      ]
    },
    {
      "Target": "PartOpacity",
      "Id": "PartUpperBody",
      "Segments": [
        0,
        1,
        0,
        2.5,
        1
      ]
    },
    {
      "Target": "PartOpacity",
      "Id": "PartArmR",
      "Segments": [
        0,
        1,
        0,
        2.5,
        1
      ]
    },
    {
      "Target": "PartOpacity",
      "Id": "PartHandR",
      "Segments": [
        0,
        1,
        0,
        2.5,
        1
      ]
    },
    {
      "Target": "PartOpacity",
      "Id": "PartFoot",
      "Segments": [
        0,
        1,
        0,
        2.5,
        1
      ]
    }
  ],
  "UserData": []
}