{
  "Version": 3,
  "Meta": {
    "Duration": 2.67,
    "Fps": 30.0,
    "Loop": true,
    "AreBeziersRestricted": true,
    "CurveCount": 103,
    "TotalSegmentCount": 218,
    "TotalPointCount": 234,
    "UserDataCount": 0,
    "TotalUserDataSize": 0
  },
  "Curves": [
    {
      "Target": "Parameter",
      "Id": "PARAM_ANGLE_X",
      "Segments": [
        0,
        0.552,
        0,
        0.467,
        14.706,
        0,
        1.033,
        7,
        0,
        1.567,
        8,
        2,
        2.667,
        8
      ]
    },
    {
      "Target": "Parameter",
      "Id": "PARAM_ANGLE_Y",
      "Segments": [
        0,
        -7.712,
        0,
        0.5,
        2,
        0,
        1,
        -30,
        0,
        1.567,
        -27.2,
        0,
        2,
        -28.94,
        2,
        2.667,
        -28.94
      ]
    },
    {
      "Target": "Parameter",
      "Id": "PARAM_ANGLE_Z",
      "Segments": [
        0,
        0.891,
        0,
        0.5,
        -14,
        0,
        1,
        28,
        0,
        1.6,
        24.54,
        0,
        2.033,
        25.74,
        2,
        2.667,
        25.74
      ]
    },
    {
      "Target": "Parameter",
      "Id": "PARAM_EYE_R_OPEN",
      "Segments": [
        0,
        0.9,
        2,
        0.5,
        0.9,
        0,
        0.667,
        0,
        2,
        2.667,
        0
      ]
    },
    {
      "Target": "Parameter",
      "Id": "PARAM_EYE_L_OPEN",
      "Segments": [
        0,
        0.9,
        2,
        0.5,
        0.9,
        0,
        0.667,
        0,
        2,
        2.667,
        0
      ]
    },
    {
      "Target": "Parameter",
      "Id": "PARAM_EYE_BALL_X",
      "Segments": [
        0,
        0.596,
        0,
        0.167,
        0.7,
        2,
        2.667,
        0.7
      ]
    },
    {
      "Target": "Parameter",
      "Id": "PARAM_EYE_BALL_Y",
      "Segments": [
        0,
        -0.244,
        0,
        0.167,
        -0.4,
        2,
        2.667,
        -0.4
      ]
    },
    {
      "Target": "Parameter",
      "Id": "PARAM_BROW_R_Y",
      "Segments": [
        0,
        0.033,
        0,
        0.533,
        0.1,
        0,
        0.7,
        -0.8,
        2,
        2.667,
        -0.8
      ]
    },
    {
      "Target": "Parameter",
      "Id": "PARAM_BROW_R_X",
      "Segments": [
        0,
        -1,
        2,
        0.533,
        -1,
        0,
        0.7,
        -0.3,
        2,
        2.667,
        -0.3
      ]
    },
    {
      "Target": "Parameter",
      "Id": "PARAM_BROW_R_ANGLE",
      "Segments": [
        0,
        0.5,
        2,
        0.533,
        0.5,
        0,
        0.7,
        0.3,
        2,
        2.667,
        0.3
      ]
    },
    {
      "Target": "Parameter",
      "Id": "PARAM_BROW_L_Y",
      "Segments": [
        0,
        0.033,
        0,
        0.533,
        0.1,
        0,
        0.6,
        -0.8,
        2,
        0.7,
        -0.8,
        2,
        2.667,
        -0.8
      ]
    },
    {
      "Target": "Parameter",
      "Id": "PARAM_BROW_L_X",
      "Segments": [
        0,
        -1,
        2,
        0.533,
        -1,
        0,
        0.7,
        -0.3,
        2,
        2.667,
        -0.3
      ]
    },
    {
      "Target": "Parameter",
      "Id": "PARAM_BROW_L_ANGLE",
      "Segments": [
        0,
        0.5,
        2,
        0.533,
        0.5,
        0,
        0.7,
        0.3,
        2,
        2.667,
        0.3
      ]
    },
    {
      "Target": "Parameter",
      "Id": "PARAM_SHOULDER_R_ROTATE",
      "Segments": [
        0,
        -1.667,
        1,
        0.144,
        -1.667,
        0.289,
        -1.391,
        0.433,
        -5.52,
        1,
        0.6,
        -9.546,
        0.766,
        -23.373,
        0.933,
        -23.725,
        1,
        1.1,
        -24.077,
        1.266,
        -24,
        1.433,
        -24,
        2,
        2.667,
        -24
      ]
    },
    {
      "Target": "Parameter",
      "Id": "PARAM_ARM_R_ROTATE",
      "Segments": [
        0,
        -0.702,
        0,
        0.433,
        -1.58,
        0,
        0.967,
        19.49,
        0,
        1.467,
        19,
        2,
        2.667,
        19
      ]
    },
    {
      "Target": "Parameter",
      "Id": "PARAM_HAND_R_ROTATE",
      "Segments": [
        0,
        5.282,
        0,
        0.433,
        -0.24,
        2,
        2.667,
        -0.24
      ]
    },
    {
      "Target": "Parameter",
      "Id": "PARAM_ARM_R_ORDER",
      "Segments": [
        0,
        1,
        2,
        0.433,
        1,
        0,
        0.467,
        0,
        2,
        2.667,
        0
      ]
    },
    {
      "Target": "Parameter",
      "Id": "PARAM_SHOULDER_L_ROTATE",
      "Segments": [
        0,
        0.807,
        1,
        0.144,
        0.807,
        0.289,
        0.709,
        0.433,
        -5.965,
        1,
        0.6,
        -12.733,
        0.766,
        -20.155,
        0.933,
        -20.155,
        0,
        1.433,
        -19,
        2,
        2.667,
        -19
      ]
    },
    {
      "Target": "Parameter",
      "Id": "PARAM_ARM_L_ROTATE",
      "Segments": [
        0,
        -0.941,
        0,
        0.433,
        -2.07,
        0,
        0.967,
        19.49,
        0,
        1.467,
        19,
        2,
        2.667,
        19
      ]
    },
    {
      "Target": "Parameter",
      "Id": "PARAM_HAND_L_ROTATE",
      "Segments": [
        0,
        6.644,
        0,
        0.433,
        1.66,
        2,
        2.667,
        1.66
      ]
    },
    {
      "Target": "Parameter",
      "Id": "PARAM_ARM_L_ORDER",
      "Segments": [
        0,
        1,
        2,
        0.433,
        1,
        0,
        0.467,
        0,
        2,
        2.667,
        0
      ]
    },
    {
      "Target": "Parameter",
      "Id": "PARAM_BODY_ANGLE_X",
      "Segments": [
        0,
        3,
        0,
        0.333,
        8,
        0,
        0.833,
        4,
        2,
        2.667,
        4
      ]
    },
    {
      "Target": "Parameter",
      "Id": "PARAM_BODY_ANGLE_Z",
      "Segments": [
        0,
        0.22,
        0,
        0.167,
        1,
        2,
        0.333,
        1,
        0,
        0.833,
        -4,
        2,
        2.667,
        -4
      ]
    },
    {
      "Target": "Parameter",
      "Id": "PARAM_STRETCH",
      "Segments": [
        0,
        0.107,
        1,
        0.056,
        0.107,
        0.111,
        0.159,
        0.167,
        0.3,
        1,
        0.222,
        0.311,
        0.278,
        0.316,
        0.333,
        0.316,
        0,
        0.833,
        -0.4,
        2,
        1,
        -0.4,
        0,
        1.333,
        -0.274,
        0,
        1.733,
        -0.3,
        2,
        2.667,
        -0.3
      ]
    },
    {
      "Target": "Parameter",
      "Id": "PARAM_SHOLDER_POSITION",
      "Segments": [
        0,
        -2.413,
        0,
        0.233,
        -5,
        2,
        0.4,
        -5,
        0,
        0.9,
        8.04,
        0,
        1.033,
        7.984,
        1,
        1.155,
        7.633,
        1.278,
        2.64,
        1.4,
        2.64,
        0,
        1.767,
        3.06,
        2,
        2.667,
        3.06
      ]
    },
    {
      "Target": "Parameter",
      "Id": "PARAM_POSITION_Y",
      "Segments": [
        0,
        0,
        2,
        0.333,
        0,
        0,
        0.833,
        -0.2,
        2,
        2.667,
        -0.2
      ]
    },
    {
      "Target": "Parameter",
      "Id": "PARAM_ROTATION_Z",
      "Segments": [
        0,
        -0.122,
        0,
        0.167,
        -0.2,
        2,
        0.333,
        -0.2,
        0,
        0.833,
        0.3,
        2,
        2.667,
        0.3
      ]
    },
    {
      "Target": "Parameter",
      "Id": "PARAM_HAIR_FRONT",
      "Segments": [
        0,
        -0.133,
        0,
        0.167,
        -0.017,
        0,
        0.233,
        -0.02,
        0,
        0.433,
        0.043,
        0,
        0.733,
        -0.056,
        0,
        1.033,
        0.158,
        0,
        1.2,
        0.132,
        0,
        1.333,
        0.138,
        0,
        1.567,
        0.13,
        0,
        1.633,
        0.131,
        0,
        1.767,
        0.128,
        0,
        2.067,
        0.137,
        0,
        2.267,
        0.135,
        0,
        2.467,
        0.136,
        2,
        2.667,
        0.136
      ]
    },
    {
      "Target": "Parameter",
      "Id": "PARAM_HAIR_SIDE",
      "Segments": [
        0,
        -0.145,
        0,
        0.4,
        0.032,
        0,
        0.733,
        -0.036,
        0,
        1.067,
        0.144,
        0,
        1.4,
        0.091,
        0,
        1.667,
        0.108,
        0,
        1.867,
        0.1,
        0,
        2.167,
        0.109,
        0,
        2.433,
        0.105,
        0,
        2.667,
        0.107
      ]
    },
    {
      "Target": "Parameter",
      "Id": "PARAM_HAIR_BACK_01",
      "Segments": [
        0,
        -0.116,
        0,
        0.167,
        -0.015,
        0,
        0.233,
        -0.017,
        0,
        0.433,
        0.037,
        0,
        0.733,
        -0.049,
        0,
        1.033,
        0.138,
        0,
        1.2,
        0.115,
        0,
        1.333,
        0.121,
        0,
        1.567,
        0.113,
        0,
        1.633,
        0.114,
        0,
        1.767,
        0.111,
        0,
        2.067,
        0.12,
        0,
        2.267,
        0.118,
        0,
        2.467,
        0.119,
        0,
        2.667,
        0.118
      ]
    },
    {
      "Target": "Parameter",
      "Id": "PARAM_FLUFFY",
      "Segments": [
        0,
        -0.059,
        0,
        0.033,
        -0.061,
        0,
        0.767,
        0.287,
        0,
        1.133,
        -0.311,
        0,
        1.533,
        0.145,
        0,
        1.933,
        -0.054,
        0,
        2.333,
        0.023,
        0,
        2.667,
        -0.01
      ]
    },
    {
      "Target": "Parameter",
      "Id": "PARAM_CHEEK_01",
      "Segments": [
        0,
        1,
        2,
        0.833,
        1,
        0,
        0.967,
        1.5,
        2,
        2.667,
        1.5
      ]
    },
    {
      "Target": "Parameter",
      "Id": "PARAM_CHEEK_03",
      "Segments": [
        0,
        0,
        2,
        0.833,
        0,
        0,
        0.967,
        0.3,
        2,
        2.667,
        0.3
      ]
    },
    {
      "Target": "Model",
      "Id": "Opacity",
      "Segments": [
        0,
        1,
        0,
        2.67,
        1
      ]
    },
    {
      "Target": "Parameter",
      "Id": "PARAM_EYE_R_SMILE",
      "Segments": [
        0,
        0,
        0,
        2.67,
        0
      ]
    },
    {
      "Target": "Parameter",
      "Id": "PARAM_EYE_L_SMILE",
      "Segments": [
        0,
        0,
        0,
        2.67,
        0
      ]
    },
    {
      "Target": "Parameter",
      "Id": "PARAM_EYE_FORM",
      "Segments": [
        0,
        1,
        0,
        2.67,
        1
      ]
    },
    {
      "Target": "Parameter",
      "Id": "PARAM_EYE_SCALE",
      "Segments": [
        0,
        0,
        0,
        2.67,
        0
      ]
    },
    {
      "Target": "Parameter",
      "Id": "PARAM_TEAR_LEAP_01",
      "Segments": [
        0,
        0,
        0,
        2.67,
        0
      ]
    },
    {
      "Target": "Parameter",
      "Id": "EYE_TWINKLE_01",
      "Segments": [
        0,
        0,
        0,
        2.67,
        0
      ]
    },
    {
      "Target": "Parameter",
      "Id": "PARAM_LIGHT",
      "Segments": [
        0,
        0,
        0,
        2.67,
        0
      ]
    },
    {
      "Target": "Parameter",
      "Id": "PARAM_BROW_R_FORM",
      "Segments": [
        0,
        -0.5,
        0,
        2.67,
        -0.5
      ]
    },
    {
      "Target": "Parameter",
      "Id": "PARAM_BROW_L_FORM",
      "Segments": [
        0,
        -0.5,
        0,
        2.67,
        -0.5
      ]
    },
    {
      "Target": "Parameter",
      "Id": "PARAM_MOUTH_OPEN_Y",
      "Segments": [
        0,
        0,
        0,
        2.67,
        0
      ]
    },
    {
      "Target": "Parameter",
      "Id": "PARAM_MOUTH_FORM_01",
      "Segments": [
        0,
        -2,
        0,
        2.67,
        -2
      ]
    },
    {
      "Target": "Parameter",
      "Id": "PARAM_MOUTH_POS_Y",
      "Segments": [
        0,
        0,
        0,
        2.67,
        0
      ]
    },
    {
      "Target": "Parameter",
      "Id": "PARAM_MOUTH_SCALE",
      "Segments": [
        0,
        1,
        0,
        2.67,
        1
      ]
    },
    {
      "Target": "Parameter",
      "Id": "PARAM_MOUTH_SCALE_Y",
      "Segments": [
        0,
        -1,
        0,
        2.67,
        -1
      ]
    },
    {
      "Target": "Parameter",
      "Id": "PARAM_BODY_ANGLE_Y",
      "Segments": [
        0,
        -4,
        0,
        2.67,
        -4
      ]
    },
    {
      "Target": "Parameter",
      "Id": "PARAM_BREATH",
      "Segments": [
        0,
        0,
        0,
        2.67,
        0
      ]
    },
    {
      "Target": "Parameter",
      "Id": "PARAM_POSITION_X",
      "Segments": [
        0,
        0,
        0,
        2.67,
        0
      ]
    },
    {
      "Target": "Parameter",
      "Id": "PARAM_FACE_SHADOW",
      "Segments": [
        0,
        0,
        0,
        2.67,
        0
      ]
    },
    {
      "Target": "Parameter",
      "Id": "PARAM_FACE_CHANGE",
      "Segments": [
        0,
        0,
        0,
        2.67,
        0
      ]
    },
    {
      "Target": "Parameter",
      "Id": "PARAM_CHEEK_02",
      "Segments": [
        0,
        0,
        0,
        2.67,
        0
      ]
    },
    {
      "Target": "Parameter",
      "Id": "PARAM_CHEEK_04",
      "Segments": [
        0,
        0,
        0,
        2.67,
        0
      ]
    },
    {
      "Target": "Parameter",
      "Id": "PARAM_CHEEK_05",
      "Segments": [
        0,
        0,
        0,
        2.67,
        0
      ]
    },
    {
      "Target": "Parameter",
      "Id": "PARAM_TEAR_01",
      "Segments": [
        0,
        0,
        0,
        2.67,
        0
      ]
    },
    {
      "Target": "Parameter",
      "Id": "PARAM_TEAR_02",
      "Segments": [
        0,
        0,
        0,
        2.67,
        0
      ]
    },
    {
      "Target": "Parameter",
      "Id": "PARAM_TEAR_02_MOVE",
      "Segments": [
        0,
        0,
        0,
        2.67,
        0
      ]
    },
    {
      "Target": "Parameter",
      "Id": "PARAM_TEAR_03",
      "Segments": [
        0,
        0,
        0,
        2.67,
        0
      ]
    },
    {
      "Target": "Parameter",
      "Id": "PARAM_TEAR_03_MOVE",
      "Segments": [
        0,
        0,
        0,
        2.67,
        0
      ]
    },
    {
      "Target": "Parameter",
      "Id": "PARAM_SWEAT",
      "Segments": [
        0,
        0,
        0,
        2.67,
        0
      ]
    },
    {
      "Target": "Parameter",
      "Id": "PARAM_SWEAT_MOVE",
      "Segments": [
        0,
        0,
        0,
        2.67,
        0
      ]
    },
    {
      "Target": "Parameter",
      "Id": "PARAM_EYE_WHITE_00",
      "Segments": [
        0,
        1,
        0,
        2.67,
        1
      ]
    },
    {
      "Target": "Parameter",
      "Id": "PARAM_EYE_WHITE_01",
      "Segments": [
        0,
        0,
        0,
        2.67,
        0
      ]
    },
    {
      "Target": "Parameter",
      "Id": "PARAM_EYE_01",
      "Segments": [
        0,
        1,
        0,
        2.67,
        1
      ]
    },
    {
      "Target": "Parameter",
      "Id": "PARAM_EYE_02",
      "Segments": [
        0,
        0,
        0,
        2.67,
        0
      ]
    },
    {
      "Target": "Parameter",
      "Id": "PARAM_EYE_05",
      "Segments": [
        0,
        0,
        0,
        2.67,
        0
      ]
    },
    {
      "Target": "Parameter",
      "Id": "PARAM_MOUTH_01",
      "Segments": [
        0,
        1,
        0,
        2.67,
        1
      ]
    },
    {
      "Target": "Parameter",
      "Id": "PARAM_MOUTH_02",
      "Segments": [
        0,
        0,
        0,
        2.67,
        0
      ]
    },
    {
      "Target": "Parameter",
      "Id": "PARAM_BROW_01",
      "Segments": [
        0,
        1,
        0,
        2.67,
        1
      ]
    },
    {
      "Target": "Parameter",
      "Id": "PARAM_HAND_R_01",
      "Segments": [
        0,
        1,
        0,
        2.67,
        1
      ]
    },
    {
      "Target": "Parameter",
      "Id": "PARAM_HAND_R_02",
      "Segments": [
        0,
        0,
        0,
        2.67,
        0
      ]
    },
    {
      "Target": "Parameter",
      "Id": "PARAM_HAND_R_03",
      "Segments": [
        0,
        0,
        0,
        2.67,
        0
      ]
    },
    {
      "Target": "Parameter",
      "Id": "PARAM_HAND_R_04",
      "Segments": [
        0,
        0,
        0,
        2.67,
        0
      ]
    },
    {
      "Target": "Parameter",
      "Id": "PARAM_HAND_R_05",
      "Segments": [
        0,
        0,
        0,
        2.67,
        0
      ]
    },
    {
      "Target": "Parameter",
      "Id": "PARAM_HAND_R_06",
      "Segments": [
        0,
        0,
        0,
        2.67,
        0
      ]
    },
    {
      "Target": "Parameter",
      "Id": "PARAM_HAND_R_07",
      "Segments": [
        0,
        0,
        0,
        2.67,
        0
      ]
    },
    {
      "Target": "Parameter",
      "Id": "PARAM_HAND_R_08",
      "Segments": [
        0,
        0,
        0,
        2.67,
        0
      ]
    },
    {
      "Target": "Parameter",
      "Id": "PARAM_HAND_R_09",
      "Segments": [
        0,
        0,
        0,
        2.67,
        0
      ]
    },
    {
      "Target": "Parameter",
      "Id": "PARAM_HAND_R_10",
      "Segments": [
        0,
        0,
        0,
        2.67,
        0
      ]
    },
    {
      "Target": "Parameter",
      "Id": "PARAM_HAND_R_11",
      "Segments": [
        0,
        0,
        0,
        2.67,
        0
      ]
    },
    {
      "Target": "Parameter",
      "Id": "PARAM_HAND_R_12",
      "Segments": [
        0,
        0,
        0,
        2.67,
        0
      ]
    },
    {
      "Target": "Parameter",
      "Id": "PARAM_HAND_L_01",
      "Segments": [
        0,
        1,
        0,
        2.67,
        1
      ]
    },
    {
      "Target": "Parameter",
      "Id": "PARAM_HAND_L_02",
      "Segments": [
        0,
        0,
        0,
        2.67,
        0
      ]
    },
    {
      "Target": "Parameter",
      "Id": "PARAM_HAND_L_03",
      "Segments": [
        0,
        0,
        0,
        2.67,
        0
      ]
    },
    {
      "Target": "Parameter",
      "Id": "PARAM_HAND_L_04",
      "Segments": [
        0,
        0,
        0,
        2.67,
        0
      ]
    },
    {
      "Target": "Parameter",
      "Id": "PARAM_HAND_L_05",
      "Segments": [
        0,
        0,
        0,
        2.67,
        0
      ]
    },
    {
      "Target": "Parameter",
      "Id": "PARAM_HAND_L_06",
      "Segments": [
        0,
        0,
        0,
        2.67,
        0
      ]
    },
    {
      "Target": "Parameter",
      "Id": "PARAM_HAND_L_07",
      "Segments": [
        0,
        0,
        0,
        2.67,
        0
      ]
    },
    {
      "Target": "Parameter",
      "Id": "PARAM_HAND_L_08",
      "Segments": [
        0,
        0,
        0,
        2.67,
        0
      ]
    },
    {
      "Target": "Parameter",
      "Id": "PARAM_HAND_L_09",
      "Segments": [
        0,
        0,
        0,
        2.67,
        0
      ]
    },
    {
      "Target": "Parameter",
      "Id": "PARAM_HAND_L_10",
      "Segments": [
        0,
        0,
        0,
        2.67,
        0
      ]
    },
    {
      "Target": "Parameter",
      "Id": "PARAM_HAND_L_11",
      "Segments": [
        0,
        0,
        0,
        2.67,
        0
      ]
    },
    {
      "Target": "Parameter",
      "Id": "PARAM_HAND_L_12",
      "Segments": [
        0,
        0,
        0,
        2.67,
        0
      ]
    },
    {
      "Target": "Parameter",
      "Id": "PARAM_UPPER_BODY_FLUFFY",
      "Segments": [
        0,
        0,
        0,
        2.67,
        0
      ]
    },
    {
      "Target": "Parameter",
      "Id": "PARAM_LOWER_BODY_FLUFFY",
      "Segments": [
        0,
        0,
        0,
        2.67,
        0
      ]
    },
    {
      "Target": "Parameter",
      "Id": "PARAM_COLLAR_SHAKE_01",
      "Segments": [
        0,
        0,
        0,
        2.67,
        0
      ]
    },
    {
      "Target": "PartOpacity",
      "Id": "PartCore",
      "Segments": [
        0,
        1,
        0,
        2.67,
        1
      ]
    },
    {
      "Target": "PartOpacity",
      "Id": "PartUpperBody",
      "Segments": [
        0,
        1,
        0,
        2.67,
        1
      ]
    },
    {
      "Target": "PartOpacity",
      "Id": "PartArmR",
      "Segments": [
        0,
        1,
        0,
        2.67,
        1
      ]
    },
    {
      "Target": "PartOpacity",
      "Id": "PartHandR",
      "Segments": [
        0,
        1,
        0,
        2.67,
        1
      ]
    },
    {
      "Target": "PartOpacity",
      "Id": "PartFoot",
      "Segments": [
        0,
        1,
        0,
        2.67,
        1
      ]
    }
  ],
  "UserData": []
}