{
  "Version": 3,
  "Meta": {
    "Duration": 3.5,
    "Fps": 30.0,
    "Loop": true,
    "AreBeziersRestricted": true,
    "CurveCount": 104,
    "TotalSegmentCount": 252,
    "TotalPointCount": 354,
    "UserDataCount": 0,
    "TotalUserDataSize": 0
  },
  "Curves": [
    {
      "Target": "Parameter",
      "Id": "PARAM_ANGLE_X",
      "Segments": [
        0,
        -9.291,
        0,
        0.167,
        -11.253,
        0,
        0.467,
        8.81,
        1,
        0.556,
        8.81,
        0.644,
        9.239,
        0.733,
        6.952,
        1,
        0.9,
        2.664,
        1.066,
        -20.307,
        1.233,
        -20.307,
        2,
        1.533,
        -20.307,
        0,
        1.767,
        -7.328,
        0,
        2.067,
        -8.599,
        2,
        3.5,
        -8.599
      ]
    },
    {
      "Target": "Parameter",
      "Id": "PARAM_ANGLE_Y",
      "Segments": [
        0,
        -24.399,
        0,
        0.267,
        -25.209,
        0,
        0.733,
        16.904,
        2,
        0.867,
        16.904,
        0,
        1.233,
        -30,
        2,
        1.6,
        -30,
        0,
        1.767,
        -26.575,
        0,
        2.133,
        -27.263,
        2,
        3.5,
        -27.263
      ]
    },
    {
      "Target": "Parameter",
      "Id": "PARAM_ANGLE_Z",
      "Segments": [
        0,
        -18.753,
        0,
        0.2,
        -19.118,
        0,
        0.7,
        30,
        2,
        0.967,
        30,
        0,
        1.233,
        -30,
        2,
        1.567,
        -30,
        1,
        1.634,
        -30,
        1.7,
        -21.062,
        1.767,
        -19.766,
        1,
        1.878,
        -17.605,
        1.989,
        -17.462,
        2.1,
        -17.462,
        2,
        3.5,
        -17.462
      ]
    },
    {
      "Target": "Parameter",
      "Id": "PARAM_EYE_R_OPEN",
      "Segments": [
        0,
        1,
        2,
        0.467,
        1,
        0,
        0.833,
        1.5,
        0,
        0.933,
        0,
        2,
        1.567,
        0,
        0,
        1.667,
        1.5,
        2,
        3.5,
        1.5
      ]
    },
    {
      "Target": "Parameter",
      "Id": "PARAM_EYE_L_OPEN",
      "Segments": [
        0,
        1,
        2,
        0.467,
        1,
        0,
        0.833,
        1.5,
        0,
        0.933,
        0,
        2,
        1.567,
        0,
        0,
        1.667,
        1.5,
        2,
        3.5,
        1.5
      ]
    },
    {
      "Target": "Parameter",
      "Id": "PARAM_EYE_BALL_X",
      "Segments": [
        0,
        0.278,
        0,
        0.767,
        0.1,
        1,
        1.067,
        0.1,
        1.367,
        0.151,
        1.667,
        0.294,
        1,
        1.711,
        0.316,
        1.756,
        0.4,
        1.8,
        0.4,
        2,
        3.5,
        0.4
      ]
    },
    {
      "Target": "Parameter",
      "Id": "PARAM_EYE_BALL_Y",
      "Segments": [
        0,
        0.4,
        2,
        0.333,
        0.4,
        0,
        0.767,
        -0.3,
        0,
        1.467,
        0.7,
        2,
        1.8,
        0.7,
        2,
        3.5,
        0.7
      ]
    },
    {
      "Target": "Parameter",
      "Id": "PARAM_LIGHT",
      "Segments": [
        0,
        0,
        2,
        1.433,
        0,
        1,
        1.522,
        0,
        1.611,
        0.552,
        1.7,
        5.223,
        1,
        1.744,
        7.559,
        1.789,
        30,
        1.833,
        30,
        0,
        1.867,
        26.785,
        0,
        1.967,
        28.84,
        0,
        2.2,
        15,
        2,
        3.5,
        15
      ]
    },
    {
      "Target": "Parameter",
      "Id": "PARAM_SHOULDER_R_ROTATE",
      "Segments": [
        0,
        3.448,
        1,
        0.078,
        3.448,
        0.155,
        3.709,
        0.233,
        1.827,
        1,
        0.322,
        -0.324,
        0.411,
        -15.382,
        0.5,
        -15.382,
        1,
        0.556,
        -15.382,
        0.611,
        -13.047,
        0.667,
        -10.974,
        1,
        0.834,
        -4.755,
        1,
        -2.431,
        1.167,
        -2.431,
        2,
        3.5,
        -2.431
      ]
    },
    {
      "Target": "Parameter",
      "Id": "PARAM_ARM_R_ROTATE",
      "Segments": [
        0,
        29.06,
        1,
        0.056,
        29.06,
        0.111,
        29.021,
        0.167,
        29.411,
        1,
        0.222,
        29.801,
        0.278,
        31.332,
        0.333,
        31.332,
        0,
        0.833,
        26,
        0,
        1.1,
        34.527,
        1,
        1.156,
        34.527,
        1.211,
        33.377,
        1.267,
        33.364,
        1,
        1.4,
        33.334,
        1.534,
        33.332,
        1.667,
        33.332,
        2,
        3.5,
        33.332
      ]
    },
    {
      "Target": "Parameter",
      "Id": "PARAM_HAND_R_ROTATE",
      "Segments": [
        0,
        -0.169,
        1,
        0.133,
        -0.169,
        0.267,
        -0.411,
        0.4,
        -3.892,
        1,
        0.511,
        -6.793,
        0.622,
        -13.657,
        0.733,
        -13.657,
        0,
        1.267,
        18.285,
        0,
        1.7,
        16.943,
        2,
        3.5,
        16.943
      ]
    },
    {
      "Target": "Parameter",
      "Id": "PARAM_SHOULDER_L_ROTATE",
      "Segments": [
        0,
        5.968,
        1,
        0.278,
        5.968,
        0.555,
        5.66,
        0.833,
        4.331,
        1,
        0.9,
        4.012,
        0.966,
        -30.812,
        1.033,
        -30.812,
        0,
        1.233,
        -29.795,
        2,
        3.5,
        -29.795
      ]
    },
    {
      "Target": "Parameter",
      "Id": "PARAM_ARM_L_ROTATE",
      "Segments": [
        0,
        18.647,
        2,
        0.367,
        18.647,
        1,
        0.522,
        18.647,
        0.678,
        18.633,
        0.833,
        17.446,
        1,
        0.922,
        16.767,
        1.011,
        0,
        1.1,
        0,
        0,
        1.267,
        0.85,
        2,
        3.5,
        0.85
      ]
    },
    {
      "Target": "Parameter",
      "Id": "PARAM_HAND_L_ROTATE",
      "Segments": [
        0,
        9.422,
        0,
        0.767,
        14,
        0,
        1.2,
        -6.79,
        0,
        1.333,
        -6.047,
        2,
        3.5,
        -6.047
      ]
    },
    {
      "Target": "Parameter",
      "Id": "PARAM_BODY_ANGLE_X",
      "Segments": [
        0,
        2.547,
        1,
        0.011,
        2.547,
        0.022,
        3.26,
        0.033,
        3.696,
        1,
        0.144,
        8.065,
        0.256,
        10,
        0.367,
        10,
        0,
        1.133,
        -10,
        0,
        1.567,
        -9.046,
        2,
        3.5,
        -9.046
      ]
    },
    {
      "Target": "Parameter",
      "Id": "PARAM_BODY_ANGLE_Y",
      "Segments": [
        0,
        0.226,
        1,
        0.022,
        0.226,
        0.045,
        0.049,
        0.067,
        0.948,
        1,
        0.189,
        5.897,
        0.311,
        10,
        0.433,
        10,
        1,
        0.555,
        10,
        0.678,
        10.122,
        0.8,
        9.393,
        1,
        0.922,
        8.663,
        1.045,
        -2.599,
        1.167,
        -5.022,
        1,
        1.211,
        -5.902,
        1.256,
        -5.622,
        1.3,
        -5.622,
        2,
        3.5,
        -5.622
      ]
    },
    {
      "Target": "Parameter",
      "Id": "PARAM_BODY_ANGLE_Z",
      "Segments": [
        0,
        0,
        1,
        0.033,
        0,
        0.067,
        0.019,
        0.1,
        0.295,
        1,
        0.222,
        1.306,
        0.345,
        2,
        0.467,
        2,
        1,
        0.578,
        2,
        0.689,
        2.251,
        0.8,
        0.084,
        1,
        0.978,
        -3.382,
        1.155,
        -10,
        1.333,
        -10,
        0,
        1.6,
        -8.808,
        2,
        3.5,
        -8.808
      ]
    },
    {
      "Target": "Parameter",
      "Id": "PARAM_STRETCH",
      "Segments": [
        0,
        0.015,
        0,
        0.033,
        0,
        0,
        0.4,
        0.7,
        1,
        0.544,
        0.7,
        0.689,
        0.709,
        0.833,
        0.671,
        1,
        0.989,
        0.63,
        1.144,
        0.001,
        1.3,
        0.001,
        0,
        1.767,
        0.04,
        2,
        3.5,
        0.04
      ]
    },
    {
      "Target": "Parameter",
      "Id": "PARAM_SHOLDER_POSITION",
      "Segments": [
        0,
        2.997,
        1,
        0.133,
        2.997,
        0.267,
        2.984,
        0.4,
        3.008,
        1,
        0.7,
        3.062,
        1,
        10,
        1.3,
        10,
        2,
        3.5,
        10
      ]
    },
    {
      "Target": "Parameter",
      "Id": "PARAM_ROTATION_Z",
      "Segments": [
        0,
        0,
        0,
        0.433,
        0.7,
        0,
        1.3,
        0.578,
        2,
        3.5,
        0.578
      ]
    },
    {
      "Target": "Parameter",
      "Id": "PARAM_HAIR_FRONT",
      "Segments": [
        0,
        -0.161,
        0,
        0.3,
        -0.439,
        1,
        0.389,
        -0.439,
        0.478,
        0.656,
        0.567,
        0.77,
        1,
        0.711,
        0.955,
        0.856,
        0.951,
        1,
        0.951,
        0,
        1.267,
        -0.91,
        0,
        1.5,
        -0.635,
        0,
        1.7,
        -0.835,
        0,
        1.867,
        0.427,
        0,
        2.1,
        -0.345,
        0,
        2.3,
        -0.124,
        0,
        2.5,
        -0.206,
        0,
        2.733,
        -0.176,
        0,
        2.933,
        -0.187,
        0,
        3.133,
        -0.183,
        0,
        3.333,
        -0.184,
        2,
        3.5,
        -0.184
      ]
    },
    {
      "Target": "Parameter",
      "Id": "PARAM_HAIR_SIDE",
      "Segments": [
        0,
        -0.129,
        0,
        0.3,
        -0.471,
        1,
        0.411,
        -0.471,
        0.522,
        0.44,
        0.633,
        0.61,
        1,
        0.766,
        0.814,
        0.9,
        0.797,
        1.033,
        0.797,
        0,
        1.333,
        -0.827,
        1,
        1.466,
        -0.827,
        1.6,
        -0.764,
        1.733,
        -0.42,
        1,
        1.811,
        -0.219,
        1.889,
        0.142,
        1.967,
        0.142,
        0,
        2.233,
        -0.235,
        0,
        2.5,
        -0.075,
        0,
        2.8,
        -0.162,
        0,
        3.067,
        -0.136,
        0,
        3.367,
        -0.148,
        2,
        3.5,
        -0.148
      ]
    },
    {
      "Target": "Parameter",
      "Id": "PARAM_HAIR_BACK_01",
      "Segments": [
        0,
        -0.141,
        0,
        0.3,
        -0.398,
        1,
        0.389,
        -0.398,
        0.478,
        0.534,
        0.567,
        0.672,
        1,
        0.711,
        0.897,
        0.856,
        0.898,
        1,
        0.898,
        0,
        1.267,
        -0.823,
        0,
        1.5,
        -0.616,
        0,
        1.7,
        -0.717,
        0,
        1.867,
        0.383,
        0,
        2.1,
        -0.301,
        0,
        2.3,
        -0.108,
        1,
        2.367,
        -0.108,
        2.433,
        -0.132,
        2.5,
        -0.138,
        1,
        2.578,
        -0.146,
        2.655,
        -0.147,
        2.733,
        -0.153,
        1,
        2.8,
        -0.158,
        2.866,
        -0.163,
        2.933,
        -0.163,
        0,
        3.133,
        -0.159,
        0,
        3.333,
        -0.161,
        2,
        3.5,
        -0.161
      ]
    },
    {
      "Target": "Parameter",
      "Id": "PARAM_FLUFFY",
      "Segments": [
        0,
        0.002,
        0,
        0.467,
        -0.247,
        0,
        1.067,
        1,
        0,
        1.4,
        -0.495,
        1,
        1.467,
        -0.495,
        1.533,
        -0.514,
        1.6,
        -0.285,
        1,
        1.667,
        -0.057,
        1.733,
        0.67,
        1.8,
        0.67,
        0,
        2.2,
        -0.161,
        0,
        2.567,
        0.077,
        0,
        2.967,
        -0.037,
        0,
        3.333,
        0.018,
        2,
        3.5,
        0.018
      ]
    },
    {
      "Target": "Parameter",
      "Id": "PARAM_HAND_R_08",
      "Segments": [
        0,
        1,
        2,
        0.967,
        1,
        0,
        1,
        0,
        2,
        3.5,
        0
      ]
    },
    {
      "Target": "Parameter",
      "Id": "PARAM_HAND_R_12",
      "Segments": [
        0,
        0,
        1,
        0.322,
        0,
        0.645,
        0,
        0.967,
        0.001,
        0,
        1,
        1,
        2,
        3.5,
        1
      ]
    },
    {
      "Target": "Parameter",
      "Id": "PARAM_HAND_L_08",
      "Segments": [
        0,
        1,
        2,
        0.867,
        1,
        0,
        0.9,
        0,
        2,
        3.5,
        0
      ]
    },
    {
      "Target": "Parameter",
      "Id": "PARAM_HAND_L_12",
      "Segments": [
        0,
        0,
        2,
        0.867,
        0,
        0,
        0.9,
        1,
        2,
        3.5,
        1
      ]
    },
    {
      "Target": "Model",
      "Id": "Opacity",
      "Segments": [
        0,
        1,
        0,
        3.5,
        1
      ]
    },
    {
      "Target": "Parameter",
      "Id": "PARAM_EYE_R_SMILE",
      "Segments": [
        0,
        -1,
        0,
        3.5,
        -1
      ]
    },
    {
      "Target": "Parameter",
      "Id": "PARAM_EYE_L_SMILE",
      "Segments": [
        0,
        -1,
        0,
        3.5,
        -1
      ]
    },
    {
      "Target": "Parameter",
      "Id": "PARAM_EYE_FORM",
      "Segments": [
        0,
        0,
        0,
        3.5,
        0
      ]
    },
    {
      "Target": "Parameter",
      "Id": "PARAM_EYE_SCALE",
      "Segments": [
        0,
        0,
        0,
        3.5,
        0
      ]
    },
    {
      "Target": "Parameter",
      "Id": "PARAM_TEAR_LEAP_01",
      "Segments": [
        0,
        0,
        0,
        3.5,
        0
      ]
    },
    {
      "Target": "Parameter",
      "Id": "EYE_TWINKLE_01",
      "Segments": [
        0,
        0,
        0,
        3.5,
        0
      ]
    },
    {
      "Target": "Parameter",
      "Id": "PARAM_BROW_R_FORM",
      "Segments": [
        0,
        -0.2,
        0,
        3.5,
        -0.2
      ]
    },
    {
      "Target": "Parameter",
      "Id": "PARAM_BROW_R_Y",
      "Segments": [
        0,
        -0.6,
        0,
        3.5,
        -0.6
      ]
    },
    {
      "Target": "Parameter",
      "Id": "PARAM_BROW_R_X",
      "Segments": [
        0,
        0,
        0,
        3.5,
        0
      ]
    },
    {
      "Target": "Parameter",
      "Id": "PARAM_BROW_R_ANGLE",
      "Segments": [
        0,
        -0.3,
        0,
        3.5,
        -0.3
      ]
    },
    {
      "Target": "Parameter",
      "Id": "PARAM_BROW_L_FORM",
      "Segments": [
        0,
        -0.2,
        0,
        3.5,
        -0.2
      ]
    },
    {
      "Target": "Parameter",
      "Id": "PARAM_BROW_L_Y",
      "Segments": [
        0,
        -0.6,
        0,
        3.5,
        -0.6
      ]
    },
    {
      "Target": "Parameter",
      "Id": "PARAM_BROW_L_X",
      "Segments": [
        0,
        0,
        0,
        3.5,
        0
      ]
    },
    {
      "Target": "Parameter",
      "Id": "PARAM_BROW_L_ANGLE",
      "Segments": [
        0,
        -0.3,
        0,
        3.5,
        -0.3
      ]
    },
    {
      "Target": "Parameter",
      "Id": "PARAM_MOUTH_OPEN_Y",
      "Segments": [
        0,
        0,
        0,
        3.5,
        0
      ]
    },
    {
      "Target": "Parameter",
      "Id": "PARAM_MOUTH_FORM_01",
      "Segments": [
        0,
        -1,
        0,
        3.5,
        -1
      ]
    },
    {
      "Target": "Parameter",
      "Id": "PARAM_MOUTH_POS_Y",
      "Segments": [
        0,
        0,
        0,
        3.5,
        0
      ]
    },
    {
      "Target": "Parameter",
      "Id": "PARAM_MOUTH_SCALE",
      "Segments": [
        0,
        0,
        0,
        3.5,
        0
      ]
    },
    {
      "Target": "Parameter",
      "Id": "PARAM_MOUTH_SCALE_Y",
      "Segments": [
        0,
        0,
        0,
        3.5,
        0
      ]
    },
    {
      "Target": "Parameter",
      "Id": "PARAM_ARM_R_ORDER",
      "Segments": [
        0,
        1,
        0,
        3.5,
        1
      ]
    },
    {
      "Target": "Parameter",
      "Id": "PARAM_ARM_L_ORDER",
      "Segments": [
        0,
        0.5,
        0,
        3.5,
        0.5
      ]
    },
    {
      "Target": "Parameter",
      "Id": "PARAM_BREATH",
      "Segments": [
        0,
        0,
        0,
        3.5,
        0
      ]
    },
    {
      "Target": "Parameter",
      "Id": "PARAM_POSITION_X",
      "Segments": [
        0,
        0,
        0,
        3.5,
        0
      ]
    },
    {
      "Target": "Parameter",
      "Id": "PARAM_POSITION_Y",
      "Segments": [
        0,
        0,
        0,
        3.5,
        0
      ]
    },
    {
      "Target": "Parameter",
      "Id": "PARAM_FACE_SHADOW",
      "Segments": [
        0,
        0,
        0,
        3.5,
        0
      ]
    },
    {
      "Target": "Parameter",
      "Id": "PARAM_FACE_CHANGE",
      "Segments": [
        0,
        0,
        0,
        3.5,
        0
      ]
    },
    {
      "Target": "Parameter",
      "Id": "PARAM_CHEEK_01",
      "Segments": [
        0,
        1,
        0,
        3.5,
        1
      ]
    },
    {
      "Target": "Parameter",
      "Id": "PARAM_CHEEK_02",
      "Segments": [
        0,
        0,
        0,
        3.5,
        0
      ]
    },
    {
      "Target": "Parameter",
      "Id": "PARAM_CHEEK_03",
      "Segments": [
        0,
        0,
        0,
        3.5,
        0
      ]
    },
    {
      "Target": "Parameter",
      "Id": "PARAM_CHEEK_04",
      "Segments": [
        0,
        0,
        0,
        3.5,
        0
      ]
    },
    {
      "Target": "Parameter",
      "Id": "PARAM_CHEEK_05",
      "Segments": [
        0,
        0,
        0,
        3.5,
        0
      ]
    },
    {
      "Target": "Parameter",
      "Id": "PARAM_TEAR_01",
      "Segments": [
        0,
        0,
        0,
        3.5,
        0
      ]
    },
    {
      "Target": "Parameter",
      "Id": "PARAM_TEAR_02",
      "Segments": [
        0,
        0,
        0,
        3.5,
        0
      ]
    },
    {
      "Target": "Parameter",
      "Id": "PARAM_TEAR_02_MOVE",
      "Segments": [
        0,
        0,
        0,
        3.5,
        0
      ]
    },
    {
      "Target": "Parameter",
      "Id": "PARAM_TEAR_03",
      "Segments": [
        0,
        0,
        0,
        3.5,
        0
      ]
    },
    {
      "Target": "Parameter",
      "Id": "PARAM_TEAR_03_MOVE",
      "Segments": [
        0,
        0,
        0,
        3.5,
        0
      ]
    },
    {
      "Target": "Parameter",
      "Id": "PARAM_SWEAT",
      "Segments": [
        0,
        0,
        0,
        3.5,
        0
      ]
    },
    {
      "Target": "Parameter",
      "Id": "PARAM_SWEAT_MOVE",
      "Segments": [
        0,
        0,
        0,
        3.5,
        0
      ]
    },
    {
      "Target": "Parameter",
      "Id": "PARAM_EYE_WHITE_00",
      "Segments": [
        0,
        1,
        0,
        3.5,
        1
      ]
    },
    {
      "Target": "Parameter",
      "Id": "PARAM_EYE_WHITE_01",
      "Segments": [
        0,
        0,
        0,
        3.5,
        0
      ]
    },
    {
      "Target": "Parameter",
      "Id": "PARAM_EYE_01",
      "Segments": [
        0,
        1,
        0,
        3.5,
        1
      ]
    },
    {
      "Target": "Parameter",
      "Id": "PARAM_EYE_02",
      "Segments": [
        0,
        0,
        0,
        3.5,
        0
      ]
    },
    {
      "Target": "Parameter",
      "Id": "PARAM_EYE_05",
      "Segments": [
        0,
        0,
        0,
        3.5,
        0
      ]
    },
    {
      "Target": "Parameter",
      "Id": "PARAM_MOUTH_01",
      "Segments": [
        0,
        1,
        0,
        3.5,
        1
      ]
    },
    {
      "Target": "Parameter",
      "Id": "PARAM_MOUTH_02",
      "Segments": [
        0,
        0,
        0,
        3.5,
        0
      ]
    },
    {
      "Target": "Parameter",
      "Id": "PARAM_BROW_01",
      "Segments": [
        0,
        1,
        0,
        3.5,
        1
      ]
    },
    {
      "Target": "Parameter",
      "Id": "PARAM_HAND_R_01",
      "Segments": [
        0,
        0,
        0,
        3.5,
        0
      ]
    },
    {
      "Target": "Parameter",
      "Id": "PARAM_HAND_R_02",
      "Segments": [
        0,
        0,
        0,
        3.5,
        0
      ]
    },
    {
      "Target": "Parameter",
      "Id": "PARAM_HAND_R_03",
      "Segments": [
        0,
        0,
        0,
        3.5,
        0
      ]
    },
    {
      "Target": "Parameter",
      "Id": "PARAM_HAND_R_04",
      "Segments": [
        0,
        0,
        0,
        3.5,
        0
      ]
    },
    {
      "Target": "Parameter",
      "Id": "PARAM_HAND_R_05",
      "Segments": [
        0,
        0,
        0,
        3.5,
        0
      ]
    },
    {
      "Target": "Parameter",
      "Id": "PARAM_HAND_R_06",
      "Segments": [
        0,
        0,
        0,
        3.5,
        0
      ]
    },
    {
      "Target": "Parameter",
      "Id": "PARAM_HAND_R_07",
      "Segments": [
        0,
        0,
        0,
        3.5,
        0
      ]
    },
    {
      "Target": "Parameter",
      "Id": "PARAM_HAND_R_09",
      "Segments": [
        0,
        0,
        0,
        3.5,
        0
      ]
    },
    {
      "Target": "Parameter",
      "Id": "PARAM_HAND_R_10",
      "Segments": [
        0,
        0,
        0,
        3.5,
        0
      ]
    },
    {
      "Target": "Parameter",
      "Id": "PARAM_HAND_R_11",
      "Segments": [
        0,
        0,
        0,
        3.5,
        0
      ]
    },
    {
      "Target": "Parameter",
      "Id": "PARAM_HAND_L_01",
      "Segments": [
        0,
        0,
        0,
        3.5,
        0
      ]
    },
    {
      "Target": "Parameter",
      "Id": "PARAM_HAND_L_02",
      "Segments": [
        0,
        0,
        0,
        3.5,
        0
      ]
    },
    {
      "Target": "Parameter",
      "Id": "PARAM_HAND_L_03",
      "Segments": [
        0,
        0,
        0,
        3.5,
        0
      ]
    },
    {
      "Target": "Parameter",
      "Id": "PARAM_HAND_L_04",
      "Segments": [
        0,
        0,
        0,
        3.5,
        0
      ]
    },
    {
      "Target": "Parameter",
      "Id": "PARAM_HAND_L_05",
      "Segments": [
        0,
        0,
        0,
        3.5,
        0
      ]
    },
    {
      "Target": "Parameter",
      "Id": "PARAM_HAND_L_06",
      "Segments": [
        0,
        0,
        0,
        3.5,
        0
      ]
    },
    {
      "Target": "Parameter",
      "Id": "PARAM_HAND_L_07",
      "Segments": [
        0,
        0,
        0,
        3.5,
        0
      ]
    },
    {
      "Target": "Parameter",
      "Id": "PARAM_HAND_L_09",
      "Segments": [
        0,
        0,
        0,
        3.5,
        0
      ]
    },
    {
      "Target": "Parameter",
      "Id": "PARAM_HAND_L_10",
      "Segments": [
        0,
        0,
        0,
        3.5,
        0
      ]
    },
    {
      "Target": "Parameter",
      "Id": "PARAM_HAND_L_11",
      "Segments": [
        0,
        0,
        0,
        3.5,
        0
      ]
    },
    {
      "Target": "Parameter",
      "Id": "PARAM_UPPER_BODY_FLUFFY",
      "Segments": [
        0,
        0,
        0,
        3.5,
        0
      ]
    },
    {
      "Target": "Parameter",
      "Id": "PARAM_LOWER_BODY_FLUFFY",
      "Segments": [
        0,
        0,
        0,
        3.5,
        0
      ]
    },
    {
      "Target": "Parameter",
      "Id": "PARAM_COLLAR_SHAKE_01",
      "Segments": [
        0,
        0,
        0,
        3.5,
        0
      ]
    },
    {
      "Target": "PartOpacity",
      "Id": "PartCore",
      "Segments": [
        0,
        1,
        0,
        3.5,
        1
      ]
    },
    {
      "Target": "PartOpacity",
      "Id": "PartNeck",
      "Segments": [
        0,
        1,
        0,
        3.5,
        1
      ]
    },
    {
      "Target": "PartOpacity",
      "Id": "PartUpperBody",
      "Segments": [
        0,
        1,
        0,
        3.5,
        1
      ]
    },
    {
      "Target": "PartOpacity",
      "Id": "PartArmR",
      "Segments": [
        0,
        1,
        0,
        3.5,
        1
      ]
    },
    {
      "Target": "PartOpacity",
      "Id": "PartHandR",
      "Segments": [
        0,
        1,
        0,
        3.5,
        1
      ]
    },
    {
      "Target": "PartOpacity",
      "Id": "PartFoot",
      "Segments": [
        0,
        1,
        0,
        3.5,
        1
      ]
    }
  ],
  "UserData": []
}