{
  "Version": 3,
  "Meta": {
    "Duration": 2.83,
    "Fps": 30.0,
    "Loop": true,
    "AreBeziersRestricted": true,
    "CurveCount": 103,
    "TotalSegmentCount": 245,
    "TotalPointCount": 261,
    "UserDataCount": 0,
    "TotalUserDataSize": 0
  },
  "Curves": [
    {
      "Target": "Parameter",
      "Id": "PARAM_ANGLE_X",
      "Segments": [
        0,
        0.749,
        0,
        0.233,
        -3,
        2,
        0.5,
        -3,
        2,
        2.833,
        -3
      ]
    },
    {
      "Target": "Parameter",
      "Id": "PARAM_ANGLE_Y",
      "Segments": [
        0,
        -14.876,
        0,
        0.233,
        -18,
        0,
        0.5,
        21,
        0,
        0.833,
        11.935,
        0,
        1.3,
        13.983,
        0,
        1.833,
        13.348,
        2,
        2.833,
        13.348
      ]
    },
    {
      "Target": "Parameter",
      "Id": "PARAM_ANGLE_Z",
      "Segments": [
        0,
        7.752,
        0,
        0.233,
        14,
        0,
        0.5,
        -30,
        0,
        0.833,
        -25.844,
        0,
        1.3,
        -27.366,
        0,
        1.8,
        -26.66,
        2,
        2.833,
        -26.66
      ]
    },
    {
      "Target": "Parameter",
      "Id": "PARAM_EYE_R_OPEN",
      "Segments": [
        0,
        1.296,
        1,
        0.022,
        1.296,
        0.045,
        1.452,
        0.067,
        1,
        1,
        0.1,
        0.698,
        0.134,
        0,
        0.167,
        0,
        2,
        0.333,
        0,
        0,
        0.433,
        1.5,
        0,
        0.8,
        1,
        2,
        1.133,
        1,
        0,
        1.233,
        0,
        2,
        1.3,
        0,
        0,
        1.4,
        1.5,
        0,
        1.5,
        1,
        0,
        1.6,
        0,
        2,
        1.667,
        0,
        0,
        1.767,
        1.5,
        0,
        2.067,
        1.3,
        2,
        2.833,
        1.3
      ]
    },
    {
      "Target": "Parameter",
      "Id": "PARAM_EYE_L_OPEN",
      "Segments": [
        0,
        1.296,
        1,
        0.022,
        1.296,
        0.045,
        1.452,
        0.067,
        1,
        1,
        0.1,
        0.698,
        0.134,
        0,
        0.167,
        0,
        2,
        0.333,
        0,
        0,
        0.433,
        1.5,
        0,
        0.8,
        1,
        2,
        1.133,
        1,
        0,
        1.233,
        0,
        2,
        1.3,
        0,
        0,
        1.4,
        1.5,
        0,
        1.5,
        1,
        0,
        1.6,
        0,
        2,
        1.667,
        0,
        0,
        1.767,
        1.5,
        0,
        2.067,
        1.3,
        2,
        2.833,
        1.3
      ]
    },
    {
      "Target": "Parameter",
      "Id": "PARAM_EYE_BALL_Y",
      "Segments": [
        0,
        0,
        2,
        0.333,
        0,
        0,
        0.433,
        -0.4,
        2,
        2.833,
        -0.4
      ]
    },
    {
      "Target": "Parameter",
      "Id": "PARAM_EYE_SCALE",
      "Segments": [
        0,
        0,
        2,
        0.367,
        0,
        0,
        0.533,
        -0.8,
        2,
        2.833,
        -0.8
      ]
    },
    {
      "Target": "Parameter",
      "Id": "PARAM_MOUTH_FORM_01",
      "Segments": [
        0,
        -1,
        2,
        0.233,
        -1,
        0,
        0.4,
        -1.4,
        2,
        2.833,
        -1.4
      ]
    },
    {
      "Target": "Parameter",
      "Id": "PARAM_MOUTH_SCALE",
      "Segments": [
        0,
        0,
        2,
        0.233,
        0,
        0,
        0.4,
        0.9,
        2,
        2.833,
        0.9
      ]
    },
    {
      "Target": "Parameter",
      "Id": "PARAM_MOUTH_SCALE_Y",
      "Segments": [
        0,
        0,
        2,
        0.233,
        0,
        0,
        0.4,
        1,
        2,
        2.833,
        1
      ]
    },
    {
      "Target": "Parameter",
      "Id": "PARAM_SHOULDER_R_ROTATE",
      "Segments": [
        0,
        -1.247,
        1,
        0.078,
        -1.247,
        0.155,
        -1.249,
        0.233,
        -2.725,
        1,
        0.289,
        -3.34,
        0.344,
        -32,
        0.4,
        -32,
        0,
        0.633,
        -26.83,
        0,
        0.967,
        -27.657,
        0,
        1.533,
        -27.101,
        2,
        2.833,
        -27.101
      ]
    },
    {
      "Target": "Parameter",
      "Id": "PARAM_ARM_R_ROTATE",
      "Segments": [
        0,
        0.891,
        0,
        0.267,
        0,
        0,
        0.433,
        42,
        0,
        0.667,
        37.8,
        0,
        1,
        38.912,
        0,
        1.567,
        38.36,
        2,
        2.833,
        38.36
      ]
    },
    {
      "Target": "Parameter",
      "Id": "PARAM_HAND_R_ROTATE",
      "Segments": [
        0,
        -0.991,
        0,
        0.267,
        -3,
        0,
        0.433,
        7.585,
        0,
        0.7,
        0,
        0,
        1.033,
        3.957,
        0,
        1.6,
        1.847,
        2,
        2.833,
        1.847
      ]
    },
    {
      "Target": "Parameter",
      "Id": "PARAM_SHOULDER_L_ROTATE",
      "Segments": [
        0,
        -1.342,
        0,
        0.2,
        -1.155,
        0,
        0.367,
        -35,
        0,
        0.633,
        -32.36,
        0,
        0.967,
        -33.078,
        0,
        1.533,
        -32.745,
        2,
        2.833,
        -32.745
      ]
    },
    {
      "Target": "Parameter",
      "Id": "PARAM_ARM_L_ROTATE",
      "Segments": [
        0,
        0,
        2,
        0.233,
        0,
        0,
        0.4,
        36,
        0,
        0.667,
        34.25,
        0,
        1,
        34.997,
        0,
        1.567,
        34.6,
        2,
        2.833,
        34.6
      ]
    },
    {
      "Target": "Parameter",
      "Id": "PARAM_HAND_L_ROTATE",
      "Segments": [
        0,
        2.375,
        0,
        0.233,
        1,
        0,
        0.4,
        9,
        0,
        0.7,
        7,
        0,
        1.033,
        8,
        0,
        1.6,
        6.391,
        2,
        2.833,
        6.391
      ]
    },
    {
      "Target": "Parameter",
      "Id": "PARAM_BODY_ANGLE_Y",
      "Segments": [
        0,
        -2.5,
        0,
        0.167,
        -4,
        0,
        0.4,
        10,
        0,
        0.567,
        3,
        0,
        0.9,
        8,
        2,
        2.833,
        8
      ]
    },
    {
      "Target": "Parameter",
      "Id": "PARAM_BODY_ANGLE_Z",
      "Segments": [
        0,
        -2.5,
        0,
        0.167,
        -3,
        1,
        0.245,
        -3,
        0.322,
        0.346,
        0.4,
        3,
        1,
        0.456,
        4.896,
        0.511,
        5,
        0.567,
        5,
        0,
        0.9,
        4,
        2,
        2.833,
        4
      ]
    },
    {
      "Target": "Parameter",
      "Id": "PARAM_STRETCH",
      "Segments": [
        0,
        -0.2,
        0,
        0.167,
        -0.3,
        0,
        0.4,
        0.4,
        0,
        0.6,
        -0.2,
        0,
        0.9,
        0.1,
        0,
        1.4,
        0,
        2,
        2.833,
        0
      ]
    },
    {
      "Target": "Parameter",
      "Id": "PARAM_SHOLDER_POSITION",
      "Segments": [
        0,
        -3.433,
        0,
        0.2,
        -4,
        0,
        0.433,
        10,
        0,
        0.633,
        2,
        0,
        0.967,
        8,
        0,
        1.467,
        5,
        2,
        2.833,
        5
      ]
    },
    {
      "Target": "Parameter",
      "Id": "PARAM_POSITION_Y",
      "Segments": [
        0,
        0,
        2,
        0.167,
        0,
        0,
        0.4,
        0.1,
        0,
        0.567,
        0,
        2,
        2.833,
        0
      ]
    },
    {
      "Target": "Parameter",
      "Id": "PARAM_ROTATION_Z",
      "Segments": [
        0,
        0.25,
        0,
        0.167,
        0.3,
        0,
        0.4,
        -0.6,
        2,
        2.833,
        -0.6
      ]
    },
    {
      "Target": "Parameter",
      "Id": "PARAM_HAIR_FRONT",
      "Segments": [
        0,
        0.093,
        0,
        0.1,
        0.136,
        0,
        0.6,
        -0.296,
        0,
        0.933,
        -0.062,
        0,
        1.267,
        -0.25,
        0,
        1.6,
        -0.147,
        0,
        1.9,
        -0.19,
        0,
        2.2,
        -0.165,
        0,
        2.533,
        -0.18,
        2,
        2.833,
        -0.18
      ]
    },
    {
      "Target": "Parameter",
      "Id": "PARAM_HAIR_SIDE",
      "Segments": [
        0,
        0.068,
        0,
        0.133,
        0.119,
        0,
        0.6,
        -0.294,
        0,
        0.933,
        -0.034,
        0,
        1.3,
        -0.245,
        0,
        1.667,
        -0.115,
        0,
        2,
        -0.181,
        0,
        2.333,
        -0.141,
        0,
        2.667,
        -0.165,
        2,
        2.833,
        -0.165
      ]
    },
    {
      "Target": "Parameter",
      "Id": "PARAM_HAIR_BACK_01",
      "Segments": [
        0,
        0.152,
        0,
        0.167,
        0.304,
        0,
        0.633,
        -0.572,
        0,
        1,
        -0.179,
        0,
        1.4,
        -0.416,
        0,
        1.8,
        -0.299,
        0,
        2.2,
        -0.335,
        0,
        2.567,
        -0.322,
        2,
        2.833,
        -0.322
      ]
    },
    {
      "Target": "Parameter",
      "Id": "PARAM_FLUFFY",
      "Segments": [
        0,
        0.038,
        0,
        0.167,
        0.078,
        0,
        0.467,
        -0.433,
        0,
        0.8,
        0.154,
        0,
        1.267,
        -0.196,
        0,
        1.733,
        -0.003,
        0,
        2.2,
        -0.103,
        0,
        2.7,
        -0.053,
        2,
        2.833,
        -0.053
      ]
    },
    {
      "Target": "Parameter",
      "Id": "PARAM_HAND_R_03",
      "Segments": [
        0,
        0,
        2,
        0.333,
        0,
        0,
        0.367,
        1,
        2,
        2.833,
        1
      ]
    },
    {
      "Target": "Parameter",
      "Id": "PARAM_HAND_R_06",
      "Segments": [
        0,
        1,
        2,
        0.333,
        1,
        0,
        0.367,
        0,
        2,
        2.833,
        0
      ]
    },
    {
      "Target": "Parameter",
      "Id": "PARAM_HAND_L_03",
      "Segments": [
        0,
        0,
        2,
        0.267,
        0,
        0,
        0.3,
        1,
        2,
        2.833,
        1
      ]
    },
    {
      "Target": "Parameter",
      "Id": "PARAM_HAND_L_06",
      "Segments": [
        0,
        1,
        2,
        0.267,
        1,
        0,
        0.3,
        0,
        2,
        2.833,
        0
      ]
    },
    {
      "Target": "Model",
      "Id": "Opacity",
      "Segments": [
        0,
        1,
        0,
        2.83,
        1
      ]
    },
    {
      "Target": "Parameter",
      "Id": "PARAM_EYE_R_SMILE",
      "Segments": [
        0,
        0,
        0,
        2.83,
        0
      ]
    },
    {
      "Target": "Parameter",
      "Id": "PARAM_EYE_L_SMILE",
      "Segments": [
        0,
        0,
        0,
        2.83,
        0
      ]
    },
    {
      "Target": "Parameter",
      "Id": "PARAM_EYE_FORM",
      "Segments": [
        0,
        0,
        0,
        2.83,
        0
      ]
    },
    {
      "Target": "Parameter",
      "Id": "PARAM_EYE_BALL_X",
      "Segments": [
        0,
        0,
        0,
        2.83,
        0
      ]
    },
    {
      "Target": "Parameter",
      "Id": "PARAM_TEAR_LEAP_01",
      "Segments": [
        0,
        0,
        0,
        2.83,
        0
      ]
    },
    {
      "Target": "Parameter",
      "Id": "EYE_TWINKLE_01",
      "Segments": [
        0,
        0,
        0,
        2.83,
        0
      ]
    },
    {
      "Target": "Parameter",
      "Id": "PARAM_LIGHT",
      "Segments": [
        0,
        0,
        0,
        2.83,
        0
      ]
    },
    {
      "Target": "Parameter",
      "Id": "PARAM_BROW_R_FORM",
      "Segments": [
        0,
        -0.5,
        0,
        2.83,
        -0.5
      ]
    },
    {
      "Target": "Parameter",
      "Id": "PARAM_BROW_R_Y",
      "Segments": [
        0,
        0.3,
        0,
        2.83,
        0.3
      ]
    },
    {
      "Target": "Parameter",
      "Id": "PARAM_BROW_R_X",
      "Segments": [
        0,
        0,
        0,
        2.83,
        0
      ]
    },
    {
      "Target": "Parameter",
      "Id": "PARAM_BROW_R_ANGLE",
      "Segments": [
        0,
        0.1,
        0,
        2.83,
        0.1
      ]
    },
    {
      "Target": "Parameter",
      "Id": "PARAM_BROW_L_FORM",
      "Segments": [
        0,
        -0.5,
        0,
        2.83,
        -0.5
      ]
    },
    {
      "Target": "Parameter",
      "Id": "PARAM_BROW_L_Y",
      "Segments": [
        0,
        0.3,
        0,
        2.83,
        0.3
      ]
    },
    {
      "Target": "Parameter",
      "Id": "PARAM_BROW_L_X",
      "Segments": [
        0,
        0,
        0,
        2.83,
        0
      ]
    },
    {
      "Target": "Parameter",
      "Id": "PARAM_BROW_L_ANGLE",
      "Segments": [
        0,
        0.1,
        0,
        2.83,
        0.1
      ]
    },
    {
      "Target": "Parameter",
      "Id": "PARAM_MOUTH_OPEN_Y",
      "Segments": [
        0,
        0,
        0,
        2.83,
        0
      ]
    },
    {
      "Target": "Parameter",
      "Id": "PARAM_MOUTH_POS_Y",
      "Segments": [
        0,
        0,
        0,
        2.83,
        0
      ]
    },
    {
      "Target": "Parameter",
      "Id": "PARAM_ARM_R_ORDER",
      "Segments": [
        0,
        1,
        0,
        2.83,
        1
      ]
    },
    {
      "Target": "Parameter",
      "Id": "PARAM_ARM_L_ORDER",
      "Segments": [
        0,
        1,
        0,
        2.83,
        1
      ]
    },
    {
      "Target": "Parameter",
      "Id": "PARAM_BODY_ANGLE_X",
      "Segments": [
        0,
        8.312,
        0,
        2.83,
        8.312
      ]
    },
    {
      "Target": "Parameter",
      "Id": "PARAM_BREATH",
      "Segments": [
        0,
        0,
        0,
        2.83,
        0
      ]
    },
    {
      "Target": "Parameter",
      "Id": "PARAM_POSITION_X",
      "Segments": [
        0,
        0,
        0,
        2.83,
        0
      ]
    },
    {
      "Target": "Parameter",
      "Id": "PARAM_FACE_SHADOW",
      "Segments": [
        0,
        0,
        0,
        2.83,
        0
      ]
    },
    {
      "Target": "Parameter",
      "Id": "PARAM_FACE_CHANGE",
      "Segments": [
        0,
        0,
        0,
        2.83,
        0
      ]
    },
    {
      "Target": "Parameter",
      "Id": "PARAM_CHEEK_01",
      "Segments": [
        0,
        0,
        0,
        2.83,
        0
      ]
    },
    {
      "Target": "Parameter",
      "Id": "PARAM_CHEEK_02",
      "Segments": [
        0,
        0,
        0,
        2.83,
        0
      ]
    },
    {
      "Target": "Parameter",
      "Id": "PARAM_CHEEK_03",
      "Segments": [
        0,
        0,
        0,
        2.83,
        0
      ]
    },
    {
      "Target": "Parameter",
      "Id": "PARAM_CHEEK_04",
      "Segments": [
        0,
        0,
        0,
        2.83,
        0
      ]
    },
    {
      "Target": "Parameter",
      "Id": "PARAM_CHEEK_05",
      "Segments": [
        0,
        0,
        0,
        2.83,
        0
      ]
    },
    {
      "Target": "Parameter",
      "Id": "PARAM_TEAR_01",
      "Segments": [
        0,
        0,
        0,
        2.83,
        0
      ]
    },
    {
      "Target": "Parameter",
      "Id": "PARAM_TEAR_02",
      "Segments": [
        0,
        0,
        0,
        2.83,
        0
      ]
    },
    {
      "Target": "Parameter",
      "Id": "PARAM_TEAR_02_MOVE",
      "Segments": [
        0,
        0,
        0,
        2.83,
        0
      ]
    },
    {
      "Target": "Parameter",
      "Id": "PARAM_TEAR_03",
      "Segments": [
        0,
        0,
        0,
        2.83,
        0
      ]
    },
    {
      "Target": "Parameter",
      "Id": "PARAM_TEAR_03_MOVE",
      "Segments": [
        0,
        0,
        0,
        2.83,
        0
      ]
    },
    {
      "Target": "Parameter",
      "Id": "PARAM_SWEAT",
      "Segments": [
        0,
        0,
        0,
        2.83,
        0
      ]
    },
    {
      "Target": "Parameter",
      "Id": "PARAM_SWEAT_MOVE",
      "Segments": [
        0,
        0,
        0,
        2.83,
        0
      ]
    },
    {
      "Target": "Parameter",
      "Id": "PARAM_EYE_WHITE_00",
      "Segments": [
        0,
        1,
        0,
        2.83,
        1
      ]
    },
    {
      "Target": "Parameter",
      "Id": "PARAM_EYE_WHITE_01",
      "Segments": [
        0,
        0,
        0,
        2.83,
        0
      ]
    },
    {
      "Target": "Parameter",
      "Id": "PARAM_EYE_01",
      "Segments": [
        0,
        1,
        0,
        2.83,
        1
      ]
    },
    {
      "Target": "Parameter",
      "Id": "PARAM_EYE_02",
      "Segments": [
        0,
        0,
        0,
        2.83,
        0
      ]
    },
    {
      "Target": "Parameter",
      "Id": "PARAM_EYE_05",
      "Segments": [
        0,
        0,
        0,
        2.83,
        0
      ]
    },
    {
      "Target": "Parameter",
      "Id": "PARAM_MOUTH_01",
      "Segments": [
        0,
        1,
        0,
        2.83,
        1
      ]
    },
    {
      "Target": "Parameter",
      "Id": "PARAM_MOUTH_02",
      "Segments": [
        0,
        0,
        0,
        2.83,
        0
      ]
    },
    {
      "Target": "Parameter",
      "Id": "PARAM_BROW_01",
      "Segments": [
        0,
        1,
        0,
        2.83,
        1
      ]
    },
    {
      "Target": "Parameter",
      "Id": "PARAM_HAND_R_01",
      "Segments": [
        0,
        0,
        0,
        2.83,
        0
      ]
    },
    {
      "Target": "Parameter",
      "Id": "PARAM_HAND_R_02",
      "Segments": [
        0,
        0,
        0,
        2.83,
        0
      ]
    },
    {
      "Target": "Parameter",
      "Id": "PARAM_HAND_R_04",
      "Segments": [
        0,
        0,
        0,
        2.83,
        0
      ]
    },
    {
      "Target": "Parameter",
      "Id": "PARAM_HAND_R_05",
      "Segments": [
        0,
        0,
        0,
        2.83,
        0
      ]
    },
    {
      "Target": "Parameter",
      "Id": "PARAM_HAND_R_07",
      "Segments": [
        0,
        0,
        0,
        2.83,
        0
      ]
    },
    {
      "Target": "Parameter",
      "Id": "PARAM_HAND_R_08",
      "Segments": [
        0,
        0,
        0,
        2.83,
        0
      ]
    },
    {
      "Target": "Parameter",
      "Id": "PARAM_HAND_R_09",
      "Segments": [
        0,
        0,
        0,
        2.83,
        0
      ]
    },
    {
      "Target": "Parameter",
      "Id": "PARAM_HAND_R_10",
      "Segments": [
        0,
        0,
        0,
        2.83,
        0
      ]
    },
    {
      "Target": "Parameter",
      "Id": "PARAM_HAND_R_11",
      "Segments": [
        0,
        0,
        0,
        2.83,
        0
      ]
    },
    {
      "Target": "Parameter",
      "Id": "PARAM_HAND_R_12",
      "Segments": [
        0,
        0,
        0,
        2.83,
        0
      ]
    },
    {
      "Target": "Parameter",
      "Id": "PARAM_HAND_L_01",
      "Segments": [
        0,
        0,
        0,
        2.83,
        0
      ]
    },
    {
      "Target": "Parameter",
      "Id": "PARAM_HAND_L_02",
      "Segments": [
        0,
        0,
        0,
        2.83,
        0
      ]
    },
    {
      "Target": "Parameter",
      "Id": "PARAM_HAND_L_04",
      "Segments": [
        0,
        0,
        0,
        2.83,
        0
      ]
    },
    {
      "Target": "Parameter",
      "Id": "PARAM_HAND_L_05",
      "Segments": [
        0,
        0,
        0,
        2.83,
        0
      ]
    },
    {
      "Target": "Parameter",
      "Id": "PARAM_HAND_L_07",
      "Segments": [
        0,
        0,
        0,
        2.83,
        0
      ]
    },
    {
      "Target": "Parameter",
      "Id": "PARAM_HAND_L_08",
      "Segments": [
        0,
        0,
        0,
        2.83,
        0
      ]
    },
    {
      "Target": "Parameter",
      "Id": "PARAM_HAND_L_09",
      "Segments": [
        0,
        0,
        0,
        2.83,
        0
      ]
    },
    {
      "Target": "Parameter",
      "Id": "PARAM_HAND_L_10",
      "Segments": [
        0,
        0,
        0,
        2.83,
        0
      ]
    },
    {
      "Target": "Parameter",
      "Id": "PARAM_HAND_L_11",
      "Segments": [
        0,
        0,
        0,
        2.83,
        0
      ]
    },
    {
      "Target": "Parameter",
      "Id": "PARAM_HAND_L_12",
      "Segments": [
        0,
        0,
        0,
        2.83,
        0
      ]
    },
    {
      "Target": "Parameter",
      "Id": "PARAM_UPPER_BODY_FLUFFY",
      "Segments": [
        0,
        0,
        0,
        2.83,
        0
      ]
    },
    {
      "Target": "Parameter",
      "Id": "PARAM_LOWER_BODY_FLUFFY",
      "Segments": [
        0,
        0,
        0,
        2.83,
        0
      ]
    },
    {
      "Target": "Parameter",
      "Id": "PARAM_COLLAR_SHAKE_01",
      "Segments": [
        0,
        0,
        0,
        2.83,
        0
      ]
    },
    {
      "Target": "PartOpacity",
      "Id": "PartCore",
      "Segments": [
        0,
        1,
        0,
        2.83,
        1
      ]
    },
    {
      "Target": "PartOpacity",
      "Id": "PartUpperBody",
      "Segments": [
        0,
        1,
        0,
        2.83,
        1
      ]
    },
    {
      "Target": "PartOpacity",
      "Id": "PartArmR",
      "Segments": [
        0,
        1,
        0,
        2.83,
        1
      ]
    },
    {
      "Target": "PartOpacity",
      "Id": "PartHandR",
      "Segments": [
        0,
        1,
        0,
        2.83,
        1
      ]
    },
    {
      "Target": "PartOpacity",
      "Id": "PartFoot",
      "Segments": [
        0,
        1,
        0,
        2.83,
        1
      ]
    }
  ],
  "UserData": []
}