{
  "Version": 3,
  "Meta": {
    "Duration": 3.33,
    "Fps": 30.0,
    "Loop": true,
    "AreBeziersRestricted": true,
    "CurveCount": 113,
    "TotalSegmentCount": 272,
    "TotalPointCount": 362,
    "UserDataCount": 0,
    "TotalUserDataSize": 0
  },
  "Curves": [
    {
      "Target": "Parameter",
      "Id": "PARAM_ANGLE_X",
      "Segments": [
        0,
        9.069,
        1,
        0.078,
        9.069,
        0.155,
        9.635,
        0.233,
        8.069,
        1,
        0.466,
        3.372,
        0.7,
        -16.986,
        0.933,
        -20.964,
        1,
        1.122,
        -24.184,
        1.311,
        -23.888,
        1.5,
        -23.888,
        0,
        2,
        11.25,
        0,
        2.333,
        10.03,
        2,
        3.333,
        10.03
      ]
    },
    {
      "Target": "Parameter",
      "Id": "PARAM_ANGLE_Y",
      "Segments": [
        0,
        0.987,
        0,
        0.7,
        -24,
        0,
        1.3,
        -0.402,
        1,
        1.444,
        -0.402,
        1.589,
        0.098,
        1.733,
        -2.612,
        1,
        1.922,
        -6.157,
        2.111,
        -25.373,
        2.3,
        -25.373,
        2,
        3.333,
        -25.373
      ]
    },
    {
      "Target": "Parameter",
      "Id": "PARAM_ANGLE_Z",
      "Segments": [
        0,
        9.459,
        1,
        0.233,
        9.459,
        0.467,
        -10.376,
        0.7,
        -15.778,
        1,
        0.911,
        -20.665,
        1.122,
        -20.27,
        1.333,
        -20.27,
        1,
        1.422,
        -20.27,
        1.511,
        -20.311,
        1.6,
        -20.165,
        1,
        1.7,
        -20.001,
        1.8,
        25.665,
        1.9,
        25.665,
        0,
        2.367,
        24.434,
        2,
        3.333,
        24.434
      ]
    },
    {
      "Target": "Parameter",
      "Id": "PARAM_EYE_R_OPEN",
      "Segments": [
        0,
        1.494,
        0,
        0.033,
        1.5,
        1,
        0.211,
        1.5,
        0.389,
        1.489,
        0.567,
        1.351,
        1,
        0.678,
        1.265,
        0.789,
        1,
        0.9,
        1,
        0,
        1.467,
        1.108,
        0,
        1.867,
        0.005,
        2,
        3.333,
        0.005
      ]
    },
    {
      "Target": "Parameter",
      "Id": "PARAM_EYE_R_SMILE",
      "Segments": [
        0,
        0,
        2,
        1,
        0,
        1,
        1.222,
        -0.001,
        1.445,
        -1,
        1.667,
        -1,
        2,
        3.333,
        -1
      ]
    },
    {
      "Target": "Parameter",
      "Id": "PARAM_EYE_L_OPEN",
      "Segments": [
        0,
        1.494,
        0,
        0.033,
        1.5,
        1,
        0.211,
        1.5,
        0.389,
        1.489,
        0.567,
        1.351,
        1,
        0.678,
        1.265,
        0.789,
        1,
        0.9,
        1,
        0,
        1.467,
        1.108,
        0,
        1.867,
        0.005,
        2,
        3.333,
        0.005
      ]
    },
    {
      "Target": "Parameter",
      "Id": "PARAM_EYE_L_SMILE",
      "Segments": [
        0,
        0,
        2,
        1,
        0,
        1,
        1.222,
        -0.001,
        1.445,
        -1,
        1.667,
        -1,
        2,
        3.333,
        -1
      ]
    },
    {
      "Target": "Parameter",
      "Id": "PARAM_EYE_BALL_X",
      "Segments": [
        0,
        -0.195,
        1,
        0.111,
        -0.195,
        0.222,
        -0.137,
        0.333,
        0,
        1,
        0.422,
        0.11,
        0.511,
        0.277,
        0.6,
        0.354,
        1,
        0.689,
        0.43,
        0.778,
        0.439,
        0.867,
        0.439,
        1,
        0.978,
        0.439,
        1.089,
        0.439,
        1.2,
        0.236,
        1,
        1.3,
        0.052,
        1.4,
        -0.392,
        1.5,
        -0.392,
        0,
        1.9,
        0.802,
        2,
        3.333,
        0.802
      ]
    },
    {
      "Target": "Parameter",
      "Id": "PARAM_EYE_BALL_Y",
      "Segments": [
        0,
        0.212,
        0,
        0.6,
        0.3,
        1,
        0.767,
        0.3,
        0.933,
        0.299,
        1.1,
        0.296,
        0,
        1.2,
        0.096,
        0,
        1.667,
        1,
        2,
        3.333,
        1
      ]
    },
    {
      "Target": "Parameter",
      "Id": "PARAM_BROW_R_FORM",
      "Segments": [
        0,
        0,
        2,
        0.4,
        0,
        0,
        1.2,
        -0.05,
        2,
        3.333,
        -0.05
      ]
    },
    {
      "Target": "Parameter",
      "Id": "PARAM_BROW_R_Y",
      "Segments": [
        0,
        0,
        2,
        0.4,
        0,
        0,
        1.2,
        -0.3,
        2,
        3.333,
        -0.3
      ]
    },
    {
      "Target": "Parameter",
      "Id": "PARAM_BROW_R_X",
      "Segments": [
        0,
        0,
        2,
        0.4,
        0,
        0,
        1.2,
        0.2,
        2,
        3.333,
        0.2
      ]
    },
    {
      "Target": "Parameter",
      "Id": "PARAM_BROW_R_ANGLE",
      "Segments": [
        0,
        0,
        2,
        0.4,
        0,
        0,
        1.2,
        0.2,
        2,
        3.333,
        0.2
      ]
    },
    {
      "Target": "Parameter",
      "Id": "PARAM_BROW_L_FORM",
      "Segments": [
        0,
        0,
        2,
        0.4,
        0,
        0,
        1.2,
        -0.05,
        2,
        3.333,
        -0.05
      ]
    },
    {
      "Target": "Parameter",
      "Id": "PARAM_BROW_L_Y",
      "Segments": [
        0,
        0,
        2,
        0.4,
        0,
        0,
        1.2,
        -0.3,
        2,
        3.333,
        -0.3
      ]
    },
    {
      "Target": "Parameter",
      "Id": "PARAM_BROW_L_X",
      "Segments": [
        0,
        0,
        2,
        0.4,
        0,
        0,
        1.2,
        0.2,
        2,
        3.333,
        0.2
      ]
    },
    {
      "Target": "Parameter",
      "Id": "PARAM_BROW_L_ANGLE",
      "Segments": [
        0,
        0,
        2,
        0.4,
        0,
        0,
        1.2,
        0.2,
        2,
        3.333,
        0.2
      ]
    },
    {
      "Target": "Parameter",
      "Id": "PARAM_SHOULDER_R_ROTATE",
      "Segments": [
        0,
        -31.484,
        0,
        0.333,
        -35,
        1,
        0.711,
        -35,
        1.089,
        -34.99,
        1.467,
        -34.936,
        1,
        1.567,
        -34.922,
        1.667,
        2.129,
        1.767,
        2.129,
        0,
        2.1,
        -0.073,
        0,
        2.4,
        0.84,
        2,
        3.333,
        0.84
      ]
    },
    {
      "Target": "Parameter",
      "Id": "PARAM_ARM_R_ROTATE",
      "Segments": [
        0,
        16.928,
        0,
        0.4,
        19.511,
        1,
        0.767,
        19.511,
        1.133,
        19.432,
        1.5,
        18.936,
        1,
        1.611,
        18.786,
        1.722,
        0.909,
        1.833,
        0.909,
        0,
        2.167,
        3.802,
        2,
        3.333,
        3.802
      ]
    },
    {
      "Target": "Parameter",
      "Id": "PARAM_HAND_R_ROTATE",
      "Segments": [
        0,
        22.923,
        0,
        0.467,
        30,
        1,
        0.811,
        30,
        1.156,
        29.658,
        1.5,
        27.863,
        1,
        1.6,
        27.342,
        1.7,
        -1.575,
        1.8,
        -1.575,
        0,
        2.267,
        7.425,
        2,
        3.333,
        7.425
      ]
    },
    {
      "Target": "Parameter",
      "Id": "PARAM_SHOULDER_L_ROTATE",
      "Segments": [
        0,
        -3.877,
        0,
        0.2,
        1.572,
        1,
        0.411,
        1.572,
        0.622,
        -1.098,
        0.833,
        -4.902,
        1,
        1.044,
        -8.706,
        1.256,
        -10.013,
        1.467,
        -10.013,
        0,
        1.7,
        0.477,
        0,
        2.2,
        -2.939,
        0,
        2.467,
        -2.265,
        2,
        3.333,
        -2.265
      ]
    },
    {
      "Target": "Parameter",
      "Id": "PARAM_ARM_L_ROTATE",
      "Segments": [
        0,
        -1.061,
        0,
        1.6,
        -2.525,
        0,
        1.8,
        2.343,
        0,
        2.133,
        0.55,
        0,
        2.4,
        1.203,
        2,
        3.333,
        1.203
      ]
    },
    {
      "Target": "Parameter",
      "Id": "PARAM_HAND_L_ROTATE",
      "Segments": [
        0,
        -6.707,
        1,
        0.111,
        -6.707,
        0.222,
        -5.747,
        0.333,
        -5.191,
        1,
        0.478,
        -4.468,
        0.622,
        -4.383,
        0.767,
        -4.383,
        0,
        1.433,
        -8,
        1,
        1.5,
        -8,
        1.566,
        -7.934,
        1.633,
        -3.813,
        1,
        1.744,
        3.055,
        1.856,
        11.415,
        1.967,
        11.415,
        0,
        2.167,
        6.491,
        2,
        3.333,
        6.491
      ]
    },
    {
      "Target": "Parameter",
      "Id": "PARAM_BODY_ANGLE_X",
      "Segments": [
        0,
        -7.682,
        0,
        0.4,
        5.647,
        1,
        0.467,
        5.647,
        0.533,
        5.819,
        0.6,
        4.29,
        1,
        0.722,
        1.487,
        0.845,
        -2.973,
        0.967,
        -2.973,
        0,
        1.167,
        -2.235,
        0,
        1.533,
        -2.714,
        2,
        3.333,
        -2.714
      ]
    },
    {
      "Target": "Parameter",
      "Id": "PARAM_BODY_ANGLE_Y",
      "Segments": [
        0,
        -0.112,
        1,
        0.122,
        -0.112,
        0.245,
        -0.268,
        0.367,
        -0.983,
        1,
        0.567,
        -2.153,
        0.767,
        -3.029,
        0.967,
        -3.029,
        2,
        1.167,
        -3.029,
        0,
        2.067,
        -9.735,
        2,
        3.333,
        -9.735
      ]
    },
    {
      "Target": "Parameter",
      "Id": "PARAM_BODY_ANGLE_Z",
      "Segments": [
        0,
        0.078,
        0,
        0.5,
        -8.76,
        1,
        0.722,
        -8.76,
        0.945,
        -7.528,
        1.167,
        -4.189,
        1,
        1.367,
        -1.183,
        1.567,
        3.856,
        1.767,
        5.919,
        1,
        1.867,
        6.951,
        1.967,
        6.804,
        2.067,
        6.804,
        2,
        3.333,
        6.804
      ]
    },
    {
      "Target": "Parameter",
      "Id": "PARAM_STRETCH",
      "Segments": [
        0,
        0.09,
        0,
        0.433,
        -0.119,
        0,
        1.067,
        -0.008,
        1,
        1.178,
        -0.008,
        1.289,
        0.005,
        1.4,
        -0.049,
        1,
        1.578,
        -0.135,
        1.755,
        -0.374,
        1.933,
        -0.374,
        0,
        2.2,
        -0.353,
        2,
        3.333,
        -0.353
      ]
    },
    {
      "Target": "Parameter",
      "Id": "PARAM_SHOLDER_POSITION",
      "Segments": [
        0,
        1.801,
        0,
        0.533,
        10,
        0,
        1.1,
        6,
        2,
        3.333,
        6
      ]
    },
    {
      "Target": "Parameter",
      "Id": "PARAM_ROTATION_Z",
      "Segments": [
        0,
        0.193,
        0,
        0.267,
        0.583,
        0,
        1,
        0,
        2,
        1.3,
        0,
        0,
        1.667,
        0.197,
        0,
        1.933,
        0,
        2,
        3.333,
        0
      ]
    },
    {
      "Target": "Parameter",
      "Id": "PARAM_HAIR_FRONT",
      "Segments": [
        0,
        0.187,
        0,
        0.167,
        -0.17,
        0,
        0.433,
        0.07,
        0,
        0.6,
        -0.183,
        0,
        0.7,
        -0.146,
        0,
        1.033,
        -0.412,
        0,
        1.267,
        -0.109,
        0,
        1.633,
        -0.362,
        0,
        2.1,
        0.477,
        0,
        2.333,
        0.237,
        0,
        2.533,
        0.306,
        0,
        2.7,
        0.287,
        0,
        2.933,
        0.295,
        0,
        3.133,
        0.292,
        2,
        3.333,
        0.292
      ]
    },
    {
      "Target": "Parameter",
      "Id": "PARAM_HAIR_SIDE",
      "Segments": [
        0,
        0.18,
        0,
        0.267,
        -0.179,
        0,
        0.5,
        0.037,
        0,
        1.033,
        -0.314,
        0,
        1.367,
        -0.064,
        0,
        1.633,
        -0.288,
        0,
        2.067,
        0.445,
        0,
        2.4,
        0.148,
        0,
        2.667,
        0.261,
        0,
        2.967,
        0.216,
        1,
        3.089,
        0.216,
        3.211,
        0.219,
        3.333,
        0.223
      ]
    },
    {
      "Target": "Parameter",
      "Id": "PARAM_HAIR_BACK_01",
      "Segments": [
        0,
        0.163,
        0,
        0.167,
        -0.149,
        0,
        0.433,
        0.061,
        0,
        0.6,
        -0.16,
        0,
        0.7,
        -0.127,
        0,
        1.033,
        -0.36,
        0,
        1.267,
        -0.095,
        0,
        1.633,
        -0.316,
        0,
        2.1,
        0.417,
        0,
        2.333,
        0.207,
        0,
        2.533,
        0.267,
        0,
        2.7,
        0.251,
        0,
        2.933,
        0.257,
        0,
        3.133,
        0.255,
        2,
        3.333,
        0.255
      ]
    },
    {
      "Target": "Parameter",
      "Id": "PARAM_FLUFFY",
      "Segments": [
        0,
        -0.018,
        0,
        0.233,
        0.4,
        0,
        0.8,
        -0.265,
        0,
        1.533,
        0.311,
        0,
        1.967,
        -0.315,
        0,
        2.367,
        0.155,
        0,
        2.733,
        -0.074,
        0,
        3.133,
        0.036,
        2,
        3.333,
        0.036
      ]
    },
    {
      "Target": "Parameter",
      "Id": "PARAM_HAND_R_06",
      "Segments": [
        0,
        0,
        2,
        1.633,
        0,
        1,
        1.644,
        0.333,
        1.656,
        0.667,
        1.667,
        1,
        2,
        3.333,
        1
      ]
    },
    {
      "Target": "Parameter",
      "Id": "PARAM_HAND_R_09",
      "Segments": [
        0,
        1,
        2,
        1.633,
        1,
        0,
        1.667,
        0,
        2,
        3.333,
        0
      ]
    },
    {
      "Target": "Parameter",
      "Id": "PARAM_HAND_L_01",
      "Segments": [
        0,
        1,
        2,
        1.633,
        1,
        0,
        1.667,
        0,
        2,
        3.333,
        0
      ]
    },
    {
      "Target": "Parameter",
      "Id": "PARAM_HAND_L_06",
      "Segments": [
        0,
        0,
        2,
        1.633,
        0,
        1,
        1.644,
        0.333,
        1.656,
        0.667,
        1.667,
        1,
        2,
        3.333,
        1
      ]
    },
    {
      "Target": "Model",
      "Id": "Opacity",
      "Segments": [
        0,
        1,
        0,
        3.33,
        1
      ]
    },
    {
      "Target": "Parameter",
      "Id": "PARAM_EYE_FORM",
      "Segments": [
        0,
        0,
        0,
        3.33,
        0
      ]
    },
    {
      "Target": "Parameter",
      "Id": "PARAM_EYE_SCALE",
      "Segments": [
        0,
        0,
        0,
        3.33,
        0
      ]
    },
    {
      "Target": "Parameter",
      "Id": "PARAM_TEAR_LEAP_01",
      "Segments": [
        0,
        0,
        0,
        3.33,
        0
      ]
    },
    {
      "Target": "Parameter",
      "Id": "EYE_TWINKLE_01",
      "Segments": [
        0,
        0,
        0,
        3.33,
        0
      ]
    },
    {
      "Target": "Parameter",
      "Id": "PARAM_LIGHT",
      "Segments": [
        0,
        0,
        0,
        3.33,
        0
      ]
    },
    {
      "Target": "Parameter",
      "Id": "PARAM_MOUTH_OPEN_Y",
      "Segments": [
        0,
        0,
        0,
        3.33,
        0
      ]
    },
    {
      "Target": "Parameter",
      "Id": "PARAM_MOUTH_FORM_01",
      "Segments": [
        0,
        0.4,
        0,
        3.33,
        0.4
      ]
    },
    {
      "Target": "Parameter",
      "Id": "PARAM_MOUTH_POS_Y",
      "Segments": [
        0,
        0.4,
        0,
        3.33,
        0.4
      ]
    },
    {
      "Target": "Parameter",
      "Id": "PARAM_MOUTH_SCALE",
      "Segments": [
        0,
        0,
        0,
        3.33,
        0
      ]
    },
    {
      "Target": "Parameter",
      "Id": "PARAM_MOUTH_SCALE_Y",
      "Segments": [
        0,
        0,
        0,
        3.33,
        0
      ]
    },
    {
      "Target": "Parameter",
      "Id": "PARAM_ARM_R_ORDER",
      "Segments": [
        0,
        1,
        0,
        3.33,
        1
      ]
    },
    {
      "Target": "Parameter",
      "Id": "PARAM_ARM_L_ORDER",
      "Segments": [
        0,
        1,
        0,
        3.33,
        1
      ]
    },
    {
      "Target": "Parameter",
      "Id": "PARAM_BREATH",
      "Segments": [
        0,
        0,
        0,
        3.33,
        0
      ]
    },
    {
      "Target": "Parameter",
      "Id": "PARAM_POSITION_X",
      "Segments": [
        0,
        0,
        0,
        3.33,
        0
      ]
    },
    {
      "Target": "Parameter",
      "Id": "PARAM_POSITION_Y",
      "Segments": [
        0,
        0,
        0,
        3.33,
        0
      ]
    },
    {
      "Target": "Parameter",
      "Id": "PARAM_FACE_SHADOW",
      "Segments": [
        0,
        0,
        0,
        3.33,
        0
      ]
    },
    {
      "Target": "Parameter",
      "Id": "PARAM_FACE_CHANGE",
      "Segments": [
        0,
        0,
        0,
        3.33,
        0
      ]
    },
    {
      "Target": "Parameter",
      "Id": "PARAM_CHEEK_01",
      "Segments": [
        0,
        1,
        0,
        3.33,
        1
      ]
    },
    {
      "Target": "Parameter",
      "Id": "PARAM_CHEEK_02",
      "Segments": [
        0,
        0,
        0,
        3.33,
        0
      ]
    },
    {
      "Target": "Parameter",
      "Id": "PARAM_CHEEK_03",
      "Segments": [
        0,
        0,
        0,
        3.33,
        0
      ]
    },
    {
      "Target": "Parameter",
      "Id": "PARAM_CHEEK_04",
      "Segments": [
        0,
        0,
        0,
        3.33,
        0
      ]
    },
    {
      "Target": "Parameter",
      "Id": "PARAM_CHEEK_05",
      "Segments": [
        0,
        0,
        0,
        3.33,
        0
      ]
    },
    {
      "Target": "Parameter",
      "Id": "PARAM_TEAR_01",
      "Segments": [
        0,
        0,
        0,
        3.33,
        0
      ]
    },
    {
      "Target": "Parameter",
      "Id": "PARAM_TEAR_02",
      "Segments": [
        0,
        0,
        0,
        3.33,
        0
      ]
    },
    {
      "Target": "Parameter",
      "Id": "PARAM_TEAR_02_MOVE",
      "Segments": [
        0,
        0,
        0,
        3.33,
        0
      ]
    },
    {
      "Target": "Parameter",
      "Id": "PARAM_TEAR_03",
      "Segments": [
        0,
        0,
        0,
        3.33,
        0
      ]
    },
    {
      "Target": "Parameter",
      "Id": "PARAM_TEAR_03_MOVE",
      "Segments": [
        0,
        0,
        0,
        3.33,
        0
      ]
    },
    {
      "Target": "Parameter",
      "Id": "PARAM_SWEAT",
      "Segments": [
        0,
        0,
        0,
        3.33,
        0
      ]
    },
    {
      "Target": "Parameter",
      "Id": "PARAM_SWEAT_MOVE",
      "Segments": [
        0,
        0,
        0,
        3.33,
        0
      ]
    },
    {
      "Target": "Parameter",
      "Id": "PARAM_EYE_WHITE_00",
      "Segments": [
        0,
        1,
        0,
        3.33,
        1
      ]
    },
    {
      "Target": "Parameter",
      "Id": "PARAM_EYE_WHITE_01",
      "Segments": [
        0,
        0,
        0,
        3.33,
        0
      ]
    },
    {
      "Target": "Parameter",
      "Id": "PARAM_EYE_01",
      "Segments": [
        0,
        1,
        0,
        3.33,
        1
      ]
    },
    {
      "Target": "Parameter",
      "Id": "PARAM_EYE_02",
      "Segments": [
        0,
        0,
        0,
        3.33,
        0
      ]
    },
    {
      "Target": "Parameter",
      "Id": "PARAM_EYE_05",
      "Segments": [
        0,
        0,
        0,
        3.33,
        0
      ]
    },
    {
      "Target": "Parameter",
      "Id": "PARAM_MOUTH_01",
      "Segments": [
        0,
        1,
        0,
        3.33,
        1
      ]
    },
    {
      "Target": "Parameter",
      "Id": "PARAM_MOUTH_02",
      "Segments": [
        0,
        0,
        0,
        3.33,
        0
      ]
    },
    {
      "Target": "Parameter",
      "Id": "PARAM_BROW_01",
      "Segments": [
        0,
        1,
        0,
        3.33,
        1
      ]
    },
    {
      "Target": "Parameter",
      "Id": "PARAM_HAND_R_01",
      "Segments": [
        0,
        0,
        0,
        3.33,
        0
      ]
    },
    {
      "Target": "Parameter",
      "Id": "PARAM_HAND_R_02",
      "Segments": [
        0,
        0,
        0,
        3.33,
        0
      ]
    },
    {
      "Target": "Parameter",
      "Id": "PARAM_HAND_R_03",
      "Segments": [
        0,
        0,
        0,
        3.33,
        0
      ]
    },
    {
      "Target": "Parameter",
      "Id": "PARAM_HAND_R_04",
      "Segments": [
        0,
        0,
        0,
        3.33,
        0
      ]
    },
    {
      "Target": "Parameter",
      "Id": "PARAM_HAND_R_05",
      "Segments": [
        0,
        0,
        0,
        3.33,
        0
      ]
    },
    {
      "Target": "Parameter",
      "Id": "PARAM_HAND_R_07",
      "Segments": [
        0,
        0,
        0,
        3.33,
        0
      ]
    },
    {
      "Target": "Parameter",
      "Id": "PARAM_HAND_R_08",
      "Segments": [
        0,
        0,
        0,
        3.33,
        0
      ]
    },
    {
      "Target": "Parameter",
      "Id": "PARAM_HAND_R_10",
      "Segments": [
        0,
        0,
        0,
        3.33,
        0
      ]
    },
    {
      "Target": "Parameter",
      "Id": "PARAM_HAND_R_11",
      "Segments": [
        0,
        0,
        0,
        3.33,
        0
      ]
    },
    {
      "Target": "Parameter",
      "Id": "PARAM_HAND_R_12",
      "Segments": [
        0,
        0,
        0,
        3.33,
        0
      ]
    },
    {
      "Target": "Parameter",
      "Id": "PARAM_HAND_L_02",
      "Segments": [
        0,
        0,
        0,
        3.33,
        0
      ]
    },
    {
      "Target": "Parameter",
      "Id": "PARAM_HAND_L_03",
      "Segments": [
        0,
        0,
        0,
        3.33,
        0
      ]
    },
    {
      "Target": "Parameter",
      "Id": "PARAM_HAND_L_04",
      "Segments": [
        0,
        0,
        0,
        3.33,
        0
      ]
    },
    {
      "Target": "Parameter",
      "Id": "PARAM_HAND_L_05",
      "Segments": [
        0,
        0,
        0,
        3.33,
        0
      ]
    },
    {
      "Target": "Parameter",
      "Id": "PARAM_HAND_L_07",
      "Segments": [
        0,
        0,
        0,
        3.33,
        0
      ]
    },
    {
      "Target": "Parameter",
      "Id": "PARAM_HAND_L_08",
      "Segments": [
        0,
        0,
        0,
        3.33,
        0
      ]
    },
    {
      "Target": "Parameter",
      "Id": "PARAM_HAND_L_09",
      "Segments": [
        0,
        0,
        0,
        3.33,
        0
      ]
    },
    {
      "Target": "Parameter",
      "Id": "PARAM_HAND_L_10",
      "Segments": [
        0,
        0,
        0,
        3.33,
        0
      ]
    },
    {
      "Target": "Parameter",
      "Id": "PARAM_HAND_L_11",
      "Segments": [
        0,
        0,
        0,
        3.33,
        0
      ]
    },
    {
      "Target": "Parameter",
      "Id": "PARAM_HAND_L_12",
      "Segments": [
        0,
        0,
        0,
        3.33,
        0
      ]
    },
    {
      "Target": "Parameter",
      "Id": "PARAM_UPPER_BODY_FLUFFY",
      "Segments": [
        0,
        0,
        0,
        3.33,
        0
      ]
    },
    {
      "Target": "Parameter",
      "Id": "PARAM_LOWER_BODY_FLUFFY",
      "Segments": [
        0,
        0,
        0,
        3.33,
        0
      ]
    },
    {
      "Target": "Parameter",
      "Id": "PARAM_COLLAR_SHAKE_01",
      "Segments": [
        0,
        0,
        0,
        3.33,
        0
      ]
    },
    {
      "Target": "PartOpacity",
      "Id": "PartCore",
      "Segments": [
        0,
        1,
        0,
        3.33,
        1
      ]
    },
    {
      "Target": "PartOpacity",
      "Id": "PartFrontHair",
      "Segments": [
        0,
        1,
        0,
        3.33,
        1
      ]
    },
    {
      "Target": "PartOpacity",
      "Id": "PartEyeL",
      "Segments": [
        0,
        1,
        0,
        3.33,
        1
      ]
    },
    {
      "Target": "PartOpacity",
      "Id": "PartEyeR",
      "Segments": [
        0,
        1,
        0,
        3.33,
        1
      ]
    },
    {
      "Target": "PartOpacity",
      "Id": "PartCheek",
      "Segments": [
        0,
        1,
        0,
        3.33,
        1
      ]
    },
    {
      "Target": "PartOpacity",
      "Id": "PartHead",
      "Segments": [
        0,
        1,
        0,
        3.33,
        1
      ]
    },
    {
      "Target": "PartOpacity",
      "Id": "PartBackHair",
      "Segments": [
        0,
        1,
        0,
        3.33,
        1
      ]
    },
    {
      "Target": "PartOpacity",
      "Id": "PartExpression",
      "Segments": [
        0,
        1,
        0,
        3.33,
        1
      ]
    },
    {
      "Target": "PartOpacity",
      "Id": "PartNeck",
      "Segments": [
        0,
        1,
        0,
        3.33,
        1
      ]
    },
    {
      "Target": "PartOpacity",
      "Id": "PartUpperBody",
      "Segments": [
        0,
        1,
        0,
        3.33,
        1
      ]
    },
    {
      "Target": "PartOpacity",
      "Id": "PartArmR",
      "Segments": [
        0,
        1,
        0,
        3.33,
        1
      ]
    },
    {
      "Target": "PartOpacity",
      "Id": "PartHandR",
      "Segments": [
        0,
        1,
        0,
        3.33,
        1
      ]
    },
    {
      "Target": "PartOpacity",
      "Id": "PartArmL",
      "Segments": [
        0,
        1,
        0,
        3.33,
        1
      ]
    },
    {
      "Target": "PartOpacity",
      "Id": "PartHandL2",
      "Segments": [
        0,
        1,
        0,
        3.33,
        1
      ]
    },
    {
      "Target": "PartOpacity",
      "Id": "PartFoot",
      "Segments": [
        0,
        1,
        0,
        3.33,
        1
      ]
    }
  ],
  "UserData": []
}