{
  "Version": 3,
  "Meta": {
    "Duration": 3.17,
    "Fps": 30.0,
    "Loop": true,
    "AreBeziersRestricted": true,
    "CurveCount": 104,
    "TotalSegmentCount": 243,
    "TotalPointCount": 321,
    "UserDataCount": 0,
    "TotalUserDataSize": 0
  },
  "Curves": [
    {
      "Target": "Parameter",
      "Id": "PARAM_ANGLE_X",
      "Segments": [
        0,
        15.037,
        0,
        0.167,
        15.178,
        1,
        0.322,
        15.178,
        0.478,
        4.549,
        0.633,
        -3.362,
        1,
        0.755,
        -9.578,
        0.878,
        -10,
        1,
        -10,
        1,
        1.111,
        -10,
        1.222,
        -10.057,
        1.333,
        -7.934,
        1,
        1.433,
        -6.023,
        1.533,
        9.68,
        1.633,
        11,
        1,
        1.811,
        13.347,
        1.989,
        13.526,
        2.167,
        13.526,
        2,
        3.167,
        13.526
      ]
    },
    {
      "Target": "Parameter",
      "Id": "PARAM_ANGLE_Y",
      "Segments": [
        0,
        -8.964,
        0,
        0.2,
        -8.871,
        1,
        0.344,
        -8.871,
        0.489,
        -15.128,
        0.633,
        -20.253,
        1,
        0.733,
        -23.801,
        0.833,
        -24,
        0.933,
        -24,
        1,
        1.055,
        -24,
        1.178,
        -22.584,
        1.3,
        -12.747,
        1,
        1.389,
        -5.593,
        1.478,
        8,
        1.567,
        8,
        0,
        1.967,
        7.353,
        2,
        3.167,
        7.353
      ]
    },
    {
      "Target": "Parameter",
      "Id": "PARAM_ANGLE_Z",
      "Segments": [
        0,
        -2.8,
        0,
        0.2,
        -2.562,
        1,
        0.344,
        -2.562,
        0.489,
        -18.118,
        0.633,
        -27.283,
        1,
        0.689,
        -30.808,
        0.744,
        -30,
        0.8,
        -30,
        1,
        0.933,
        -30,
        1.067,
        -29.398,
        1.2,
        -22.972,
        1,
        1.3,
        -18.153,
        1.4,
        9.595,
        1.5,
        12,
        1,
        1.667,
        16.009,
        1.833,
        16.323,
        2,
        16.323,
        2,
        3.167,
        16.323
      ]
    },
    {
      "Target": "Parameter",
      "Id": "PARAM_EYE_R_OPEN",
      "Segments": [
        0,
        1.418,
        1,
        0.167,
        1.418,
        0.333,
        0.952,
        0.5,
        0.876,
        1,
        0.667,
        0.801,
        0.833,
        0.8,
        1,
        0.75,
        1,
        1.033,
        0.74,
        1.067,
        0,
        1.1,
        0,
        2,
        1.167,
        0,
        0,
        1.267,
        1,
        0,
        1.667,
        0.9,
        2,
        3.167,
        0.9
      ]
    },
    {
      "Target": "Parameter",
      "Id": "PARAM_EYE_R_SMILE",
      "Segments": [
        0,
        -1,
        2,
        0.5,
        -1,
        0,
        1.667,
        -0.5,
        2,
        3.167,
        -0.5
      ]
    },
    {
      "Target": "Parameter",
      "Id": "PARAM_EYE_L_OPEN",
      "Segments": [
        0,
        1.418,
        1,
        0.167,
        1.418,
        0.333,
        0.952,
        0.5,
        0.876,
        1,
        0.667,
        0.801,
        0.833,
        0.8,
        1,
        0.75,
        1,
        1.033,
        0.74,
        1.067,
        0,
        1.1,
        0,
        2,
        1.167,
        0,
        0,
        1.267,
        1,
        0,
        1.667,
        0.9,
        2,
        3.167,
        0.9
      ]
    },
    {
      "Target": "Parameter",
      "Id": "PARAM_EYE_L_SMILE",
      "Segments": [
        0,
        -1,
        2,
        0.5,
        -1,
        0,
        1.667,
        -0.5,
        2,
        3.167,
        -0.5
      ]
    },
    {
      "Target": "Parameter",
      "Id": "PARAM_EYE_BALL_X",
      "Segments": [
        0,
        -0.4,
        2,
        0.6,
        -0.4,
        2,
        1.1,
        -0.4,
        1,
        1.167,
        -0.4,
        1.233,
        0.036,
        1.3,
        0.477,
        1,
        1.333,
        0.698,
        1.367,
        0.7,
        1.4,
        0.7,
        2,
        1.667,
        0.7,
        2,
        3.167,
        0.7
      ]
    },
    {
      "Target": "Parameter",
      "Id": "PARAM_EYE_BALL_Y",
      "Segments": [
        0,
        -0.385,
        0,
        1.667,
        0.2,
        2,
        3.167,
        0.2
      ]
    },
    {
      "Target": "Parameter",
      "Id": "PARAM_BROW_R_FORM",
      "Segments": [
        0,
        -0.796,
        0,
        1.267,
        -0.7,
        2,
        3.167,
        -0.7
      ]
    },
    {
      "Target": "Parameter",
      "Id": "PARAM_BROW_R_Y",
      "Segments": [
        0,
        -0.5,
        2,
        1,
        -0.5,
        0,
        1.1,
        -0.8,
        2,
        1.167,
        -0.8,
        0,
        1.267,
        -0.5,
        2,
        3.167,
        -0.5
      ]
    },
    {
      "Target": "Parameter",
      "Id": "PARAM_BROW_L_FORM",
      "Segments": [
        0,
        -0.796,
        0,
        1.267,
        -0.7,
        2,
        3.167,
        -0.7
      ]
    },
    {
      "Target": "Parameter",
      "Id": "PARAM_BROW_L_Y",
      "Segments": [
        0,
        -0.5,
        2,
        1,
        -0.5,
        0,
        1.1,
        -0.8,
        2,
        1.167,
        -0.8,
        0,
        1.267,
        -0.5,
        2,
        3.167,
        -0.5
      ]
    },
    {
      "Target": "Parameter",
      "Id": "PARAM_MOUTH_FORM_01",
      "Segments": [
        0,
        -1.292,
        0,
        1.5,
        -1,
        2,
        3.167,
        -1
      ]
    },
    {
      "Target": "Parameter",
      "Id": "PARAM_MOUTH_SCALE",
      "Segments": [
        0,
        -0.8,
        2,
        0.8,
        -0.8,
        0,
        1.5,
        0,
        2,
        3.167,
        0
      ]
    },
    {
      "Target": "Parameter",
      "Id": "PARAM_SHOULDER_R_ROTATE",
      "Segments": [
        0,
        1,
        2,
        0.067,
        1,
        1,
        0.211,
        1,
        0.356,
        -5.942,
        0.5,
        -6.241,
        1,
        0.689,
        -6.633,
        0.878,
        -6.586,
        1.067,
        -6.586,
        0,
        1.667,
        -4,
        2,
        3.167,
        -4
      ]
    },
    {
      "Target": "Parameter",
      "Id": "PARAM_ARM_R_ROTATE",
      "Segments": [
        0,
        -0.914,
        0,
        0.067,
        -0.909,
        0,
        0.5,
        -2.05,
        2,
        1.067,
        -2.05,
        0,
        1.7,
        -1.42,
        2,
        3.167,
        -1.42
      ]
    },
    {
      "Target": "Parameter",
      "Id": "PARAM_HAND_R_ROTATE",
      "Segments": [
        0,
        -3.945,
        1,
        0.022,
        -3.945,
        0.045,
        -3.994,
        0.067,
        -3.885,
        1,
        0.111,
        -3.668,
        0.156,
        0,
        0.2,
        0,
        0,
        0.6,
        -8,
        0,
        1.167,
        -7.379,
        0,
        1.7,
        -10,
        2,
        3.167,
        -10
      ]
    },
    {
      "Target": "Parameter",
      "Id": "PARAM_SHOULDER_L_ROTATE",
      "Segments": [
        0,
        -2.97,
        2,
        0.133,
        -2.97,
        0,
        0.9,
        1.32,
        0,
        1.6,
        -1,
        2,
        3.167,
        -1
      ]
    },
    {
      "Target": "Parameter",
      "Id": "PARAM_ARM_L_ROTATE",
      "Segments": [
        0,
        37.072,
        0,
        0.167,
        37.143,
        0,
        0.933,
        35,
        0,
        1.633,
        35.77,
        2,
        3.167,
        35.77
      ]
    },
    {
      "Target": "Parameter",
      "Id": "PARAM_BODY_ANGLE_X",
      "Segments": [
        0,
        4.255,
        0,
        0.067,
        4.287,
        1,
        0.211,
        4.287,
        0.356,
        -2.716,
        0.5,
        -4.061,
        1,
        0.533,
        -4.372,
        0.567,
        -4.177,
        0.6,
        -4.177,
        2,
        3.167,
        -4.177
      ]
    },
    {
      "Target": "Parameter",
      "Id": "PARAM_BODY_ANGLE_Z",
      "Segments": [
        0,
        -4,
        1,
        0.211,
        -4,
        0.422,
        -1.47,
        0.633,
        -0.915,
        1,
        0.7,
        -0.74,
        0.766,
        -0.909,
        0.833,
        -0.755,
        1,
        1.111,
        -0.116,
        1.389,
        1,
        1.667,
        1,
        2,
        3.167,
        1
      ]
    },
    {
      "Target": "Parameter",
      "Id": "PARAM_STRETCH",
      "Segments": [
        0,
        -0.119,
        0,
        0.067,
        -0.12,
        1,
        0.211,
        -0.12,
        0.356,
        0.124,
        0.5,
        0.184,
        1,
        0.567,
        0.212,
        0.633,
        0.201,
        0.7,
        0.201,
        1,
        0.911,
        0.201,
        1.122,
        -0.045,
        1.333,
        -0.118,
        1,
        1.589,
        -0.207,
        1.844,
        -0.204,
        2.1,
        -0.204,
        2,
        3.167,
        -0.204
      ]
    },
    {
      "Target": "Parameter",
      "Id": "PARAM_SHOLDER_POSITION",
      "Segments": [
        0,
        2.669,
        0,
        0.067,
        2.655,
        1,
        0.211,
        2.655,
        0.356,
        5.539,
        0.5,
        6.794,
        1,
        0.544,
        7.18,
        0.589,
        7.009,
        0.633,
        7.009,
        0,
        0.8,
        6.995,
        2,
        3.167,
        6.995
      ]
    },
    {
      "Target": "Parameter",
      "Id": "PARAM_ROTATION_Z",
      "Segments": [
        0,
        0.2,
        0,
        0.4,
        0.231,
        2,
        0.7,
        0.231,
        0,
        1.667,
        -0.3,
        2,
        3.167,
        -0.3
      ]
    },
    {
      "Target": "Parameter",
      "Id": "PARAM_HAIR_FRONT",
      "Segments": [
        0,
        -0.095,
        0,
        0.033,
        -0.096,
        0,
        0.3,
        0.165,
        0,
        0.6,
        -0.337,
        0,
        0.733,
        -0.223,
        0,
        0.9,
        -0.316,
        0,
        1.367,
        -0.094,
        0,
        1.433,
        -0.119,
        0,
        1.733,
        0.342,
        0,
        1.933,
        0.077,
        0,
        2.133,
        0.172,
        0,
        2.367,
        0.129,
        0,
        2.6,
        0.144,
        0,
        2.8,
        0.139,
        0,
        3,
        0.141,
        2,
        3.167,
        0.141
      ]
    },
    {
      "Target": "Parameter",
      "Id": "PARAM_HAIR_SIDE",
      "Segments": [
        0,
        -0.073,
        0,
        0.033,
        -0.074,
        0,
        0.333,
        0.129,
        0,
        0.633,
        -0.315,
        0,
        0.967,
        -0.19,
        0,
        1,
        -0.191,
        1,
        1.144,
        -0.191,
        1.289,
        -0.183,
        1.433,
        -0.056,
        1,
        1.544,
        0.043,
        1.656,
        0.267,
        1.767,
        0.267,
        0,
        2.067,
        0.05,
        0,
        2.333,
        0.138,
        0,
        2.667,
        0.098,
        0,
        2.933,
        0.115,
        2,
        3.167,
        0.115
      ]
    },
    {
      "Target": "Parameter",
      "Id": "PARAM_HAIR_BACK_01",
      "Segments": [
        0,
        -0.083,
        0,
        0.033,
        -0.084,
        0,
        0.3,
        0.144,
        0,
        0.6,
        -0.294,
        0,
        0.733,
        -0.195,
        0,
        0.9,
        -0.276,
        0,
        1.367,
        -0.082,
        0,
        1.433,
        -0.104,
        0,
        1.733,
        0.299,
        0,
        1.933,
        0.067,
        0,
        2.133,
        0.15,
        0,
        2.367,
        0.113,
        0,
        2.6,
        0.126,
        0,
        2.8,
        0.121,
        0,
        3,
        0.123,
        2,
        3.167,
        0.123
      ]
    },
    {
      "Target": "Parameter",
      "Id": "PARAM_FLUFFY",
      "Segments": [
        0,
        -0.002,
        2,
        0.067,
        -0.002,
        0,
        0.533,
        0.089,
        0,
        0.9,
        -0.092,
        0,
        1.167,
        -0.027,
        0,
        1.4,
        -0.164,
        0,
        1.767,
        0.228,
        0,
        2.133,
        -0.113,
        0,
        2.567,
        0.054,
        0,
        2.933,
        -0.026,
        2,
        3.167,
        -0.026
      ]
    },
    {
      "Target": "Model",
      "Id": "Opacity",
      "Segments": [
        0,
        1,
        0,
        3.17,
        1
      ]
    },
    {
      "Target": "Parameter",
      "Id": "PARAM_EYE_FORM",
      "Segments": [
        0,
        0,
        0,
        3.17,
        0
      ]
    },
    {
      "Target": "Parameter",
      "Id": "PARAM_EYE_SCALE",
      "Segments": [
        0,
        0,
        0,
        3.17,
        0
      ]
    },
    {
      "Target": "Parameter",
      "Id": "PARAM_TEAR_LEAP_01",
      "Segments": [
        0,
        0,
        0,
        3.17,
        0
      ]
    },
    {
      "Target": "Parameter",
      "Id": "EYE_TWINKLE_01",
      "Segments": [
        0,
        0,
        0,
        3.17,
        0
      ]
    },
    {
      "Target": "Parameter",
      "Id": "PARAM_LIGHT",
      "Segments": [
        0,
        0,
        0,
        3.17,
        0
      ]
    },
    {
      "Target": "Parameter",
      "Id": "PARAM_BROW_R_X",
      "Segments": [
        0,
        -0.3,
        0,
        3.17,
        -0.3
      ]
    },
    {
      "Target": "Parameter",
      "Id": "PARAM_BROW_R_ANGLE",
      "Segments": [
        0,
        0.1,
        0,
        3.17,
        0.1
      ]
    },
    {
      "Target": "Parameter",
      "Id": "PARAM_BROW_L_X",
      "Segments": [
        0,
        -0.3,
        0,
        3.17,
        -0.3
      ]
    },
    {
      "Target": "Parameter",
      "Id": "PARAM_BROW_L_ANGLE",
      "Segments": [
        0,
        0.1,
        0,
        3.17,
        0.1
      ]
    },
    {
      "Target": "Parameter",
      "Id": "PARAM_MOUTH_OPEN_Y",
      "Segments": [
        0,
        0,
        0,
        3.17,
        0
      ]
    },
    {
      "Target": "Parameter",
      "Id": "PARAM_MOUTH_POS_Y",
      "Segments": [
        0,
        0,
        0,
        3.17,
        0
      ]
    },
    {
      "Target": "Parameter",
      "Id": "PARAM_MOUTH_SCALE_Y",
      "Segments": [
        0,
        -1,
        0,
        3.17,
        -1
      ]
    },
    {
      "Target": "Parameter",
      "Id": "PARAM_ARM_R_ORDER",
      "Segments": [
        0,
        0,
        0,
        3.17,
        0
      ]
    },
    {
      "Target": "Parameter",
      "Id": "PARAM_HAND_L_ROTATE",
      "Segments": [
        0,
        13,
        0,
        3.17,
        13
      ]
    },
    {
      "Target": "Parameter",
      "Id": "PARAM_ARM_L_ORDER",
      "Segments": [
        0,
        1,
        0,
        3.17,
        1
      ]
    },
    {
      "Target": "Parameter",
      "Id": "PARAM_BODY_ANGLE_Y",
      "Segments": [
        0,
        -1,
        0,
        3.17,
        -1
      ]
    },
    {
      "Target": "Parameter",
      "Id": "PARAM_BREATH",
      "Segments": [
        0,
        0,
        0,
        3.17,
        0
      ]
    },
    {
      "Target": "Parameter",
      "Id": "PARAM_POSITION_X",
      "Segments": [
        0,
        0,
        0,
        3.17,
        0
      ]
    },
    {
      "Target": "Parameter",
      "Id": "PARAM_POSITION_Y",
      "Segments": [
        0,
        0,
        0,
        3.17,
        0
      ]
    },
    {
      "Target": "Parameter",
      "Id": "PARAM_FACE_SHADOW",
      "Segments": [
        0,
        0,
        0,
        3.17,
        0
      ]
    },
    {
      "Target": "Parameter",
      "Id": "PARAM_FACE_CHANGE",
      "Segments": [
        0,
        0,
        0,
        3.17,
        0
      ]
    },
    {
      "Target": "Parameter",
      "Id": "PARAM_CHEEK_01",
      "Segments": [
        0,
        1,
        0,
        3.17,
        1
      ]
    },
    {
      "Target": "Parameter",
      "Id": "PARAM_CHEEK_02",
      "Segments": [
        0,
        0,
        0,
        3.17,
        0
      ]
    },
    {
      "Target": "Parameter",
      "Id": "PARAM_CHEEK_03",
      "Segments": [
        0,
        0,
        0,
        3.17,
        0
      ]
    },
    {
      "Target": "Parameter",
      "Id": "PARAM_CHEEK_04",
      "Segments": [
        0,
        0,
        0,
        3.17,
        0
      ]
    },
    {
      "Target": "Parameter",
      "Id": "PARAM_CHEEK_05",
      "Segments": [
        0,
        0,
        0,
        3.17,
        0
      ]
    },
    {
      "Target": "Parameter",
      "Id": "PARAM_TEAR_01",
      "Segments": [
        0,
        0,
        0,
        3.17,
        0
      ]
    },
    {
      "Target": "Parameter",
      "Id": "PARAM_TEAR_02",
      "Segments": [
        0,
        0,
        0,
        3.17,
        0
      ]
    },
    {
      "Target": "Parameter",
      "Id": "PARAM_TEAR_02_MOVE",
      "Segments": [
        0,
        0,
        0,
        3.17,
        0
      ]
    },
    {
      "Target": "Parameter",
      "Id": "PARAM_TEAR_03",
      "Segments": [
        0,
        0,
        0,
        3.17,
        0
      ]
    },
    {
      "Target": "Parameter",
      "Id": "PARAM_TEAR_03_MOVE",
      "Segments": [
        0,
        0,
        0,
        3.17,
        0
      ]
    },
    {
      "Target": "Parameter",
      "Id": "PARAM_SWEAT",
      "Segments": [
        0,
        0,
        0,
        3.17,
        0
      ]
    },
    {
      "Target": "Parameter",
      "Id": "PARAM_SWEAT_MOVE",
      "Segments": [
        0,
        0,
        0,
        3.17,
        0
      ]
    },
    {
      "Target": "Parameter",
      "Id": "PARAM_EYE_WHITE_00",
      "Segments": [
        0,
        1,
        0,
        3.17,
        1
      ]
    },
    {
      "Target": "Parameter",
      "Id": "PARAM_EYE_WHITE_01",
      "Segments": [
        0,
        0,
        0,
        3.17,
        0
      ]
    },
    {
      "Target": "Parameter",
      "Id": "PARAM_EYE_01",
      "Segments": [
        0,
        1,
        0,
        3.17,
        1
      ]
    },
    {
      "Target": "Parameter",
      "Id": "PARAM_EYE_02",
      "Segments": [
        0,
        0,
        0,
        3.17,
        0
      ]
    },
    {
      "Target": "Parameter",
      "Id": "PARAM_EYE_05",
      "Segments": [
        0,
        0,
        0,
        3.17,
        0
      ]
    },
    {
      "Target": "Parameter",
      "Id": "PARAM_MOUTH_01",
      "Segments": [
        0,
        1,
        0,
        3.17,
        1
      ]
    },
    {
      "Target": "Parameter",
      "Id": "PARAM_MOUTH_02",
      "Segments": [
        0,
        0,
        0,
        3.17,
        0
      ]
    },
    {
      "Target": "Parameter",
      "Id": "PARAM_BROW_01",
      "Segments": [
        0,
        1,
        0,
        3.17,
        1
      ]
    },
    {
      "Target": "Parameter",
      "Id": "PARAM_HAND_R_01",
      "Segments": [
        0,
        0,
        0,
        3.17,
        0
      ]
    },
    {
      "Target": "Parameter",
      "Id": "PARAM_HAND_R_02",
      "Segments": [
        0,
        0,
        0,
        3.17,
        0
      ]
    },
    {
      "Target": "Parameter",
      "Id": "PARAM_HAND_R_03",
      "Segments": [
        0,
        0,
        0,
        3.17,
        0
      ]
    },
    {
      "Target": "Parameter",
      "Id": "PARAM_HAND_R_04",
      "Segments": [
        0,
        0,
        0,
        3.17,
        0
      ]
    },
    {
      "Target": "Parameter",
      "Id": "PARAM_HAND_R_05",
      "Segments": [
        0,
        0,
        0,
        3.17,
        0
      ]
    },
    {
      "Target": "Parameter",
      "Id": "PARAM_HAND_R_06",
      "Segments": [
        0,
        1,
        0,
        3.17,
        1
      ]
    },
    {
      "Target": "Parameter",
      "Id": "PARAM_HAND_R_07",
      "Segments": [
        0,
        0,
        0,
        3.17,
        0
      ]
    },
    {
      "Target": "Parameter",
      "Id": "PARAM_HAND_R_08",
      "Segments": [
        0,
        0,
        0,
        3.17,
        0
      ]
    },
    {
      "Target": "Parameter",
      "Id": "PARAM_HAND_R_09",
      "Segments": [
        0,
        0,
        0,
        3.17,
        0
      ]
    },
    {
      "Target": "Parameter",
      "Id": "PARAM_HAND_R_10",
      "Segments": [
        0,
        0,
        0,
        3.17,
        0
      ]
    },
    {
      "Target": "Parameter",
      "Id": "PARAM_HAND_R_11",
      "Segments": [
        0,
        0,
        0,
        3.17,
        0
      ]
    },
    {
      "Target": "Parameter",
      "Id": "PARAM_HAND_R_12",
      "Segments": [
        0,
        0,
        0,
        3.17,
        0
      ]
    },
    {
      "Target": "Parameter",
      "Id": "PARAM_HAND_L_01",
      "Segments": [
        0,
        0,
        0,
        3.17,
        0
      ]
    },
    {
      "Target": "Parameter",
      "Id": "PARAM_HAND_L_02",
      "Segments": [
        0,
        0,
        0,
        3.17,
        0
      ]
    },
    {
      "Target": "Parameter",
      "Id": "PARAM_HAND_L_03",
      "Segments": [
        0,
        0,
        0,
        3.17,
        0
      ]
    },
    {
      "Target": "Parameter",
      "Id": "PARAM_HAND_L_04",
      "Segments": [
        0,
        0,
        0,
        3.17,
        0
      ]
    },
    {
      "Target": "Parameter",
      "Id": "PARAM_HAND_L_05",
      "Segments": [
        0,
        0,
        0,
        3.17,
        0
      ]
    },
    {
      "Target": "Parameter",
      "Id": "PARAM_HAND_L_06",
      "Segments": [
        0,
        0,
        0,
        3.17,
        0
      ]
    },
    {
      "Target": "Parameter",
      "Id": "PARAM_HAND_L_07",
      "Segments": [
        0,
        1,
        0,
        3.17,
        1
      ]
    },
    {
      "Target": "Parameter",
      "Id": "PARAM_HAND_L_08",
      "Segments": [
        0,
        0,
        0,
        3.17,
        0
      ]
    },
    {
      "Target": "Parameter",
      "Id": "PARAM_HAND_L_09",
      "Segments": [
        0,
        0,
        0,
        3.17,
        0
      ]
    },
    {
      "Target": "Parameter",
      "Id": "PARAM_HAND_L_10",
      "Segments": [
        0,
        0,
        0,
        3.17,
        0
      ]
    },
    {
      "Target": "Parameter",
      "Id": "PARAM_HAND_L_11",
      "Segments": [
        0,
        0,
        0,
        3.17,
        0
      ]
    },
    {
      "Target": "Parameter",
      "Id": "PARAM_HAND_L_12",
      "Segments": [
        0,
        0,
        0,
        3.17,
        0
      ]
    },
    {
      "Target": "Parameter",
      "Id": "PARAM_UPPER_BODY_FLUFFY",
      "Segments": [
        0,
        0,
        0,
        3.17,
        0
      ]
    },
    {
      "Target": "Parameter",
      "Id": "PARAM_LOWER_BODY_FLUFFY",
      "Segments": [
        0,
        0,
        0,
        3.17,
        0
      ]
    },
    {
      "Target": "Parameter",
      "Id": "PARAM_COLLAR_SHAKE_01",
      "Segments": [
        0,
        0,
        0,
        3.17,
        0
      ]
    },
    {
      "Target": "PartOpacity",
      "Id": "PartCore",
      "Segments": [
        0,
        1,
        0,
        3.17,
        1
      ]
    },
    {
      "Target": "PartOpacity",
      "Id": "PartNeck",
      "Segments": [
        0,
        1,
        0,
        3.17,
        1
      ]
    },
    {
      "Target": "PartOpacity",
      "Id": "PartUpperBody",
      "Segments": [
        0,
        1,
        0,
        3.17,
        1
      ]
    },
    {
      "Target": "PartOpacity",
      "Id": "PartArmR",
      "Segments": [
        0,
        1,
        0,
        3.17,
        1
      ]
    },
    {
      "Target": "PartOpacity",
      "Id": "PartHandR",
      "Segments": [
        0,
        1,
        0,
        3.17,
        1
      ]
    },
    {
      "Target": "PartOpacity",
      "Id": "PartFoot",
      "Segments": [
        0,
        1,
        0,
        3.17,
        1
      ]
    }
  ],
  "UserData": []
}