{
  "Version": 3,
  "Meta": {
    "Duration": 2.0,
    "Fps": 30.0,
    "Loop": true,
    "AreBeziersRestricted": true,
    "CurveCount": 2,
    "TotalSegmentCount": 15,
    "TotalPointCount": 23,
    "UserDataCount": 0,
    "TotalUserDataSize": 0
  },
  "Curves": [
    {
      "Target": "Parameter",
      "Id": "PARAM_LIGHT",
      "Segments": [
        0,
        0,
        2,
        0.167,
        0,
        1,
        0.234,
        0,
        0.3,
        4.681,
        0.367,
        16.519,
        1,
        0.378,
        18.492,
        0.389,
        22.129,
        0.4,
        22.129,
        1,
        0.444,
        22.129,
        0.489,
        22.341,
        0.533,
        21.259,
        1,
        0.611,
        19.366,
        0.689,
        14.465,
        0.767,
        14.465,
        0,
        0.933,
        17.019,
        0,
        1.1,
        14.466,
        0,
        1.267,
        17.019,
        0,
        1.433,
        14.466,
        0,
        1.6,
        17.019,
        0,
        1.767,
        14.466,
        0,
        1.933,
        17.019,
        2,
        2,
        17.019
      ]
    },
    {
      "Target": "Model",
      "Id": "Opacity",
      "Segments": [
        0,
        1,
        0,
        2,
        1
      ]
    }
  ],
  "UserData": []
}