{
	"Version": 3,
	"Meta": {
		"Duration": 5.27,
		"Fps": 30.0,
		"Loop": true,
		"AreBeziersRestricted": true,
		"CurveCount": 39,
		"TotalSegmentCount": 159,
		"TotalPointCount": 376,
		"UserDataCount": 0,
		"TotalUserDataSize": 0
	},
	"Curves": [
		{
			"Target": "Parameter",
			"Id": "PARAM_ANGLE_X",
			"Segments": [
				0,
				-10,
				0,
				1.167,
				-10,
				1,
				1.433,
				-10,
				1.7,
				-6,
				1.967,
				-6,
				0,
				2.767,
				-10,
				0,
				5.267,
				-10
			]
		},
		{
			"Target": "Parameter",
			"Id": "PARAM_ANGLE_Y",
			"Segments": [
				0,
				2,
				0,
				0.233,
				2,
				1,
				0.356,
				2,
				0.478,
				-10,
				0.6,
				-10,
				1,
				0.789,
				-10,
				0.978,
				0,
				1.167,
				0,
				1,
				1.433,
				6.448,
				1.7,
				8,
				1.967,
				8,
				0,
				2.433,
				8,
				1,
				2.544,
				8,
				2.656,
				4,
				2.767,
				4,
				1,
				3,
				4,
				3.233,
				8,
				3.467,
				8,
				0,
				5.267,
				8
			]
		},
		{
			"Target": "Parameter",
			"Id": "PARAM_ANGLE_Z",
			"Segments": [
				0,
				0,
				1,
				0.078,
				0,
				0.156,
				-1,
				0.233,
				-1,
				1,
				0.356,
				-1,
				0.478,
				1,
				0.6,
				1,
				1,
				0.789,
				1,
				0.978,
				0,
				1.167,
				0,
				1,
				1.433,
				0,
				1.7,
				0,
				1.967,
				0,
				1,
				2.122,
				0,
				2.278,
				-1,
				2.433,
				-1,
				1,
				2.544,
				-1,
				2.656,
				0,
				2.767,
				0,
				1,
				3,
				0,
				3.233,
				-1,
				3.467,
				-1,
				0,
				5.267,
				-1
			]
		},
		{
			"Target": "Parameter",
			"Id": "PARAM_EYE_L_OPEN",
			"Segments": [
				0,
				1,
				0,
				0.3,
				1,
				1,
				0.367,
				1.008,
				0.433,
				-0.008,
				0.5,
				0,
				1,
				0.544,
				-0.009,
				0.589,
				1.109,
				0.633,
				1.1,
				1,
				0.811,
				1.1,
				0.989,
				1,
				1.167,
				1,
				0,
				2.367,
				1,
				1,
				2.422,
				1.008,
				2.478,
				-0.008,
				2.533,
				0,
				1,
				2.611,
				-0.008,
				2.689,
				1.008,
				2.767,
				1,
				0,
				5.267,
				1
			]
		},
		{
			"Target": "Parameter",
			"Id": "PARAM_EYE_R_OPEN",
			"Segments": [
				0,
				1,
				0,
				0.3,
				1,
				1,
				0.367,
				1.008,
				0.433,
				-0.008,
				0.5,
				0,
				1,
				0.544,
				-0.009,
				0.589,
				1.109,
				0.633,
				1.1,
				1,
				0.811,
				1.1,
				0.989,
				1,
				1.167,
				1,
				0,
				2.367,
				1,
				1,
				2.422,
				1.008,
				2.478,
				-0.008,
				2.533,
				0,
				1,
				2.611,
				-0.008,
				2.689,
				1.008,
				2.767,
				1,
				0,
				5.267,
				1
			]
		},
		{
			"Target": "Parameter",
			"Id": "PARAM_EYE_L_SMILE",
			"Segments": [
				0,
				0,
				0,
				5.267,
				0
			]
		},
		{
			"Target": "Parameter",
			"Id": "PARAM_EYE_R_SMILE",
			"Segments": [
				0,
				0,
				0,
				5.267,
				0
			]
		},
		{
			"Target": "Parameter",
			"Id": "PARAM_EYE_BALL_X",
			"Segments": [
				0,
				0,
				1,
				0.389,
				0,
				0.778,
				0,
				1.167,
				0,
				1,
				1.433,
				0,
				1.7,
				0.8,
				1.967,
				0.8,
				1,
				2.233,
				0.8,
				2.5,
				0,
				2.767,
				0,
				0,
				5.267,
				0
			]
		},
		{
			"Target": "Parameter",
			"Id": "PARAM_EYE_BALL_Y",
			"Segments": [
				0,
				0,
				1,
				0.389,
				0,
				0.778,
				0,
				1.167,
				0,
				1,
				1.433,
				0,
				1.7,
				-0.3,
				1.967,
				-0.3,
				1,
				2.233,
				-0.3,
				2.5,
				0,
				2.767,
				0,
				0,
				5.267,
				0
			]
		},
		{
			"Target": "Parameter",
			"Id": "PARAM_EYE_DEFORM",
			"Segments": [
				0,
				0,
				0,
				5.267,
				0
			]
		},
		{
			"Target": "Parameter",
			"Id": "PARAM_EYEBALL_ZOOM",
			"Segments": [
				0,
				0,
				0,
				5.267,
				0
			]
		},
		{
			"Target": "Parameter",
			"Id": "PARAM_EYE_L_EX",
			"Segments": [
				0,
				0,
				0,
				5.267,
				0
			]
		},
		{
			"Target": "Parameter",
			"Id": "PARAM_EYE_R_EX",
			"Segments": [
				0,
				0,
				0,
				5.267,
				0
			]
		},
		{
			"Target": "Parameter",
			"Id": "PARAM_BROW_L_X",
			"Segments": [
				0,
				0,
				0,
				5.267,
				0
			]
		},
		{
			"Target": "Parameter",
			"Id": "PARAM_BROW_R_X",
			"Segments": [
				0,
				0,
				0,
				5.267,
				0
			]
		},
		{
			"Target": "Parameter",
			"Id": "PARAM_BROW_L_Y",
			"Segments": [
				0,
				-0.8,
				0,
				5.267,
				-0.8
			]
		},
		{
			"Target": "Parameter",
			"Id": "PARAM_BROW_R_Y",
			"Segments": [
				0,
				-0.8,
				0,
				5.267,
				-0.8
			]
		},
		{
			"Target": "Parameter",
			"Id": "PARAM_BROW_L_ANGLE",
			"Segments": [
				0,
				-0.6,
				0,
				5.267,
				-0.6
			]
		},
		{
			"Target": "Parameter",
			"Id": "PARAM_BROW_R_ANGLE",
			"Segments": [
				0,
				-0.7,
				0,
				5.267,
				-0.7
			]
		},
		{
			"Target": "Parameter",
			"Id": "PARAM_BROW_L_FORM",
			"Segments": [
				0,
				-0.7,
				0,
				5.267,
				-0.7
			]
		},
		{
			"Target": "Parameter",
			"Id": "PARAM_BROW_R_FORM",
			"Segments": [
				0,
				-0.7,
				0,
				5.267,
				-0.7
			]
		},
		{
			"Target": "Parameter",
			"Id": "PARAM_MOUTH_FORM",
			"Segments": [
				0,
				0,
				1,
				0.933,
				0,
				1.867,
				-0.5,
				2.8,
				-0.5,
				0,
				5.267,
				-0.5
			]
		},
		{
			"Target": "Parameter",
			"Id": "PARAM_MOUTH_OPEN_Y",
			"Segments": [
				0,
				0,
				0,
				0.133,
				0,
				1,
				0.178,
				-0.007,
				0.222,
				0.917,
				0.267,
				0.91,
				1,
				0.289,
				0.909,
				0.311,
				0.856,
				0.333,
				0.855,
				1,
				0.356,
				0.853,
				0.378,
				1.019,
				0.4,
				1,
				0,
				0.567,
				1,
				0,
				0.6,
				0.988,
				0,
				0.633,
				1,
				0,
				0.667,
				1,
				2,
				0.7,
				0.994,
				1,
				0.756,
				0.744,
				0.811,
				0,
				0.867,
				0,
				0,
				2.4,
				0,
				1,
				2.422,
				0.002,
				2.444,
				0.108,
				2.467,
				0.11,
				1,
				2.511,
				0.111,
				2.556,
				-0.001,
				2.6,
				0,
				1,
				2.667,
				-0.002,
				2.733,
				0.308,
				2.8,
				0.306,
				1,
				2.867,
				0.308,
				2.933,
				-0.002,
				3,
				0,
				0,
				3.4,
				0,
				1,
				3.511,
				0.002,
				3.622,
				0.516,
				3.733,
				0.518,
				1,
				3.778,
				0.52,
				3.822,
				0.194,
				3.867,
				0.196,
				1,
				3.889,
				0.198,
				3.911,
				0.304,
				3.933,
				0.306,
				1,
				3.978,
				0.307,
				4.022,
				0.116,
				4.067,
				0.118,
				1,
				4.111,
				0.116,
				4.156,
				0.347,
				4.2,
				0.345,
				1,
				4.244,
				0.348,
				4.289,
				-0.003,
				4.333,
				0,
				0,
				5.267,
				0
			]
		},
		{
			"Target": "Parameter",
			"Id": "PARAM_MOUTH_FORM_B",
			"Segments": [
				0,
				1,
				1,
				0.389,
				1,
				0.778,
				1,
				1.167,
				1,
				1,
				1.267,
				1,
				1.367,
				0,
				1.467,
				0,
				1,
				1.544,
				0,
				1.622,
				0,
				1.7,
				0,
				0,
				5.267,
				0
			]
		},
		{
			"Target": "Parameter",
			"Id": "PARAM_MOUTH_FORMIN",
			"Segments": [
				0,
				0,
				1,
				0.389,
				0,
				0.778,
				0,
				1.167,
				0,
				0,
				5.267,
				0
			]
		},
		{
			"Target": "Parameter",
			"Id": "PARAM_MOUTH_TOOTH",
			"Segments": [
				0,
				1,
				1,
				0.389,
				1,
				0.778,
				1,
				1.167,
				1,
				0,
				5.267,
				1
			]
		},
		{
			"Target": "Parameter",
			"Id": "PARAM_CHEEK",
			"Segments": [
				0,
				0,
				0,
				5.267,
				0
			]
		},
		{
			"Target": "Parameter",
			"Id": "PARAM_BODY_ANGLE_X",
			"Segments": [
				0,
				7,
				0,
				1.167,
				7,
				1,
				1.433,
				7,
				1.7,
				10,
				1.967,
				10,
				0,
				2.767,
				10,
				1,
				2.989,
				10,
				3.211,
				9,
				3.433,
				9,
				1,
				3.578,
				9,
				3.722,
				10,
				3.867,
				10,
				0,
				5.267,
				10
			]
		},
		{
			"Target": "Parameter",
			"Id": "PARAM_BODY_ANGLE_Y",
			"Segments": [
				0,
				5,
				0,
				0.233,
				5,
				1,
				0.356,
				5,
				0.478,
				-3,
				0.6,
				-3,
				1,
				0.789,
				-3,
				0.978,
				-2,
				1.167,
				-2,
				1,
				1.3,
				-2,
				1.433,
				-3,
				1.567,
				-3,
				1,
				1.7,
				-3,
				1.833,
				9,
				1.967,
				9,
				0,
				2.433,
				9,
				1,
				2.544,
				9,
				2.656,
				0,
				2.767,
				0,
				1,
				2.989,
				-0.959,
				3.211,
				-1,
				3.433,
				-1,
				1,
				3.578,
				-1,
				3.722,
				2,
				3.867,
				2,
				1,
				4.056,
				2,
				4.244,
				0,
				4.433,
				0,
				0,
				5.267,
				0
			]
		},
		{
			"Target": "Parameter",
			"Id": "PARAM_BODY_ANGLE_Z",
			"Segments": [
				0,
				-1,
				0,
				1.167,
				-1,
				1,
				1.3,
				-1,
				1.433,
				-0.06,
				1.567,
				-0.06,
				1,
				1.7,
				-0.06,
				1.833,
				-1,
				1.967,
				-1,
				0,
				2.433,
				-1,
				1,
				2.544,
				-1,
				2.656,
				2,
				2.767,
				2,
				1,
				2.989,
				2.918,
				3.211,
				3,
				3.433,
				3,
				1,
				3.578,
				3,
				3.722,
				2,
				3.867,
				2,
				1,
				4.056,
				2,
				4.244,
				3,
				4.433,
				3,
				0,
				5.267,
				3
			]
		},
		{
			"Target": "Parameter",
			"Id": "PARAM_ARM_L_Z",
			"Segments": [
				0,
				-1,
				0,
				0.233,
				-1,
				1,
				0.356,
				-1,
				0.478,
				4,
				0.6,
				4,
				1,
				0.789,
				4,
				0.978,
				2,
				1.167,
				2,
				1,
				1.433,
				2,
				1.7,
				2,
				1.967,
				2,
				0,
				2.433,
				2,
				1,
				2.544,
				2,
				2.656,
				0,
				2.767,
				0,
				1,
				2.989,
				0,
				3.211,
				0,
				3.433,
				0,
				1,
				3.578,
				0,
				3.722,
				1,
				3.867,
				1,
				0,
				5.267,
				1
			]
		},
		{
			"Target": "Parameter",
			"Id": "PARAM_ARM_R_Z",
			"Segments": [
				0,
				2,
				0,
				0.233,
				2,
				1,
				0.356,
				2,
				0.478,
				0,
				0.6,
				0,
				0,
				1.167,
				0,
				1,
				1.433,
				0,
				1.7,
				-3,
				1.967,
				-3,
				0,
				2.433,
				-3,
				1,
				2.544,
				-3,
				2.656,
				0,
				2.767,
				0,
				1,
				2.989,
				1.705,
				3.211,
				2,
				3.433,
				2,
				1,
				3.578,
				2,
				3.722,
				0,
				3.867,
				0,
				0,
				5.267,
				0
			]
		},
		{
			"Target": "Parameter",
			"Id": "PARAM_HAND_L_Z",
			"Segments": [
				0,
				-1,
				0,
				0.233,
				-1,
				1,
				0.356,
				-1,
				0.478,
				1,
				0.6,
				1,
				1,
				0.789,
				1,
				0.978,
				0,
				1.167,
				0,
				1,
				1.433,
				-1.362,
				1.7,
				-3,
				1.967,
				-3,
				0,
				2.433,
				-3,
				1,
				2.544,
				-3,
				2.656,
				0,
				2.767,
				0,
				1,
				2.989,
				0,
				3.211,
				-1,
				3.433,
				-1,
				1,
				3.578,
				-1,
				3.722,
				0,
				3.867,
				0,
				0,
				5.267,
				0
			]
		},
		{
			"Target": "Parameter",
			"Id": "PARAM_HAND_R_Z",
			"Segments": [
				0,
				2,
				0,
				0.233,
				2,
				1,
				0.356,
				2,
				0.478,
				-1,
				0.6,
				-1,
				1,
				0.789,
				-1,
				0.978,
				0,
				1.167,
				0,
				1,
				1.433,
				0,
				1.7,
				-3,
				1.967,
				-3,
				0,
				2.433,
				-3,
				1,
				2.544,
				-3,
				2.656,
				0,
				2.767,
				0,
				1,
				2.989,
				2.391,
				3.211,
				3,
				3.433,
				3,
				1,
				3.578,
				3,
				3.722,
				1,
				3.867,
				1,
				0,
				5.267,
				1
			]
		},
		{
			"Target": "Parameter",
			"Id": "PARAM_TEARS",
			"Segments": [
				0,
				0,
				0,
				5.267,
				0
			]
		},
		{
			"Target": "Parameter",
			"Id": "PARAM_SWEAT",
			"Segments": [
				0,
				0,
				0,
				5.267,
				0
			]
		},
		{
			"Target": "Parameter",
			"Id": "PARAM_ANGRY",
			"Segments": [
				0,
				0,
				0,
				5.267,
				0
			]
		},
		{
			"Target": "Parameter",
			"Id": "PARAM_SHOCK",
			"Segments": [
				0,
				0,
				0,
				5.267,
				0
			]
		},
		{
			"Target": "PartOpacity",
			"Id": "PARTS_01_ZF",
			"Segments": [
				0,
				0,
				0,
				5.27,
				0
			]
		}
	]
}