{
	"Version": 3,
	"Meta": {
		"Duration": 3.6,
		"Fps": 30.0,
		"Loop": true,
		"AreBeziersRestricted": true,
		"CurveCount": 39,
		"TotalSegmentCount": 136,
		"TotalPointCount": 305,
		"UserDataCount": 0,
		"TotalUserDataSize": 0
	},
	"Curves": [
		{
			"Target": "Parameter",
			"Id": "PARAM_ANGLE_X",
			"Segments": [
				0,
				4,
				0,
				0.967,
				4,
				1,
				1.111,
				4,
				1.256,
				-2,
				1.4,
				-2,
				1,
				1.978,
				-2,
				2.556,
				0,
				3.133,
				0,
				0,
				3.6,
				0
			]
		},
		{
			"Target": "Parameter",
			"Id": "PARAM_ANGLE_Y",
			"Segments": [
				0,
				4,
				0,
				0.967,
				4,
				0,
				1.4,
				0,
				0,
				2.5,
				2,
				0,
				2.8,
				9,
				1,
				2.911,
				10.015,
				3.022,
				10,
				3.133,
				10,
				0,
				3.6,
				10
			]
		},
		{
			"Target": "Parameter",
			"Id": "PARAM_ANGLE_Z",
			"Segments": [
				0,
				0,
				0,
				0.333,
				0,
				1,
				0.433,
				0,
				0.533,
				-2,
				0.633,
				-2,
				1,
				0.722,
				-2,
				0.811,
				-2,
				0.9,
				-2,
				0,
				1.4,
				-3,
				1,
				1.767,
				-4.372,
				2.133,
				-5,
				2.5,
				-5,
				1,
				2.6,
				-5,
				2.7,
				-3,
				2.8,
				-3,
				1,
				2.911,
				-3,
				3.022,
				-4,
				3.133,
				-4,
				0,
				3.6,
				-4
			]
		},
		{
			"Target": "Parameter",
			"Id": "PARAM_EYE_L_OPEN",
			"Segments": [
				0,
				0,
				0,
				0.967,
				0,
				1,
				1.044,
				-0.008,
				1.122,
				1.008,
				1.2,
				1,
				0,
				2.5,
				1,
				1,
				2.544,
				0.999,
				2.589,
				1.101,
				2.633,
				1.1,
				1,
				2.689,
				1.109,
				2.744,
				-0.009,
				2.8,
				0,
				0,
				3.567,
				0,
				0,
				3.6,
				0
			]
		},
		{
			"Target": "Parameter",
			"Id": "PARAM_EYE_R_OPEN",
			"Segments": [
				0,
				0,
				0,
				0.967,
				0,
				1,
				1.044,
				-0.008,
				1.122,
				1.008,
				1.2,
				1,
				0,
				2.5,
				1,
				1,
				2.544,
				0.999,
				2.589,
				1.101,
				2.633,
				1.1,
				1,
				2.689,
				1.109,
				2.744,
				-0.009,
				2.8,
				0,
				0,
				3.567,
				0,
				0,
				3.6,
				0
			]
		},
		{
			"Target": "Parameter",
			"Id": "PARAM_EYE_L_SMILE",
			"Segments": [
				0,
				0,
				0,
				3.6,
				0
			]
		},
		{
			"Target": "Parameter",
			"Id": "PARAM_EYE_R_SMILE",
			"Segments": [
				0,
				0,
				0,
				3.6,
				0
			]
		},
		{
			"Target": "Parameter",
			"Id": "PARAM_EYE_BALL_X",
			"Segments": [
				0,
				0,
				0,
				3.6,
				0
			]
		},
		{
			"Target": "Parameter",
			"Id": "PARAM_EYE_BALL_Y",
			"Segments": [
				0,
				0,
				0,
				3.6,
				0
			]
		},
		{
			"Target": "Parameter",
			"Id": "PARAM_EYE_DEFORM",
			"Segments": [
				0,
				0,
				0,
				3.6,
				0
			]
		},
		{
			"Target": "Parameter",
			"Id": "PARAM_EYEBALL_ZOOM",
			"Segments": [
				0,
				0,
				0,
				3.6,
				0
			]
		},
		{
			"Target": "Parameter",
			"Id": "PARAM_EYE_L_EX",
			"Segments": [
				0,
				0,
				0,
				3.6,
				0
			]
		},
		{
			"Target": "Parameter",
			"Id": "PARAM_EYE_R_EX",
			"Segments": [
				0,
				0,
				0,
				3.6,
				0
			]
		},
		{
			"Target": "Parameter",
			"Id": "PARAM_BROW_L_X",
			"Segments": [
				0,
				0,
				0,
				3.6,
				0
			]
		},
		{
			"Target": "Parameter",
			"Id": "PARAM_BROW_R_X",
			"Segments": [
				0,
				0,
				0,
				3.6,
				0
			]
		},
		{
			"Target": "Parameter",
			"Id": "PARAM_BROW_L_Y",
			"Segments": [
				0,
				-0.8,
				0,
				3.6,
				-0.8
			]
		},
		{
			"Target": "Parameter",
			"Id": "PARAM_BROW_R_Y",
			"Segments": [
				0,
				-0.8,
				0,
				3.6,
				-0.8
			]
		},
		{
			"Target": "Parameter",
			"Id": "PARAM_BROW_L_ANGLE",
			"Segments": [
				0,
				-0.6,
				0,
				3.6,
				-0.6
			]
		},
		{
			"Target": "Parameter",
			"Id": "PARAM_BROW_R_ANGLE",
			"Segments": [
				0,
				-0.7,
				0,
				3.6,
				-0.7
			]
		},
		{
			"Target": "Parameter",
			"Id": "PARAM_BROW_L_FORM",
			"Segments": [
				0,
				-0.7,
				0,
				3.6,
				-0.7
			]
		},
		{
			"Target": "Parameter",
			"Id": "PARAM_BROW_R_FORM",
			"Segments": [
				0,
				-0.7,
				0,
				3.6,
				-0.7
			]
		},
		{
			"Target": "Parameter",
			"Id": "PARAM_MOUTH_FORM",
			"Segments": [
				0,
				-1,
				0,
				3.6,
				-1
			]
		},
		{
			"Target": "Parameter",
			"Id": "PARAM_MOUTH_OPEN_Y",
			"Segments": [
				0,
				0,
				0,
				0.267,
				0,
				1,
				0.333,
				-0.003,
				0.4,
				0.379,
				0.467,
				0.376,
				1,
				0.511,
				0.379,
				0.556,
				-0.003,
				0.6,
				0,
				0,
				1.267,
				0,
				1,
				1.311,
				-0.001,
				1.356,
				0.19,
				1.4,
				0.188,
				1,
				1.422,
				0.187,
				1.444,
				0.119,
				1.467,
				0.118,
				1,
				1.489,
				0.121,
				1.511,
				0.342,
				1.533,
				0.345,
				0,
				1.6,
				0.337,
				1,
				1.644,
				0.333,
				1.689,
				0.867,
				1.733,
				0.863,
				1,
				1.756,
				0.856,
				1.778,
				0.469,
				1.8,
				0.463,
				1,
				1.822,
				0.468,
				1.844,
				0.81,
				1.867,
				0.816,
				1,
				1.911,
				0.821,
				1.956,
				0.112,
				2,
				0.118,
				1,
				2.022,
				0.12,
				2.044,
				0.257,
				2.067,
				0.259,
				1,
				2.089,
				0.256,
				2.111,
				0.074,
				2.133,
				0.071,
				1,
				2.156,
				0.074,
				2.178,
				0.31,
				2.2,
				0.314,
				1,
				2.222,
				0.309,
				2.244,
				0.013,
				2.267,
				0.008,
				1,
				2.311,
				0.005,
				2.356,
				0.427,
				2.4,
				0.424,
				1,
				2.422,
				0.421,
				2.444,
				0.292,
				2.467,
				0.29,
				1,
				2.489,
				0.296,
				2.511,
				0.653,
				2.533,
				0.659,
				1,
				2.6,
				0.663,
				2.667,
				0.058,
				2.733,
				0.063,
				1,
				2.778,
				0.056,
				2.822,
				0.964,
				2.867,
				0.957,
				1,
				2.911,
				0.964,
				2.956,
				-0.007,
				3,
				0,
				0,
				3.567,
				0,
				0,
				3.6,
				0
			]
		},
		{
			"Target": "Parameter",
			"Id": "PARAM_MOUTH_FORM_B",
			"Segments": [
				0,
				0,
				0,
				3.6,
				0
			]
		},
		{
			"Target": "Parameter",
			"Id": "PARAM_MOUTH_FORMIN",
			"Segments": [
				0,
				0,
				0,
				3.6,
				0
			]
		},
		{
			"Target": "Parameter",
			"Id": "PARAM_MOUTH_TOOTH",
			"Segments": [
				0,
				1,
				0,
				3.6,
				1
			]
		},
		{
			"Target": "Parameter",
			"Id": "PARAM_CHEEK",
			"Segments": [
				0,
				0,
				0,
				3.6,
				0
			]
		},
		{
			"Target": "Parameter",
			"Id": "PARAM_BODY_ANGLE_X",
			"Segments": [
				0,
				10,
				0,
				1.067,
				10,
				1,
				1.178,
				10,
				1.289,
				7.622,
				1.4,
				6,
				1,
				1.522,
				4.215,
				1.644,
				4,
				1.767,
				4,
				1,
				1.922,
				4,
				2.078,
				4.528,
				2.233,
				5,
				1,
				2.378,
				5.438,
				2.522,
				5.456,
				2.667,
				6,
				1,
				2.778,
				6.418,
				2.889,
				10,
				3,
				10,
				0,
				3.6,
				10
			]
		},
		{
			"Target": "Parameter",
			"Id": "PARAM_BODY_ANGLE_Y",
			"Segments": [
				0,
				-3,
				0,
				0.333,
				-3,
				1,
				0.433,
				-3,
				0.533,
				6,
				0.633,
				6,
				1,
				0.722,
				6,
				0.811,
				-3,
				0.9,
				-3,
				1,
				1.022,
				-3,
				1.144,
				0,
				1.267,
				0,
				1,
				1.433,
				0,
				1.6,
				0,
				1.767,
				0,
				1,
				1.967,
				0,
				2.566,
				6,
				2.367,
				6,
				1,
				2.456,
				6,
				2.544,
				-3,
				2.633,
				-3,
				1,
				2.756,
				-3,
				2.878,
				0,
				3,
				0,
				0,
				3.6,
				0
			]
		},
		{
			"Target": "Parameter",
			"Id": "PARAM_BODY_ANGLE_Z",
			"Segments": [
				0,
				0,
				0,
				0.333,
				0,
				1,
				0.433,
				0,
				0.533,
				-2,
				0.633,
				-2,
				1,
				0.844,
				-2,
				1.056,
				0,
				1.267,
				0,
				1,
				1.633,
				0,
				2,
				-2,
				2.367,
				-2,
				1,
				2.578,
				-2,
				2.789,
				0,
				3,
				0,
				0,
				3.6,
				0
			]
		},
		{
			"Target": "Parameter",
			"Id": "PARAM_ARM_L_Z",
			"Segments": [
				0,
				0,
				0,
				0.333,
				0,
				1,
				0.433,
				0,
				0.533,
				-1,
				0.633,
				-1,
				1,
				0.722,
				-1,
				0.811,
				0,
				0.9,
				0,
				0,
				1.267,
				0,
				1,
				1.633,
				0,
				2.566,
				-1,
				2.367,
				-1,
				1,
				2.456,
				-1,
				2.544,
				0,
				2.633,
				0,
				0,
				3,
				0,
				0,
				3.6,
				0
			]
		},
		{
			"Target": "Parameter",
			"Id": "PARAM_ARM_R_Z",
			"Segments": [
				0,
				0,
				0,
				0.333,
				0,
				1,
				0.433,
				0,
				0.533,
				-1,
				0.633,
				-1,
				1,
				0.722,
				-1,
				0.811,
				0,
				0.9,
				0,
				0,
				1.267,
				0,
				1,
				1.633,
				0,
				2.566,
				-1,
				2.367,
				-1,
				1,
				2.456,
				-1,
				2.544,
				0,
				2.633,
				0,
				0,
				3,
				0,
				0,
				3.6,
				0
			]
		},
		{
			"Target": "Parameter",
			"Id": "PARAM_HAND_L_Z",
			"Segments": [
				0,
				0,
				0,
				0.333,
				0,
				1,
				0.433,
				0,
				0.533,
				-3,
				0.633,
				-3,
				1,
				0.722,
				-3,
				0.811,
				0,
				0.9,
				0,
				0,
				1.267,
				0,
				1,
				1.633,
				0,
				2.566,
				-3,
				2.367,
				-3,
				1,
				2.456,
				-3,
				2.544,
				0,
				2.633,
				0,
				0,
				3,
				0,
				0,
				3.6,
				0
			]
		},
		{
			"Target": "Parameter",
			"Id": "PARAM_HAND_R_Z",
			"Segments": [
				0,
				0,
				0,
				0.333,
				0,
				1,
				0.433,
				0,
				0.533,
				3,
				0.633,
				3,
				1,
				0.722,
				3,
				0.811,
				0,
				0.9,
				0,
				0,
				1.267,
				0,
				1,
				1.633,
				0,
				2.566,
				3,
				2.367,
				3,
				1,
				2.456,
				3,
				2.544,
				0,
				2.633,
				0,
				0,
				3,
				0,
				0,
				3.6,
				0
			]
		},
		{
			"Target": "Parameter",
			"Id": "PARAM_TEARS",
			"Segments": [
				0,
				0,
				0,
				3.6,
				0
			]
		},
		{
			"Target": "Parameter",
			"Id": "PARAM_SWEAT",
			"Segments": [
				0,
				0,
				0,
				3.6,
				0
			]
		},
		{
			"Target": "Parameter",
			"Id": "PARAM_ANGRY",
			"Segments": [
				0,
				0,
				0,
				3.6,
				0
			]
		},
		{
			"Target": "Parameter",
			"Id": "PARAM_SHOCK",
			"Segments": [
				0,
				0,
				0,
				3.6,
				0
			]
		},
		{
			"Target": "PartOpacity",
			"Id": "PARTS_01_ZF",
			"Segments": [
				0,
				0,
				0,
				3.6,
				0
			]
		}
	]
}