{
	"Version": 3,
	"Meta": {
		"Duration": 5,
		"Fps": 60.0,
		"Loop": true,
		"AreBeziersRestricted": true,
		"CurveCount": 35,
		"TotalSegmentCount": 160,
		"TotalPointCount": 467,
		"UserDataCount": 0,
		"TotalUserDataSize": 0
	},
	"Curves": [
		{
			"Target": "Parameter",
			"Id": "PARAM_ANGLE_X",
			"Segments": [
				0,
				-10,
				1,
				0.144,
				-10,
				0.289,
				0,
				0.433,
				0,
				1,
				0.567,
				0,
				0.7,
				-2,
				0.833,
				-2,
				1,
				1.067,
				-2,
				1.306,
				-10,
				1.383,
				-10,
				1,
				1.789,
				-10,
				1.967,
				-3,
				2.217,
				-3,
				1,
				2.456,
				-3.238,
				2.911,
				-10,
				3.15,
				-10,
				1,
				3.767,
				-10,
				4.383,
				-10,
				5,
				-10
			]
		},
		{
			"Target": "Parameter",
			"Id": "PARAM_ANGLE_Y",
			"Segments": [
				0,
				-10,
				1,
				0.278,
				-10,
				0.7,
				9,
				0.833,
				9,
				1,
				1.067,
				9,
				0.989,
				3,
				1.067,
				3,
				1,
				1.383,
				3,
				1.272,
				8,
				1.383,
				8,
				1,
				1.678,
				8,
				1.65,
				10,
				1.783,
				10,
				1,
				1.928,
				10,
				1.967,
				1.515,
				2.217,
				1,
				1,
				2.456,
				1,
				2.889,
				-5,
				3.15,
				-5,
				1,
				3.767,
				-5,
				4.383,
				0,
				5,
				0
			]
		},
		{
			"Target": "Parameter",
			"Id": "PARAM_ANGLE_Z",
			"Segments": [
				0,
				0,
				1,
				0.144,
				0,
				0.289,
				5,
				0.433,
				5,
				1,
				0.567,
				5,
				0.7,
				1.392,
				0.833,
				1,
				1,
				1.017,
				0.461,
				1.2,
				0.455,
				1.383,
				0,
				1,
				1.517,
				-0.331,
				1.65,
				-1,
				1.783,
				-1,
				1,
				1.928,
				-1,
				2.072,
				0,
				2.217,
				0,
				1,
				2.489,
				0,
				2.761,
				-10,
				3.033,
				-10,
				1,
				3.689,
				-10,
				4.344,
				-7,
				5,
				-7
			]
		},
		{
			"Target": "Parameter",
			"Id": "PARAM_EYE_L_OPEN",
			"Segments": [
				0,
				0,
				1,
				0.144,
				0.002,
				0.289,
				1.25,
				0.433,
				1.25,
				0,
				0.833,
				1.25,
				1,
				0.911,
				1.245,
				0.989,
				0.005,
				1.067,
				0,
				1,
				1.172,
				0.005,
				1.278,
				1.245,
				1.383,
				1.25,
				0,
				1.783,
				1.25,
				1,
				1.844,
				1.245,
				1.906,
				0.005,
				1.967,
				0,
				1,
				2.011,
				0,
				2.056,
				0.284,
				2.1,
				0.55,
				1,
				2.122,
				0.685,
				2.144,
				0.811,
				2.167,
				0.897,
				1,
				2.194,
				1.019,
				2.222,
				0.999,
				2.25,
				1,
				1,
				2.367,
				1,
				2.483,
				0.998,
				2.6,
				0.941,
				1,
				2.611,
				0.936,
				2.622,
				0.93,
				2.633,
				0.924,
				1,
				2.65,
				0.9,
				2.667,
				0.938,
				2.683,
				0.85,
				1,
				2.711,
				0.761,
				2.739,
				0.673,
				2.767,
				0.584,
				1,
				2.828,
				0.39,
				2.889,
				0.195,
				2.95,
				0,
				0,
				5,
				0
			]
		},
		{
			"Target": "Parameter",
			"Id": "PARAM_EYE_R_OPEN",
			"Segments": [
				0,
				0,
				1,
				0.144,
				0.002,
				0.289,
				1.25,
				0.433,
				1.25,
				0,
				0.833,
				1.25,
				1,
				0.911,
				1.245,
				0.989,
				0.005,
				1.067,
				0,
				1,
				1.172,
				0.005,
				1.278,
				1.245,
				1.383,
				1.25,
				0,
				1.783,
				1.25,
				1,
				1.844,
				1.245,
				1.906,
				0.005,
				1.967,
				0,
				1,
				2.011,
				0,
				2.056,
				0.284,
				2.1,
				0.55,
				1,
				2.122,
				0.685,
				2.144,
				0.811,
				2.167,
				0.897,
				1,
				2.194,
				1.019,
				2.222,
				0.999,
				2.25,
				1,
				1,
				2.367,
				1,
				2.483,
				0.998,
				2.6,
				0.94,
				1,
				2.611,
				0.934,
				2.622,
				0.928,
				2.633,
				0.921,
				1,
				2.65,
				0.898,
				2.667,
				0.935,
				2.683,
				0.847,
				1,
				2.711,
				0.759,
				2.739,
				0.671,
				2.767,
				0.582,
				1,
				2.828,
				0.388,
				2.889,
				0.194,
				2.95,
				0,
				0,
				5,
				0
			]
		},
		{
			"Target": "Parameter",
			"Id": "PARAM_EYE_L_SMILE",
			"Segments": [
				0,
				0,
				1,
				0.739,
				0,
				1.478,
				0,
				2.217,
				0,
				1,
				2.367,
				0,
				2.517,
				1,
				2.667,
				1,
				1,
				3.444,
				1,
				4.222,
				1,
				5,
				1
			]
		},
		{
			"Target": "Parameter",
			"Id": "PARAM_EYE_R_SMILE",
			"Segments": [
				0,
				0,
				1,
				0.739,
				0,
				1.478,
				0,
				2.217,
				0,
				1,
				2.367,
				0,
				2.517,
				1,
				2.667,
				1,
				1,
				3.444,
				1,
				4.222,
				1,
				5,
				1
			]
		},
		{
			"Target": "Parameter",
			"Id": "PARAM_EYE_BALL_X",
			"Segments": [
				0,
				-0.7,
				1,
				0.356,
				-0.7,
				0.711,
				-0.7,
				1.067,
				-0.7,
				1,
				1.172,
				-0.7,
				1.278,
				-0.4,
				1.383,
				-0.4,
				1,
				2.589,
				-0.4,
				3.794,
				-0.7,
				5,
				-0.7
			]
		},
		{
			"Target": "Parameter",
			"Id": "PARAM_EYE_BALL_Y",
			"Segments": [
				0,
				0.1,
				1,
				0.356,
				0.1,
				0.711,
				0.1,
				1.067,
				0.1,
				1,
				1.172,
				0.1,
				1.278,
				0,
				1.383,
				0,
				1,
				2.589,
				0,
				3.794,
				0.1,
				5,
				0.1
			]
		},
		{
			"Target": "Parameter",
			"Id": "PARAM_EYE_DEFORM",
			"Segments": [
				0,
				0,
				0,
				5,
				0
			]
		},
		{
			"Target": "Parameter",
			"Id": "PARAM_EYEBALL_ZOOM",
			"Segments": [
				0,
				0,
				0,
				5,
				0
			]
		},
		{
			"Target": "Parameter",
			"Id": "PARAM_EYE_L_EX",
			"Segments": [
				0,
				0,
				0,
				5,
				0
			]
		},
		{
			"Target": "Parameter",
			"Id": "PARAM_EYE_R_EX",
			"Segments": [
				0,
				0,
				0,
				5,
				0
			]
		},
		{
			"Target": "Parameter",
			"Id": "PARAM_BROW_L_X",
			"Segments": [
				0,
				0,
				0,
				5,
				0
			]
		},
		{
			"Target": "Parameter",
			"Id": "PARAM_BROW_R_X",
			"Segments": [
				0,
				0,
				0,
				5,
				0
			]
		},
		{
			"Target": "Parameter",
			"Id": "PARAM_BROW_L_Y",
			"Segments": [
				0,
				0.5,
				1,
				0.278,
				0.5,
				0.556,
				0.5,
				0.833,
				0.5,
				1,
				0.917,
				0.5,
				1,
				0.5,
				1.083,
				0.5,
				1,
				1.372,
				0.5,
				1.661,
				0.376,
				1.95,
				0,
				1,
				2.267,
				-0.412,
				2.583,
				-0.7,
				2.9,
				-0.7,
				1,
				3.6,
				-0.7,
				4.3,
				-0.7,
				5,
				-0.7
			]
		},
		{
			"Target": "Parameter",
			"Id": "PARAM_BROW_R_Y",
			"Segments": [
				0,
				0.5,
				1,
				0.278,
				0.5,
				0.556,
				0.5,
				0.833,
				0.5,
				1,
				0.917,
				0.5,
				1,
				0.5,
				1.083,
				0.5,
				1,
				1.372,
				0.5,
				1.661,
				0.376,
				1.95,
				0,
				1,
				2.267,
				-0.412,
				2.583,
				-0.7,
				2.9,
				-0.7,
				1,
				3.6,
				-0.7,
				4.3,
				-0.7,
				5,
				-0.7
			]
		},
		{
			"Target": "Parameter",
			"Id": "PARAM_BROW_L_ANGLE",
			"Segments": [
				0,
				0.3,
				1,
				0.278,
				0.3,
				0.556,
				0.3,
				0.833,
				0.3,
				1,
				0.917,
				0.3,
				1,
				0.3,
				1.083,
				0.3,
				0,
				5,
				0.3
			]
		},
		{
			"Target": "Parameter",
			"Id": "PARAM_BROW_R_ANGLE",
			"Segments": [
				0,
				0.3,
				1,
				0.278,
				0.3,
				0.556,
				0.3,
				0.833,
				0.3,
				1,
				0.917,
				0.3,
				1,
				0.3,
				1.083,
				0.3,
				0,
				5,
				0.3
			]
		},
		{
			"Target": "Parameter",
			"Id": "PARAM_BROW_L_FORM",
			"Segments": [
				0,
				-0.3,
				1,
				0.278,
				-0.3,
				0.556,
				-0.3,
				0.833,
				-0.3,
				1,
				0.917,
				-0.3,
				1,
				-0.3,
				1.083,
				-0.3,
				1,
				1.372,
				-0.3,
				1.661,
				-0.3,
				1.95,
				-0.3,
				1,
				2.267,
				-0.3,
				2.583,
				1,
				2.9,
				1,
				1,
				3.6,
				1,
				4.3,
				1,
				5,
				1
			]
		},
		{
			"Target": "Parameter",
			"Id": "PARAM_BROW_R_FORM",
			"Segments": [
				0,
				-0.3,
				1,
				0.278,
				-0.3,
				0.556,
				-0.3,
				0.833,
				-0.3,
				1,
				0.917,
				-0.3,
				1,
				-0.3,
				1.083,
				-0.3,
				1,
				1.372,
				-0.3,
				1.661,
				-0.3,
				1.95,
				-0.3,
				1,
				2.267,
				-0.3,
				2.583,
				1,
				2.9,
				1,
				1,
				3.6,
				1,
				4.3,
				1,
				5,
				1
			]
		},
		{
			"Target": "Parameter",
			"Id": "PARAM_MOUTH_FORM",
			"Segments": [
				0,
				-2,
				1,
				0.278,
				-2,
				0.556,
				-2,
				0.833,
				-2,
				1,
				0.917,
				-2,
				1,
				-2,
				1.083,
				-2,
				1,
				1.1,
				-2,
				1.117,
				-1.315,
				1.133,
				-1.041,
				1,
				1.183,
				-0.219,
				1.233,
				0,
				1.283,
				0,
				1,
				1.506,
				0,
				1.728,
				0,
				1.95,
				0,
				1,
				2.017,
				0,
				2.083,
				0.404,
				2.15,
				0.5,
				1,
				2.422,
				0.891,
				2.694,
				1,
				2.967,
				1,
				1,
				3.644,
				1,
				4.322,
				1,
				5,
				1
			]
		},
		{
			"Target": "Parameter",
			"Id": "PARAM_MOUTH_OPEN_Y",
			"Segments": [
				0,
				0,
				0,
				1.083,
				0,
				1,
				1.15,
				0,
				1.217,
				0.798,
				1.283,
				0.8,
				0,
				1.4,
				0.8,
				3,
				1.417,
				0.8,
				0,
				1.433,
				0.8,
				0,
				1.567,
				0.8,
				1,
				1.728,
				0.801,
				1.889,
				0,
				2.05,
				0,
				0,
				5,
				0
			]
		},
		{
			"Target": "Parameter",
			"Id": "PARAM_MOUTH_FORM_B",
			"Segments": [
				0,
				0,
				1,
				1.667,
				0,
				3.333,
				0,
				5,
				0
			]
		},
		{
			"Target": "Parameter",
			"Id": "PARAM_MOUTH_FORMIN",
			"Segments": [
				0,
				0,
				0,
				5,
				0
			]
		},
		{
			"Target": "Parameter",
			"Id": "PARAM_CHEEK",
			"Segments": [
				0,
				0,
				0,
				1.083,
				0,
				1,
				1.15,
				0,
				1.217,
				1,
				1.283,
				1,
				0,
				5,
				1
			]
		},
		{
			"Target": "Parameter",
			"Id": "PARAM_BODY_ANGLE_X",
			"Segments": [
				0,
				-10,
				1,
				0.144,
				-10,
				0.289,
				-2.401,
				0.433,
				0,
				1,
				0.567,
				2.217,
				0.7,
				2,
				0.833,
				2,
				1,
				1.017,
				2,
				1.2,
				-1,
				1.383,
				-1,
				1,
				1.711,
				-1,
				2.039,
				2,
				2.367,
				2,
				1,
				2.733,
				2,
				3.1,
				-1,
				3.467,
				-1,
				1,
				3.978,
				-1,
				4.489,
				0,
				5,
				0
			]
		},
		{
			"Target": "Parameter",
			"Id": "PARAM_BODY_ANGLE_Y",
			"Segments": [
				0,
				-10,
				1,
				0.144,
				-10,
				0.289,
				6,
				0.433,
				6,
				1,
				0.567,
				6,
				0.7,
				-3,
				0.833,
				-3,
				1,
				0.911,
				-3,
				0.989,
				-3.253,
				1.067,
				-2,
				1,
				1.172,
				-0.3,
				1.278,
				6,
				1.383,
				6,
				1,
				1.622,
				6,
				1.861,
				0,
				2.1,
				0,
				1,
				2.233,
				0,
				2.367,
				10,
				2.5,
				10,
				1,
				2.644,
				10,
				2.789,
				0,
				2.933,
				0,
				1,
				3.622,
				0,
				4.311,
				0,
				5,
				0
			]
		},
		{
			"Target": "Parameter",
			"Id": "PARAM_BODY_ANGLE_Z",
			"Segments": [
				0,
				1,
				1,
				0.144,
				1,
				0.289,
				3.84,
				0.433,
				5,
				1,
				0.567,
				6.071,
				0.7,
				6,
				0.833,
				6,
				1,
				1.017,
				6,
				1.2,
				4.88,
				1.383,
				2,
				1,
				1.622,
				-1.753,
				1.861,
				-4,
				2.1,
				-4,
				1,
				2.411,
				-4,
				2.722,
				6,
				3.033,
				6,
				1,
				3.317,
				6,
				3.6,
				-6,
				3.883,
				-6,
				1,
				4.256,
				-6,
				4.628,
				-4,
				5,
				-4
			]
		},
		{
			"Target": "Parameter",
			"Id": "PARAM_ARM_L_Z",
			"Segments": [
				0,
				-1,
				1,
				0.144,
				-1,
				0.289,
				-6,
				0.433,
				-6,
				1,
				0.567,
				-6,
				0.7,
				-0.4,
				0.833,
				0,
				1,
				1.017,
				0.55,
				1.2,
				0.492,
				1.383,
				1,
				1,
				1.711,
				1.909,
				2.039,
				2.931,
				2.367,
				2.931,
				1,
				3.244,
				2.931,
				4.122,
				2.931,
				5,
				2.931
			]
		},
		{
			"Target": "Parameter",
			"Id": "PARAM_ARM_R_Z",
			"Segments": [
				0,
				0,
				1,
				0.144,
				0,
				0.289,
				5,
				0.433,
				5,
				1,
				0.567,
				5,
				0.7,
				0.755,
				0.833,
				0,
				1,
				1.017,
				-1.038,
				1.2,
				-1,
				1.383,
				-1,
				1,
				1.711,
				-1,
				2.039,
				-0.733,
				2.367,
				-0.733,
				1,
				3.244,
				-0.733,
				4.122,
				-0.733,
				5,
				-0.733
			]
		},
		{
			"Target": "Parameter",
			"Id": "PARAM_HAND_L_Z",
			"Segments": [
				0,
				2,
				1,
				0.144,
				2,
				0.289,
				-8,
				0.433,
				-8,
				1,
				0.567,
				-8,
				0.7,
				-0.781,
				0.833,
				0,
				1,
				1.017,
				1.073,
				1.2,
				1,
				1.383,
				1,
				1,
				1.711,
				1,
				2.039,
				0.733,
				2.367,
				0.733,
				1,
				3.244,
				0.733,
				4.122,
				0.733,
				5,
				0.733
			]
		},
		{
			"Target": "Parameter",
			"Id": "PARAM_HAND_R_Z",
			"Segments": [
				0,
				2,
				1,
				0.144,
				2,
				0.289,
				6,
				0.433,
				6,
				1,
				0.567,
				6,
				0.7,
				1.977,
				0.833,
				0,
				1,
				1.017,
				-2.719,
				1.2,
				-3,
				1.383,
				-3,
				1,
				1.711,
				-3,
				2.039,
				-2.198,
				2.367,
				-2.198,
				1,
				3.244,
				-2.198,
				4.122,
				-2.198,
				5,
				-2.198
			]
		},
		{
			"Target": "Parameter",
			"Id": "PARAM_BREATH",
			"Segments": [
				0,
				0,
				1,
				0.761,
				0,
				1.522,
				1,
				2.283,
				1,
				1,
				2.722,
				1,
				3.161,
				0,
				3.6,
				0,
				1,
				4.067,
				0,
				4.533,
				1,
				5,
				1
			]
		},
		{
			"Target": "PartOpacity",
			"Id": "PARTS_01_ZF",
			"Segments": [
				0,
				0,
				0,
				5,
				0
			]
		}
	]
}