{
	"type":"Live2D Expression",
	"fade_in":500,
	"fade_out":500,
	"params":[
		{"id":"Param4","val":-1},
		{"id":"Param3","val":-1},
		{"id":"Param5","val":-1},
		{"id":"Param6","val":-30},
		{"id":"Param7","val":-30},
		{"id":"Param8","val":-30},
		{"id":"Param9","val":-30},
		{"id":"Param10","val":-30},
		{"id":"Param11","val":-30},
		{"id":"Param13","val":-30},
		{"id":"Param14","val":-30},
		{"id":"Param15","val":30},
		{"id":"Param17","val":-30},
		{"id":"Param19","val":-30},
		{"id":"Param22","val":30},
		{"id":"Param23","val":-30}
	]
}