{
	"type":"Live2D Expression",
	"fade_in":1,
	"fade_out":500,
	"params":[
		{"id":"PARAM_GLASS_01","val":-1},
		{"id":"PARAM_GLASS_02","val":-1},
		{"id":"PARAM_GLASS_03","val":-1},
		{"id":"PARAM_GLASS_01_2","val":-1},
		{"id":"PARAM_GLASS_01_3","val":-1},
		{"id":"PARAM_GLASS_01_4","val":-1},
		{"id":"PARAM_GLASS_01_5","val":1},
		{"id":"PARAM_GLASS_02_2","val":-1},
		{"id":"PARAM_GLASS_02_3","val":-1},
		{"id":"PARAM_GLASS_02_4","val":-1},
		{"id":"PARAM_GLASS_02_5","val":-1},
		{"id":"PARAM_GLASS_03_2","val":-1},
		{"id":"PARAM_GLASS_03_3","val":-1},
		{"id":"PARAM_GLASS_03_4","val":-1},
		{"id":"PARAM_GLASS_03_5","val":-1}
	]
}