{
	"Version": 3,
	"Meta": {
		"Duration": 8.717,
		"Fps": 60.0,
		"Loop": true,
		"AreBeziersRestricted": true,
		"CurveCount": 31,
		"TotalSegmentCount": 243,
		"TotalPointCount": 566,
		"UserDataCount": 0,
		"TotalUserDataSize": 0
	},
	"Curves": [
		{
			"Target": "Parameter",
			"Id": "PARAM_ANGLE_X",
			"Segments": [
				0,
				-7,
				0,
				0.383,
				-7,
				1,
				0.656,
				-7,
				0.927,
				0,
				1.2,
				0,
				0,
				6.733,
				0,
				0,
				8.717,
				0
			]
		},
		{
			"Target": "Parameter",
			"Id": "PARAM_ANGLE_Y",
			"Segments": [
				0,
				0,
				0,
				0.383,
				0,
				1,
				0.517,
				0,
				0.65,
				-7,
				0.783,
				-7,
				1,
				0.922,
				-7,
				1.061,
				2,
				1.2,
				2,
				1,
				1.422,
				2,
				1.644,
				1.383,
				1.867,
				0,
				1,
				2.072,
				-1.279,
				2.277,
				-2,
				2.483,
				-2,
				1,
				2.678,
				-2,
				2.872,
				0,
				3.067,
				0,
				1,
				3.489,
				0,
				3.911,
				0,
				4.333,
				0,
				1,
				4.522,
				0,
				4.711,
				2,
				4.9,
				2,
				0,
				6.733,
				2,
				1,
				7.044,
				2,
				7.356,
				2,
				7.667,
				2,
				1,
				7.889,
				2,
				8.111,
				0,
				8.333,
				0,
				0,
				8.717,
				0
			]
		},
		{
			"Target": "Parameter",
			"Id": "PARAM_ANGLE_Z",
			"Segments": [
				0,
				-3,
				0,
				0.383,
				-3,
				1,
				0.656,
				-3,
				0.927,
				-2.676,
				1.2,
				-1,
				1,
				1.422,
				0.368,
				1.644,
				2,
				1.867,
				2,
				1,
				2.072,
				2,
				2.277,
				1.978,
				2.483,
				1,
				1,
				2.633,
				0.286,
				2.783,
				-2,
				2.933,
				-2,
				1,
				3.15,
				-2,
				3.366,
				-1.392,
				3.583,
				-1,
				1,
				3.833,
				-0.548,
				4.083,
				-0.564,
				4.333,
				0,
				1,
				4.522,
				0.426,
				4.711,
				8,
				4.9,
				8,
				1,
				5.128,
				8,
				5.355,
				7,
				5.583,
				7,
				0,
				6.733,
				7,
				1,
				7.044,
				7,
				7.356,
				6.989,
				7.667,
				5,
				1,
				7.889,
				3.579,
				8.111,
				-2,
				8.333,
				-2,
				0,
				8.717,
				-2
			]
		},
		{
			"Target": "Parameter",
			"Id": "PARAM_EYE_L_OPEN",
			"Segments": [
				0,
				0,
				0,
				0.983,
				0,
				1,
				1.1,
				0.002,
				1.217,
				1.25,
				1.333,
				1.25,
				0,
				1.967,
				1.25,
				1,
				2.078,
				1.25,
				2.189,
				0.002,
				2.3,
				0,
				1,
				2.422,
				-0.002,
				2.544,
				1.002,
				2.667,
				1,
				0,
				3.35,
				1,
				1,
				3.433,
				0.998,
				3.517,
				0,
				3.6,
				0,
				1,
				3.744,
				0,
				3.889,
				0.998,
				4.033,
				1,
				0,
				4.333,
				1,
				1,
				4.444,
				1.002,
				4.556,
				-0.002,
				4.667,
				0,
				0,
				7.733,
				0,
				1,
				7.939,
				0.001,
				8.144,
				0.999,
				8.35,
				1,
				0,
				8.717,
				1
			]
		},
		{
			"Target": "Parameter",
			"Id": "PARAM_EYE_R_OPEN",
			"Segments": [
				0,
				0,
				0,
				0.983,
				0,
				1,
				1.1,
				0.002,
				1.217,
				1.25,
				1.333,
				1.25,
				0,
				1.967,
				1.25,
				1,
				2.078,
				1.25,
				2.189,
				0.002,
				2.3,
				0,
				1,
				2.422,
				-0.002,
				2.544,
				1.002,
				2.667,
				1,
				0,
				3.35,
				1,
				1,
				3.433,
				0.998,
				3.517,
				0,
				3.6,
				0,
				1,
				3.744,
				0,
				3.889,
				0.998,
				4.033,
				1,
				0,
				4.333,
				1,
				1,
				4.444,
				1.002,
				4.556,
				-0.002,
				4.667,
				0,
				0,
				7.733,
				0,
				1,
				7.939,
				0.001,
				8.144,
				0.999,
				8.35,
				1,
				0,
				8.717,
				1
			]
		},
		{
			"Target": "Parameter",
			"Id": "PARAM_EYE_L_SMILE",
			"Segments": [
				0,
				0,
				0,
				0.383,
				0,
				1,
				1.6,
				0,
				2.816,
				0,
				4.033,
				0,
				1,
				4.133,
				0,
				4.233,
				1,
				4.333,
				1,
				0,
				6.733,
				1,
				1,
				7.067,
				1,
				7.4,
				1,
				7.733,
				1,
				1,
				7.939,
				1,
				8.144,
				0,
				8.35,
				0,
				0,
				8.717,
				0
			]
		},
		{
			"Target": "Parameter",
			"Id": "PARAM_EYE_R_SMILE",
			"Segments": [
				0,
				0,
				0,
				0.383,
				0,
				1,
				1.6,
				0,
				2.816,
				0,
				4.033,
				0,
				1,
				4.133,
				0,
				4.233,
				1,
				4.333,
				1,
				0,
				6.733,
				1,
				1,
				7.067,
				1,
				7.4,
				1,
				7.733,
				1,
				1,
				7.939,
				1,
				8.144,
				0,
				8.35,
				0,
				0,
				8.717,
				0
			]
		},
		{
			"Target": "Parameter",
			"Id": "PARAM_EYE_BALL_X",
			"Segments": [
				0,
				0,
				0,
				0.383,
				0,
				1,
				0.6,
				0,
				0.816,
				0,
				1.033,
				0,
				1,
				1.133,
				0,
				1.233,
				0,
				1.333,
				0,
				1,
				1.778,
				0,
				2.222,
				0,
				2.667,
				0,
				1,
				3.122,
				0,
				3.577,
				0,
				4.033,
				0,
				0,
				6.733,
				0,
				0,
				8.717,
				0
			]
		},
		{
			"Target": "Parameter",
			"Id": "PARAM_EYE_BALL_Y",
			"Segments": [
				0,
				0,
				0,
				0.383,
				0,
				1,
				0.6,
				0,
				0.816,
				0,
				1.033,
				0,
				1,
				1.133,
				0,
				1.233,
				0.1,
				1.333,
				0.1,
				1,
				1.656,
				0.1,
				1.977,
				-0.1,
				2.3,
				-0.1,
				1,
				2.422,
				-0.1,
				2.544,
				0,
				2.667,
				0,
				1,
				3.122,
				0,
				3.577,
				0,
				4.033,
				0,
				0,
				6.733,
				0,
				0,
				8.717,
				0
			]
		},
		{
			"Target": "Parameter",
			"Id": "PARAM_EYE_DEFORM",
			"Segments": [
				0,
				0,
				0,
				0.383,
				0,
				1,
				1.194,
				0,
				2.005,
				0,
				2.817,
				0,
				0,
				6.733,
				0,
				0,
				8.717,
				0
			]
		},
		{
			"Target": "Parameter",
			"Id": "PARAM_EYEBALL_ZOOM",
			"Segments": [
				0,
				0,
				0,
				0.383,
				0,
				1,
				0.7,
				0,
				1.016,
				-0.4,
				1.333,
				-0.4,
				1,
				1.55,
				-0.4,
				1.766,
				-0.4,
				1.983,
				-0.4,
				1,
				2.261,
				-0.4,
				2.539,
				0,
				2.817,
				0,
				0,
				6.733,
				0,
				0,
				8.717,
				0
			]
		},
		{
			"Target": "Parameter",
			"Id": "PARAM_EYE_L_EX",
			"Segments": [
				0,
				0,
				0,
				0.383,
				0,
				0,
				6.733,
				0,
				0,
				8.717,
				0
			]
		},
		{
			"Target": "Parameter",
			"Id": "PARAM_EYE_R_EX",
			"Segments": [
				0,
				0,
				0,
				0.383,
				0,
				0,
				6.733,
				0,
				0,
				8.717,
				0
			]
		},
		{
			"Target": "Parameter",
			"Id": "PARAM_BROW_L_X",
			"Segments": [
				0,
				0,
				0,
				0.383,
				0,
				0,
				6.733,
				0,
				0,
				8.717,
				0
			]
		},
		{
			"Target": "Parameter",
			"Id": "PARAM_BROW_L_Y",
			"Segments": [
				0,
				0,
				0,
				0.383,
				0,
				1,
				0.583,
				0,
				0.783,
				0,
				0.983,
				0,
				1,
				1.1,
				0,
				1.216,
				0.6,
				1.333,
				0.6,
				1,
				1.55,
				0.6,
				1.766,
				0.6,
				1.983,
				0.6,
				1,
				2.261,
				0.6,
				2.539,
				0,
				2.817,
				0,
				1,
				3.322,
				0,
				3.827,
				0,
				4.333,
				0,
				1,
				4.444,
				0,
				4.555,
				-0.3,
				4.667,
				-0.3,
				0,
				6.733,
				-0.3,
				0,
				8.717,
				-0.3
			]
		},
		{
			"Target": "Parameter",
			"Id": "PARAM_BROW_R_X",
			"Segments": [
				0,
				0,
				0,
				0.383,
				0,
				0,
				6.733,
				0,
				0,
				8.717,
				0
			]
		},
		{
			"Target": "Parameter",
			"Id": "PARAM_BROW_R_Y",
			"Segments": [
				0,
				0,
				0,
				0.383,
				0,
				1,
				0.583,
				0,
				0.783,
				0,
				0.983,
				0,
				1,
				1.1,
				0,
				1.216,
				0.6,
				1.333,
				0.6,
				1,
				1.55,
				0.6,
				1.766,
				0.6,
				1.983,
				0.6,
				1,
				2.261,
				0.6,
				2.539,
				0,
				2.817,
				0,
				1,
				3.322,
				0,
				3.827,
				0,
				4.333,
				0,
				1,
				4.444,
				0,
				4.555,
				-0.3,
				4.667,
				-0.3,
				0,
				6.733,
				-0.3,
				0,
				8.717,
				-0.3
			]
		},
		{
			"Target": "Parameter",
			"Id": "PARAM_BROW_L_ANGLE",
			"Segments": [
				0,
				0,
				0,
				0.383,
				0,
				1,
				0.583,
				0,
				0.783,
				0,
				0.983,
				0,
				1,
				1.1,
				0,
				1.216,
				-0.2,
				1.333,
				-0.2,
				1,
				1.55,
				-0.2,
				1.766,
				-0.2,
				1.983,
				-0.2,
				1,
				2.261,
				-0.2,
				2.539,
				0,
				2.817,
				0,
				1,
				3.322,
				0,
				3.827,
				0,
				4.333,
				0,
				1,
				4.444,
				0,
				4.555,
				-0.2,
				4.667,
				-0.2,
				0,
				6.733,
				-0.2,
				0,
				8.717,
				-0.2
			]
		},
		{
			"Target": "Parameter",
			"Id": "PARAM_BROW_R_ANGLE",
			"Segments": [
				0,
				0,
				0,
				0.383,
				0,
				1,
				0.583,
				0,
				0.783,
				0,
				0.983,
				0,
				1,
				1.1,
				0,
				1.216,
				-0.2,
				1.333,
				-0.2,
				1,
				1.55,
				-0.2,
				1.766,
				-0.2,
				1.983,
				-0.2,
				1,
				2.261,
				-0.2,
				2.539,
				0,
				2.817,
				0,
				1,
				3.322,
				0,
				3.827,
				0,
				4.333,
				0,
				1,
				4.444,
				0,
				4.555,
				-0.2,
				4.667,
				-0.2,
				0,
				6.733,
				-0.2,
				0,
				8.717,
				-0.2
			]
		},
		{
			"Target": "Parameter",
			"Id": "PARAM_BROW_L_FORM",
			"Segments": [
				0,
				0,
				0,
				0.383,
				0,
				1,
				0.583,
				0,
				0.783,
				0,
				0.983,
				0,
				1,
				1.1,
				0,
				1.216,
				0.5,
				1.333,
				0.5,
				1,
				1.55,
				0.5,
				1.766,
				0.5,
				1.983,
				0.5,
				1,
				2.261,
				0.5,
				2.539,
				0,
				2.817,
				0,
				1,
				3.322,
				0,
				3.827,
				0,
				4.333,
				0,
				1,
				4.444,
				0,
				4.555,
				0.5,
				4.667,
				0.5,
				0,
				6.733,
				0.5,
				0,
				8.717,
				0.5
			]
		},
		{
			"Target": "Parameter",
			"Id": "PARAM_BROW_R_FORM",
			"Segments": [
				0,
				0,
				0,
				0.383,
				0,
				1,
				0.583,
				0,
				0.783,
				0,
				0.983,
				0,
				1,
				1.1,
				0,
				1.216,
				0.5,
				1.333,
				0.5,
				1,
				1.55,
				0.5,
				1.766,
				0.5,
				1.983,
				0.5,
				1,
				2.261,
				0.5,
				2.539,
				0,
				2.817,
				0,
				1,
				3.322,
				0,
				3.827,
				0,
				4.333,
				0,
				1,
				4.444,
				0,
				4.555,
				0.5,
				4.667,
				0.5,
				0,
				6.733,
				0.5,
				0,
				8.717,
				0.5
			]
		},
		{
			"Target": "Parameter",
			"Id": "PARAM_MOUTH_FORM",
			"Segments": [
				0,
				1,
				0,
				0.383,
				1,
				1,
				0.583,
				1,
				0.783,
				0.976,
				0.983,
				0.7,
				1,
				1.1,
				0.539,
				1.216,
				0,
				1.333,
				0,
				1,
				1.55,
				0,
				1.766,
				0,
				1.983,
				0,
				1,
				2.189,
				0,
				2.394,
				0,
				2.6,
				0,
				1,
				2.678,
				0,
				2.755,
				1,
				2.833,
				1,
				1,
				3.333,
				1,
				3.833,
				1,
				4.333,
				1,
				0,
				6.733,
				1,
				1,
				6.95,
				1,
				7.167,
				1,
				7.383,
				1,
				0,
				8.717,
				1
			]
		},
		{
			"Target": "Parameter",
			"Id": "PARAM_MOUTH_OPEN_Y",
			"Segments": [
				0,
				0,
				0,
				1.333,
				0,
				1,
				1.383,
				0.004,
				1.433,
				0.996,
				1.483,
				1,
				0,
				1.983,
				1,
				1,
				2.189,
				1,
				2.394,
				-0.001,
				2.6,
				0,
				0,
				4.333,
				0,
				1,
				4.444,
				-0.002,
				4.556,
				1.002,
				4.667,
				1,
				0,
				7.383,
				1,
				1,
				7.489,
				1.002,
				7.594,
				-0.002,
				7.7,
				0,
				0,
				8.717,
				0
			]
		},
		{
			"Target": "Parameter",
			"Id": "PARAM_MOUTH_FORM_B",
			"Segments": [
				0,
				0,
				0,
				0.383,
				0,
				1,
				0.583,
				0,
				0.783,
				0,
				0.983,
				0,
				1,
				0.989,
				0,
				0.994,
				1,
				1,
				1,
				1,
				1.111,
				1,
				1.222,
				1,
				1.333,
				1,
				1,
				1.55,
				1,
				1.766,
				1,
				1.983,
				1,
				1,
				2.183,
				1,
				2.383,
				1,
				2.583,
				1,
				1,
				2.589,
				1,
				2.594,
				1,
				2.6,
				1,
				1,
				2.678,
				1,
				2.755,
				0,
				2.833,
				0,
				1,
				3.333,
				0,
				3.833,
				0,
				4.333,
				0,
				0,
				6.733,
				0,
				1,
				6.95,
				0,
				7.167,
				0,
				7.383,
				0,
				0,
				8.717,
				0
			]
		},
		{
			"Target": "Parameter",
			"Id": "PARAM_CHEEK",
			"Segments": [
				0,
				0,
				0,
				0.383,
				0,
				0,
				4.333,
				0,
				1,
				4.444,
				0,
				4.555,
				1,
				4.667,
				1,
				0,
				7.55,
				1,
				0,
				8.717,
				1
			]
		},
		{
			"Target": "Parameter",
			"Id": "PARAM_BODY_ANGLE_X",
			"Segments": [
				0,
				-10,
				0,
				0.383,
				-10,
				1,
				0.656,
				-10,
				0.927,
				0,
				1.2,
				0,
				0,
				6.667,
				0,
				0,
				8.717,
				0
			]
		},
		{
			"Target": "Parameter",
			"Id": "PARAM_BODY_ANGLE_Y",
			"Segments": [
				0,
				0,
				0,
				0.383,
				0,
				1,
				0.517,
				0,
				0.65,
				-4,
				0.783,
				-4,
				1,
				0.928,
				-4,
				1.072,
				10,
				1.217,
				10,
				1,
				1.339,
				10,
				1.461,
				-1,
				1.583,
				-1,
				1,
				1.717,
				-1,
				1.85,
				-1,
				1.983,
				-1,
				1,
				2.061,
				-1,
				2.139,
				-3,
				2.217,
				-3,
				1,
				2.322,
				-3,
				2.427,
				5,
				2.533,
				5,
				1,
				2.678,
				5,
				2.822,
				3.601,
				2.967,
				2,
				1,
				3.172,
				-0.279,
				3.377,
				-1,
				3.583,
				-1,
				1,
				3.817,
				-1,
				4.05,
				0,
				4.283,
				0,
				1,
				4.494,
				0,
				4.705,
				0,
				4.917,
				0,
				0,
				6.667,
				0,
				0,
				8.717,
				0
			]
		},
		{
			"Target": "Parameter",
			"Id": "PARAM_BODY_ANGLE_Z",
			"Segments": [
				0,
				-2,
				0,
				0.383,
				-2,
				1,
				0.828,
				-2,
				1.272,
				2,
				1.717,
				2,
				1,
				2.133,
				2,
				2.55,
				1.339,
				2.967,
				0,
				1,
				3.172,
				-0.661,
				3.377,
				-1,
				3.583,
				-1,
				1,
				3.817,
				-1,
				4.05,
				-1.115,
				4.283,
				0,
				1,
				4.494,
				1.009,
				4.705,
				6,
				4.917,
				6,
				0,
				6.667,
				6,
				1,
				7.35,
				6,
				8.033,
				1,
				8.717,
				1
			]
		},
		{
			"Target": "Parameter",
			"Id": "PARAM_ARM_R",
			"Segments": [
				0,
				-0.5,
				0,
				0.383,
				-0.5,
				1,
				0.55,
				-0.5,
				0.716,
				0.3,
				0.883,
				0.3,
				1,
				1.222,
				0.3,
				1.561,
				-0.1,
				1.9,
				-0.1,
				1,
				2.206,
				-0.1,
				2.511,
				0.3,
				2.817,
				0.3,
				1,
				3.072,
				0.3,
				3.327,
				0.109,
				3.583,
				0,
				1,
				3.817,
				-0.1,
				4.05,
				-0.1,
				4.283,
				-0.1,
				1,
				4.511,
				-0.1,
				4.739,
				0.1,
				4.967,
				0.1,
				0,
				7.55,
				0.1,
				1,
				7.939,
				0.1,
				8.328,
				-0.1,
				8.717,
				-0.1
			]
		},
		{
			"Target": "Parameter",
			"Id": "PARAM_HAND_R",
			"Segments": [
				0,
				-0.7,
				0,
				0.383,
				-0.7,
				1,
				1.194,
				-0.7,
				2.005,
				-0.3,
				2.817,
				-0.3,
				1,
				3.189,
				-0.3,
				3.561,
				-1,
				3.933,
				-1,
				1,
				4.261,
				-1,
				4.589,
				-0.5,
				4.917,
				-0.5,
				0,
				7.55,
				-0.5,
				1,
				7.939,
				-0.5,
				8.328,
				-0.1,
				8.717,
				-0.1
			]
		},
		{
			"Target": "Parameter",
			"Id": "PARAM_BREATH",
			"Segments": [
				0,
				0,
				0,
				0.383,
				0,
				1,
				0.883,
				0,
				1.383,
				1,
				1.883,
				1,
				1,
				2.244,
				1,
				2.605,
				0,
				2.967,
				0,
				1,
				3.406,
				0,
				3.844,
				1,
				4.283,
				1,
				1,
				4.744,
				1,
				5.205,
				0,
				5.667,
				0,
				1,
				6.117,
				0,
				6.566,
				1,
				7.017,
				1,
				1,
				7.583,
				1,
				8.15,
				0,
				8.717,
				0
			]
		}
	]
}