{
	"version":"Sample 1.0.0",
	"model":"kanransha_night.moc",
	"textures":[
		"kanransha_night.2048/texture_00.png",
		"kanransha_night.2048/texture_01.png"
	],
	"expressions":[
		{"name":"01","file":"expression/01.exp.json"},
		{"name":"02","file":"expression/02.exp.json"},
		{"name":"03","file":"expression/03.exp.json"},
		{"name":"04","file":"expression/04.exp.json"},
		{"name":"05","file":"expression/05.exp.json"},
		{"name":"06","file":"expression/06.exp.json"},
		{"name":"07","file":"expression/07.exp.json"},
		{"name":"08","file":"expression/08.exp.json"},
		{"name":"09","file":"expression/09.exp.json"},
		{"name":"10","file":"expression/10.exp.json"},
		{"name":"11","file":"expression/11.exp.json"},
		{"name":"12","file":"expression/12.exp.json"},
		{"name":"13","file":"expression/13.exp.json"},
		{"name":"14","file":"expression/14.exp.json"},
		{"name":"15","file":"expression/15.exp.json"},
		{"name":"16","file":"expression/16.exp.json"},
		{"name":"17","file":"expression/17.exp.json"},
		{"name":"18","file":"expression/18.exp.json"},
		{"name":"19","file":"expression/19.exp.json"},
		{"name":"20","file":"expression/20.exp.json"},
		{"name":"21","file":"expression/21.exp.json"},
		{"name":"22","file":"expression/22.exp.json"},
		{"name":"23","file":"expression/23.exp.json"},
		{"name":"24","file":"expression/24.exp.json"},
		{"name":"25","file":"expression/25.exp.json"},
		{"name":"26","file":"expression/26.exp.json"},
		{"name":"27","file":"expression/27.exp.json"},
		{"name":"28","file":"expression/28.exp.json"},
		{"name":"29","file":"expression/29.exp.json"},
		{"name":"30","file":"expression/30.exp.json"},
		{"name":"31","file":"expression/31.exp.json"},
		{"name":"32","file":"expression/32.exp.json"},
		{"name":"33","file":"expression/33.exp.json"},
		{"name":"34","file":"expression/34.exp.json"},
		{"name":"35","file":"expression/35.exp.json"},
		{"name":"36","file":"expression/36.exp.json"},
		{"name":"37","file":"expression/37.exp.json"},
		{"name":"38","file":"expression/38.exp.json"},
		{"name":"39","file":"expression/39.exp.json"},
		{"name":"40","file":"expression/40.exp.json"},
		{"name":"41","file":"expression/41.exp.json"},
		{"name":"42","file":"expression/42.exp.json"},
		{"name":"43","file":"expression/43.exp.json"},
		{"name":"44","file":"expression/44.exp.json"},
		{"name":"45","file":"expression/45.exp.json"},
		{"name":"46","file":"expression/46.exp.json"},
		{"name":"47","file":"expression/47.exp.json"},
		{"name":"48","file":"expression/48.exp.json"},
		{"name":"49","file":"expression/49.exp.json"},
		{"name":"50","file":"expression/50.exp.json"},
		{"name":"51","file":"expression/51.exp.json"},
		{"name":"52","file":"expression/52.exp.json"},
		{"name":"53","file":"expression/53.exp.json"},
		{"name":"54","file":"expression/54.exp.json"},
		{"name":"55","file":"expression/55.exp.json"},
		{"name":"56","file":"expression/56.exp.json"},
		{"name":"57","file":"expression/57.exp.json"},
		{"name":"58","file":"expression/58.exp.json"},
		{"name":"59","file":"expression/59.exp.json"},
		{"name":"60","file":"expression/60.exp.json"},
		{"name":"61","file":"expression/61.exp.json"},
		{"name":"62","file":"expression/62.exp.json"},
		{"name":"63","file":"expression/63.exp.json"},
		{"name":"64","file":"expression/64.exp.json"},
		{"name":"65","file":"expression/65.exp.json"},
		{"name":"66","file":"expression/66.exp.json"},
		{"name":"67","file":"expression/67.exp.json"},
		{"name":"68","file":"expression/68.exp.json"},
		{"name":"69","file":"expression/69.exp.json"},
		{"name":"70","file":"expression/70.exp.json"},
		{"name":"71","file":"expression/71.exp.json"},
		{"name":"72","file":"expression/72.exp.json"},
		{"name":"Clothes_Blouse","file":"expression/Clothes_Blouse.exp.json"},
		{"name":"Clothes_Camisole","file":"expression/Clothes_Camisole.exp.json"},
		{"name":"Clothes_Shifuku","file":"expression/Clothes_Shifuku.exp.json"},
		{"name":"Clothes_Uniform","file":"expression/Clothes_Uniform.exp.json"},
		{"name":"Clothes_Yukata","file":"expression/Clothes_Yukata.exp.json"},
		{"name":"Fox_off","file":"expression/Fox_off.exp.json"},
		{"name":"Fox_on","file":"expression/Fox_on.exp.json"}
	],
	"motions":{
		"":[
			{"file":"motion/00.mtn"},
			{"file":"motion/kouen_01.mtn"},
			{"file":"motion/kouen_02.mtn"},
			{"file":"motion/kouen_03.mtn"},
			{"file":"motion/kouen_04.mtn"},
			{"file":"motion/kouen_05.mtn"},
			{"file":"motion/kouen_06.mtn"},
			{"file":"motion/kouen_06_2.mtn"}
		]
	}
}