{
	"type": "Live2D Model Setting",
	"name": "新春宣",
	"model": "Lead_00.moc",
	"textures": [
		"textures/texture_00.png",
		"textures/texture_01.png"
	  ],
	"config":{
        "scale":1.3,
        "posX":-110,
        "posY":210,
        "offsetX":0,
        "offsetY":0,
        "textPosX":325,
        "textPosY":530,
        "mirrorX":false,
    },

    "motions":{
    	"idle":[
            {
            	"file":"motions/idle.mtn",
            },  
        ],
        "stay":[
            {
                "file":"motions/stay_01.mtn",
            },
        ],
       "set":[
            {
                "file":"motions/set.mtn",
            },
        ],
        "touch_01":[
            {
                "file":"motions/touch_01.mtn",
            },
        ],
    	"touch_99":[
    		{
    			"file":"motions/touch_99.mtn",  
    		}
    	],
    }
}