{
	"version":"Sample 1.0.0",
	"model":"adult.moc",
	"textures":[
		"adult.2048/texture_00.png",
		"adult.2048/texture_01.png",
		"adult.2048/texture_02.png"
	],
	"expressions":[
		{"name":"01","file":"expression/01.exp.json"},
		{"name":"02","file":"expression/02.exp.json"},
		{"name":"03","file":"expression/03.exp.json"},
		{"name":"04","file":"expression/04.exp.json"},
		{"name":"05","file":"expression/05.exp.json"},
		{"name":"06","file":"expression/06.exp.json"},
		{"name":"07","file":"expression/07.exp.json"},
		{"name":"08","file":"expression/08.exp.json"},
		{"name":"09","file":"expression/09.exp.json"},
		{"name":"10","file":"expression/10.exp.json"},
		{"name":"11","file":"expression/11.exp.json"},
		{"name":"12","file":"expression/12.exp.json"},
		{"name":"13","file":"expression/13.exp.json"},
		{"name":"14","file":"expression/14.exp.json"},
		{"name":"15","file":"expression/15.exp.json"},
		{"name":"16","file":"expression/16.exp.json"},
		{"name":"17","file":"expression/17.exp.json"},
		{"name":"18","file":"expression/18.exp.json"},
		{"name":"19","file":"expression/19.exp.json"},
		{"name":"20","file":"expression/20.exp.json"},
		{"name":"21","file":"expression/21.exp.json"},
		{"name":"22","file":"expression/22.exp.json"},
		{"name":"23","file":"expression/23.exp.json"},
		{"name":"24","file":"expression/24.exp.json"},
		{"name":"25","file":"expression/25.exp.json"},
		{"name":"26","file":"expression/26.exp.json"},
		{"name":"27","file":"expression/27.exp.json"},
		{"name":"28","file":"expression/28.exp.json"},
		{"name":"29","file":"expression/29.exp.json"},
		{"name":"30","file":"expression/30.exp.json"},
		{"name":"31","file":"expression/31.exp.json"},
		{"name":"32","file":"expression/32.exp.json"},
		{"name":"33","file":"expression/33.exp.json"},
		{"name":"34","file":"expression/34.exp.json"},
		{"name":"35","file":"expression/35.exp.json"},
		{"name":"36","file":"expression/36.exp.json"},
		{"name":"37","file":"expression/37.exp.json"},
		{"name":"38","file":"expression/38.exp.json"},
		{"name":"39","file":"expression/39.exp.json"},
		{"name":"40","file":"expression/40.exp.json"},
		{"name":"41","file":"expression/41.exp.json"},
		{"name":"42","file":"expression/42.exp.json"},
		{"name":"43","file":"expression/43.exp.json"},
		{"name":"44","file":"expression/44.exp.json"},
		{"name":"45","file":"expression/45.exp.json"},
		{"name":"46","file":"expression/46.exp.json"},
		{"name":"47","file":"expression/47.exp.json"},
		{"name":"48","file":"expression/48.exp.json"},
		{"name":"49","file":"expression/49.exp.json"},
		{"name":"50","file":"expression/50.exp.json"},
		{"name":"51","file":"expression/51.exp.json"},
		{"name":"52","file":"expression/52.exp.json"},
		{"name":"53","file":"expression/53.exp.json"},
		{"name":"54","file":"expression/54.exp.json"},
		{"name":"55","file":"expression/55.exp.json"},
		{"name":"56","file":"expression/56.exp.json"},
		{"name":"AccGlass1_1","file":"expression/AccGlass1_1.exp.json"},
		{"name":"AccGlass1_2","file":"expression/AccGlass1_2.exp.json"},
		{"name":"AccGlass1_3","file":"expression/AccGlass1_3.exp.json"},
		{"name":"AccGlass1_4","file":"expression/AccGlass1_4.exp.json"},
		{"name":"AccGlass1_5","file":"expression/AccGlass1_5.exp.json"},
		{"name":"AccGlass2_1","file":"expression/AccGlass2_1.exp.json"},
		{"name":"AccGlass2_2","file":"expression/AccGlass2_2.exp.json"},
		{"name":"AccGlass2_3","file":"expression/AccGlass2_3.exp.json"},
		{"name":"AccGlass2_4","file":"expression/AccGlass2_4.exp.json"},
		{"name":"AccGlass2_5","file":"expression/AccGlass2_5.exp.json"},
		{"name":"AccGlass3_1","file":"expression/AccGlass3_1.exp.json"},
		{"name":"AccGlass3_2","file":"expression/AccGlass3_2.exp.json"},
		{"name":"AccGlass3_3","file":"expression/AccGlass3_3.exp.json"},
		{"name":"AccGlass3_4","file":"expression/AccGlass3_4.exp.json"},
		{"name":"AccGlass3_5","file":"expression/AccGlass3_5.exp.json"},
		{"name":"AccGlassNull","file":"expression/AccGlassNull.exp.json"},
		{"name":"AccHair1","file":"expression/AccHair1.exp.json"},
		{"name":"AccHair2","file":"expression/AccHair2.exp.json"},
		{"name":"AccHair3","file":"expression/AccHair3.exp.json"},
		{"name":"AccHair4","file":"expression/AccHair4.exp.json"},
		{"name":"AccHair5","file":"expression/AccHair5.exp.json"},
		{"name":"AccHair6","file":"expression/AccHair6.exp.json"},
		{"name":"AccHairNull","file":"expression/AccHairNull.exp.json"},
		{"name":"AccNeck1","file":"expression/AccNeck1.exp.json"},
		{"name":"AccNeck2","file":"expression/AccNeck2.exp.json"},
		{"name":"AccNeck3","file":"expression/AccNeck3.exp.json"},
		{"name":"AccNeck4","file":"expression/AccNeck4.exp.json"},
		{"name":"AccNeck5","file":"expression/AccNeck5.exp.json"},
		{"name":"AccNeckNull","file":"expression/AccNeckNull.exp.json"},
		{"name":"Fox_off","file":"expression/Fox_off.exp.json"},
		{"name":"Fox_on","file":"expression/Fox_on.exp.json"},
		{"name":"HairLong","file":"expression/HairLong.exp.json"},
		{"name":"HairPony","file":"expression/HairPony.exp.json"},
		{"name":"HairSemilong","file":"expression/HairSemilong.exp.json"},
		{"name":"HairSemipony","file":"expression/HairSemipony.exp.json"},
		{"name":"HairSemitwin","file":"expression/HairSemitwin.exp.json"},
		{"name":"HairTwin","file":"expression/HairTwin.exp.json"},
		{"name":"adult_1","file":"expression/adult_1.exp.json"},
		{"name":"adult_2","file":"expression/adult_2.exp.json"},
		{"name":"adult_3","file":"expression/adult_3.exp.json"},
		{"name":"adult_4","file":"expression/adult_4.exp.json"},
		{"name":"adult_5","file":"expression/adult_5.exp.json"}
	],
	"motions":{
		"":[
			{"file":"motion/angry.mtn"},
			{"file":"motion/angry_2.mtn"},
			{"file":"motion/main_EX_1.mtn"},
			{"file":"motion/main_EX_1_02.mtn"},
			{"file":"motion/main_EX_2.mtn"},
			{"file":"motion/main_EX_3.mtn"},
			{"file":"motion/main_EX_4.mtn"},
			{"file":"motion/main_EX_4_2.mtn"},
			{"file":"motion/sleep.mtn"},
			{"file":"motion/sleep_2.mtn"},
			{"file":"motion/sleep_3.mtn"},
			{"file":"motion/sleep_4.mtn"},
			{"file":"motion/touch_1.mtn"},
			{"file":"motion/touch_1_2.mtn"},
			{"file":"motion/touch_2.mtn"},
			{"file":"motion/touch_2_2.mtn"},
			{"file":"motion/touch_3.mtn"},
			{"file":"motion/touch_3_2.mtn"},
			{"file":"motion/touch_4.mtn"},
			{"file":"motion/touch_5.mtn"},
			{"file":"motion/touch_5_2.mtn"}
		],
		"idle":[
			{"file":"motion/idle_1.mtn"},
			{"file":"motion/idle_1_2.mtn"},
			{"file":"motion/idle_2.mtn"},
			{"file":"motion/idle_2_2.mtn"},
			{"file":"motion/idle_3.mtn"},
			{"file":"motion/idle_3_2.mtn"},
			{"file":"motion/idle_3_3.mtn"},
			{"file":"motion/idle_4.mtn"},
			{"file":"motion/idle_4_2.mtn"},
			{"file":"motion/idle_4_3.mtn"}
		]
	}
}