{
	"version":"Sample 1.0.0",
	"model":"Baisu.moc",
	"textures":[
		"Baisu.1024/texture_00.png"
	],
	"expressions":[
		{"name":"Hakire","file":"expressions/Hakire.exp.json"},
		{"name":"HB1metoji","file":"expressions/HB1metoji.exp.json"},
		{"name":"HB2metoji","file":"expressions/HB2metoji.exp.json"},
		{"name":"HB3metoji","file":"expressions/HB3metoji.exp.json"},
		{"name":"HBodoroki","file":"expressions/HBodoroki.exp.json"},
		{"name":"Hegao","file":"expressions/Hegao.exp.json"},
		{"name":"Hjitome","file":"expressions/Hjitome.exp.json"},
		{"name":"Hjitome2","file":"expressions/Hjitome2.exp.json"},
		{"name":"Hkana","file":"expressions/Hkana.exp.json"},
		{"name":"Hkanashi","file":"expressions/Hkanashi.exp.json"},
		{"name":"Hkeno","file":"expressions/Hkeno.exp.json"},
		{"name":"Hkirakira","file":"expressions/Hkirakira.exp.json"},
		{"name":"Hodoroki","file":"expressions/Hodoroki.exp.json"},
		{"name":"Htujo","file":"expressions/Htujo.exp.json"},
		{"name":"Htujo2","file":"expressions/Htujo2.exp.json"},
		{"name":"Hwarui","file":"expressions/Hwarui.exp.json"}
	],
	"motions":{
		"":[
			{"file":"motions/SHazi.mtn" ,"fade_in":1000, "fade_out":1000},
			{"file":"motions/SKizuN.mtn" ,"fade_in":1000, "fade_out":1000},
			{"file":"motions/SKizuR.mtn" ,"fade_in":1000, "fade_out":1000},
			{"file":"motions/SKurai.mtn" ,"fade_in":1000, "fade_out":1000},
			{"file":"motions/Sleft1.mtn" ,"fade_in":1000, "fade_out":1000},
			{"file":"motions/Snomal.mtn" ,"fade_in":1000, "fade_out":1000},
			{"file":"motions/SNWaru.mtn" ,"fade_in":1000, "fade_out":1000},
			{"file":"motions/Sright1.mtn" ,"fade_in":1000, "fade_out":1000},
			{"file":"motions/Sstop.mtn" ,"fade_in":1000, "fade_out":1000},
			{"file":"motions/SUtuleft1.mtn" ,"fade_in":1000, "fade_out":1000},
			{"file":"motions/SUtunomal.mtn" ,"fade_in":1000, "fade_out":1000},
			{"file":"motions/SUturight1.mtn" ,"fade_in":1000, "fade_out":1000},
			{"file":"motions/SWaru.mtn" ,"fade_in":1000, "fade_out":1000},
			{"file":"motions/SWaru2.mtn" ,"fade_in":1000, "fade_out":1000},
			{"file":"motions/SWnomal.mtn" ,"fade_in":1000, "fade_out":1000}
		]
	}
}
