{
	"type":"Live2D Expression",
	"fade_in":500,
	"fade_out":500,
	"params":[
		{"id":"PARAM_EYE_R_OPEN","val":0.7,"def":1},
		{"id":"PARAM_BROW_L_Y","val":1},
		{"id":"PARAM_BROW_R_Y","val":0.87},
		{"id":"PARAM_BROW_L_X","val":-0.7},
		{"id":"PARAM_BROW_R_X","val":0.6},
		{"id":"PARAM_BROW_L_ANGLE","val":-0.1},
		{"id":"PARAM_BROW_R_ANGLE","val":-0.1},
		{"id":"PARAM_BROW_L_FORM","val":-1},
		{"id":"PARAM_BROW_R_FORM","val":-1},
		{"id":"PARAM_MOUTH_FORM","val":-0.7},
		{"id":"PARAM_CHEEK","val":-1},
		{"id":"PARAM_CHEEK2","val":-1},
		{"id":"PARAM_MOUTH_FORM_2","val":1},
		{"id":"PARAM_CHEEK3","val":-1},
		{"id":"PARAM_FOX_EAR_L","val":30},
		{"id":"PARAM_FOX_EAR_R","val":30}
	]
}