{
	"type":"Live2D Expression",
	"fade_in":1,
	"fade_out":500,
	"params":[
		{"id":"PARAM_GLASS1_1","val":-1},
		{"id":"PARAM_GLASS1_2","val":-1},
		{"id":"PARAM_GLASS1_3","val":-1},
		{"id":"PARAM_GLASS1_4","val":-1},
		{"id":"PARAM_GLASS1_5","val":-1},
		{"id":"PARAM_GLASS2_1","val":-1},
		{"id":"PARAM_GLASS2_2","val":-1},
		{"id":"PARAM_GLASS2_3","val":1},
		{"id":"PARAM_GLASS2_4","val":-1},
		{"id":"PARAM_GLASS2_5","val":-1},
		{"id":"PARAM_GLASS3_1","val":-1},
		{"id":"PARAM_GLASS3_2","val":-1},
		{"id":"PARAM_GLASS3_3","val":-1},
		{"id":"PARAM_GLASS3_4","val":-1},
		{"id":"PARAM_GLASS3_5","val":-1}
	]
}