{
	"type":"Live2D Expression",
	"fade_in":500,
	"fade_out":500,
	"params":[
		{"id":"PARAM_EYE_L_OPEN","val":0.7,"def":1},
		{"id":"PARAM_EYE_L_SMILE","val":1},
		{"id":"PARAM_EYE_R_OPEN","val":0.7,"def":1},
		{"id":"PARAM_EYE_R_SMILE","val":1},
		{"id":"PARAM_BROW_R_Y","val":-1},
		{"id":"PARAM_BROW_R_FORM","val":-1},
		{"id":"PARAM_MOUTH_OPEN_Y","val":1},
		{"id":"PARAM_CHEEK","val":1},
		{"id":"PARAM_CHEEK2","val":-1},
		{"id":"PARAM_TEAR","val":-1},
		{"id":"PARAM_MOUTH_FORM2","val":-1},
		{"id":"PARAM_CHEEK3","val":-1}
	]
}