{
	"type":"Live2D Expression",
	"fade_in":1,
	"fade_out":500,
	"params":[
		{"id":"PARAM_GLASS_01","val":-1},
		{"id":"PARAM_GLASS_012","val":-1},
		{"id":"PARAM_GLASS_013","val":-1},
		{"id":"PARAM_GLASS_014","val":-1},
		{"id":"PARAM_GLASS_015","val":-1},
		{"id":"PARAM_GLASS_02","val":-1},
		{"id":"PARAM_GLASS_022","val":-1},
		{"id":"PARAM_GLASS_023","val":-1},
		{"id":"PARAM_GLASS_024","val":-1},
		{"id":"PARAM_GLASS_025","val":-1},
		{"id":"PARAM_GLASS_03","val":-1},
		{"id":"PARAM_GLASS_032","val":1},
		{"id":"PARAM_GLASS_033","val":-1},
		{"id":"PARAM_GLASS_034","val":-1},
		{"id":"PARAM_GLASS_035","val":-1}
	]
}