{
  "Version": 3,
  "Meta": {
    "Duration": 8.667,
    "Fps": 30.0,
    "Loop": true,
    "AreBeziersRestricted": true,
    "CurveCount": 3,
    "TotalSegmentCount": 25,
    "TotalPointCount": 29,
    "UserDataCount": 1,
    "TotalUserDataSize": 0
  },
  "Curves": [
    {
      "Target": "Parameter",
      "Id": "ParamMouth",
      "Segments": [
        0,
        20,
        0,
        0.667,
        17,
        0,
        1.333,
        19,
        0,
        1.6,
        14.251,
        0,
        2.733,
        20,
        0,
        3.067,
        10,
        0,
        3.867,
        20,
        0,
        4.667,
        15,
        0,
        5.467,
        20,
        0,
        5.567,
        11,
        1,
        5.8,
        11,
        6.034,
        12.206,
        6.267,
        15,
        1,
        6.534,
        18.193,
        6.8,
        20,
        7.067,
        20,
        0,
        7.867,
        15,
        0,
        8.667,
        20
      ]
    },
    {
      "Target": "Parameter",
      "Id": "ParamBleath",
      "Segments": [
        0,
        0,
        0,
        0.7,
        14.416,
        0,
        1.333,
        5.383,
        0,
        1.533,
        18.377,
        0,
        2.767,
        1.856,
        0,
        3.033,
        18.377,
        0,
        5.467,
        0,
        0,
        5.633,
        13.096,
        0,
        7.067,
        0,
        0,
        7.867,
        16,
        0,
        8.667,
        0
      ]
    },
    {
      "Target": "Parameter",
      "Id": "ParamHair",
      "Segments": [
        0,
        0,
        0,
        8.667,
        0
      ]
    }
  ],
  "UserData": [
    {
      "Time": 8.633333,
      "Value": ""
    }
  ]
}