{
  "Version": 3,
  "Meta": {
    "Duration": 2.667,
    "Fps": 30.0,
    "Loop": true,
    "AreBeziersRestricted": true,
    "CurveCount": 16,
    "TotalSegmentCount": 77,
    "TotalPointCount": 123,
    "UserDataCount": 2,
    "TotalUserDataSize": 0
  },
  "Curves": [
    {
      "Target": "Parameter",
      "Id": "ParamBleath",
      "Segments": [
        0,
        20,
        1,
        0.011,
        20,
        0.022,
        20.125,
        0.033,
        21,
        1,
        0.044,
        21.875,
        0.056,
        23,
        0.067,
        23,
        0,
        0.1,
        21,
        0,
        0.133,
        23.5,
        0,
        0.167,
        21.96,
        0,
        0.2,
        24,
        0,
        0.233,
        22.45,
        0,
        0.267,
        24.5,
        0,
        0.3,
        23,
        0,
        0.333,
        25,
        0,
        0.367,
        23.51,
        0,
        0.4,
        25.5,
        0,
        0.433,
        24,
        0,
        0.467,
        26,
        0,
        0.5,
        24.48,
        0,
        0.533,
        26.45,
        0,
        0.567,
        25,
        0,
        0.6,
        27,
        0,
        0.633,
        24.51,
        0,
        0.667,
        27.51,
        0,
        0.7,
        25,
        0,
        0.733,
        28,
        0,
        0.767,
        25.54,
        0,
        0.8,
        28.51,
        0,
        0.833,
        26,
        0,
        0.867,
        29.48,
        0,
        0.9,
        26.54,
        0,
        0.933,
        29,
        0,
        0.967,
        27,
        0,
        1,
        30,
        0,
        2.667,
        20
      ]
    },
    {
      "Target": "Parameter",
      "Id": "ParamAngleY",
      "Segments": [
        0,
        -30,
        0,
        1,
        -17,
        0,
        2.667,
        -30
      ]
    },
    {
      "Target": "Parameter",
      "Id": "ParamHeadUP",
      "Segments": [
        0,
        0,
        0,
        1,
        -28,
        0,
        2.667,
        0
      ]
    },
    {
      "Target": "Parameter",
      "Id": "ParamEyeOpen",
      "Segments": [
        0,
        15,
        0,
        1,
        3,
        0,
        2.667,
        15
      ]
    },
    {
      "Target": "Parameter",
      "Id": "ParamMouth",
      "Segments": [
        0,
        20,
        0,
        1,
        17,
        0,
        1.833,
        25,
        0,
        2.667,
        20
      ]
    },
    {
      "Target": "Parameter",
      "Id": "ParamBoobsRUp",
      "Segments": [
        0,
        0,
        1,
        0.011,
        0,
        0.022,
        -1.53,
        0.033,
        -2,
        1,
        0.244,
        -10.924,
        0.456,
        -15,
        0.667,
        -15,
        0,
        1.7,
        11,
        1,
        2,
        11,
        2.3,
        7.784,
        2.6,
        1,
        1,
        2.622,
        0.497,
        2.645,
        0,
        2.667,
        0
      ]
    },
    {
      "Target": "Parameter",
      "Id": "ParamBoobsRLR",
      "Segments": [
        0,
        0,
        1,
        0.011,
        0,
        0.022,
        -1.474,
        0.033,
        -2,
        1,
        0.222,
        -10.939,
        0.411,
        -15,
        0.6,
        -15,
        0,
        1.9,
        13,
        1,
        2.133,
        13,
        2.367,
        9.624,
        2.6,
        2,
        1,
        2.622,
        1.274,
        2.645,
        0,
        2.667,
        0
      ]
    },
    {
      "Target": "Parameter",
      "Id": "ParamBoobsLUp",
      "Segments": [
        0,
        0,
        1,
        0.011,
        0,
        0.022,
        -1.459,
        0.033,
        -2,
        1,
        0.244,
        -12.277,
        0.456,
        -17,
        0.667,
        -17,
        0,
        1.967,
        12,
        1,
        2.178,
        12,
        2.389,
        8.956,
        2.6,
        2,
        1,
        2.622,
        1.268,
        2.645,
        0,
        2.667,
        0
      ]
    },
    {
      "Target": "Parameter",
      "Id": "ParamBoobsLLR",
      "Segments": [
        0,
        0,
        1,
        0.011,
        0,
        0.022,
        -2.263,
        0.033,
        -3,
        1,
        0.2,
        -14.055,
        0.366,
        -18.986,
        0.533,
        -18.986,
        0,
        2.1,
        15.014,
        1,
        2.267,
        15.014,
        2.433,
        11.467,
        2.6,
        3.062,
        1,
        2.622,
        1.942,
        2.645,
        0,
        2.667,
        0
      ]
    },
    {
      "Target": "Parameter",
      "Id": "ParamHair",
      "Segments": [
        0,
        0,
        1,
        0.011,
        0,
        0.022,
        -0.676,
        0.033,
        -1,
        1,
        0.244,
        -7.148,
        0.456,
        -10,
        0.667,
        -10,
        0,
        1.9,
        5,
        1,
        2.144,
        5,
        2.389,
        3.575,
        2.633,
        0.5,
        1,
        2.644,
        0.36,
        2.656,
        0,
        2.667,
        0
      ]
    },
    {
      "Target": "Parameter",
      "Id": "ParamHipUp",
      "Segments": [
        0,
        0,
        0,
        0.667,
        -10,
        0,
        1.733,
        3,
        0,
        2.667,
        0
      ]
    },
    {
      "Target": "Parameter",
      "Id": "ParamHipLR",
      "Segments": [
        0,
        0,
        0,
        0.867,
        16.966,
        0,
        2.667,
        0
      ]
    },
    {
      "Target": "Parameter",
      "Id": "ParamToiki",
      "Segments": [
        0,
        0,
        2,
        1.533,
        0,
        1,
        1.755,
        10,
        1.978,
        20,
        2.2,
        30,
        2,
        2.667,
        30
      ]
    },
    {
      "Target": "Parameter",
      "Id": "ParamRope",
      "Segments": [
        0,
        0,
        0,
        2.667,
        0
      ]
    },
    {
      "Target": "Parameter",
      "Id": "ParamHeadLR",
      "Segments": [
        0,
        -30,
        0,
        2.667,
        -30
      ]
    },
    {
      "Target": "Parameter",
      "Id": "ParamEyeLR",
      "Segments": [
        0,
        -10,
        0,
        2.667,
        -10
      ]
    }
  ],
  "UserData": [
    {
      "Time": 1.0,
      "Value": ""
    },
    {
      "Time": 2.63333344,
      "Value": ""
    }
  ]
}