{
  "Version": 3,
  "Meta": {
    "Duration": 6.0,
    "Fps": 30.0,
    "Loop": true,
    "AreBeziersRestricted": true,
    "CurveCount": 3,
    "TotalSegmentCount": 27,
    "TotalPointCount": 43,
    "UserDataCount": 5,
    "TotalUserDataSize": 0
  },
  "Curves": [
    {
      "Target": "Parameter",
      "Id": "ParamBleath",
      "Segments": [
        0,
        0,
        0,
        0.667,
        -30,
        0,
        1.467,
        30,
        0,
        2.167,
        -30,
        0,
        3,
        21,
        0,
        3.667,
        -30,
        0,
        4.467,
        30,
        0,
        5.167,
        -30,
        0,
        6,
        0
      ]
    },
    {
      "Target": "Parameter",
      "Id": "ParamMouth",
      "Segments": [
        0,
        0,
        0,
        1.433,
        12,
        0,
        3,
        0,
        0,
        4.433,
        12,
        0,
        6,
        0
      ]
    },
    {
      "Target": "Parameter",
      "Id": "ParamHair",
      "Segments": [
        0,
        0,
        1,
        0.022,
        0,
        0.045,
        0.967,
        0.067,
        2,
        1,
        0.189,
        7.683,
        0.311,
        10.204,
        0.433,
        10.204,
        0,
        0.967,
        -7.347,
        0,
        1.867,
        10.204,
        0,
        2.433,
        -15,
        1,
        2.611,
        -15,
        2.789,
        -10.76,
        2.967,
        -2,
        1,
        2.978,
        -1.452,
        2.989,
        -0.395,
        3,
        0,
        1,
        3.022,
        0.79,
        3.045,
        1.079,
        3.067,
        2,
        1,
        3.189,
        7.065,
        3.311,
        10.204,
        3.433,
        10.204,
        0,
        3.967,
        -7.347,
        0,
        4.867,
        10.204,
        0,
        5.433,
        -15,
        1,
        5.611,
        -15,
        5.789,
        -10.946,
        5.967,
        -2,
        1,
        5.978,
        -1.441,
        5.989,
        0,
        6,
        0
      ]
    }
  ],
  "UserData": [
    {
      "Time": 0.6333333,
      "Value": ""
    },
    {
      "Time": 2.16666675,
      "Value": ""
    },
    {
      "Time": 3.73333335,
      "Value": ""
    },
    {
      "Time": 5.2,
      "Value": ""
    },
    {
      "Time": 5.9666667,
      "Value": ""
    }
  ]
}