{
  "Version": 3,
  "Meta": {
    "Duration": 4.0,
    "Fps": 30.0,
    "Loop": true,
    "AreBeziersRestricted": true,
    "CurveCount": 3,
    "TotalSegmentCount": 12,
    "TotalPointCount": 18,
    "UserDataCount": 1,
    "TotalUserDataSize": 0
  },
  "Curves": [
    {
      "Target": "Parameter",
      "Id": "ParamMouth",
      "Segments": [
        0,
        20,
        0,
        0.667,
        17,
        0,
        1.333,
        19,
        1,
        1.422,
        19,
        1.511,
        14.409,
        1.6,
        14.251,
        1,
        1.9,
        13.719,
        2.2,
        13.661,
        2.5,
        13,
        1,
        2.689,
        12.584,
        2.878,
        0,
        3.067,
        0,
        0,
        4,
        20
      ]
    },
    {
      "Target": "Parameter",
      "Id": "ParamBleath",
      "Segments": [
        0,
        0,
        0,
        0.7,
        14.416,
        0,
        1.333,
        5.383,
        0,
        1.533,
        18.377,
        0,
        4,
        0
      ]
    },
    {
      "Target": "Parameter",
      "Id": "ParamHair",
      "Segments": [
        0,
        0,
        0,
        4,
        0
      ]
    }
  ],
  "UserData": [
    {
      "Time": 3.9666667,
      "Value": ""
    }
  ]
}