{
  "Version": 3,
  "Meta": {
    "Duration": 4.0,
    "Fps": 30.0,
    "Loop": true,
    "AreBeziersRestricted": true,
    "CurveCount": 3,
    "TotalSegmentCount": 18,
    "TotalPointCount": 24,
    "UserDataCount": 3,
    "TotalUserDataSize": 0
  },
  "Curves": [
    {
      "Target": "Parameter",
      "Id": "ParamMouth",
      "Segments": [
        0,
        20,
        1,
        0.056,
        19.13,
        0.111,
        10,
        0.167,
        10,
        0,
        0.9,
        20,
        0,
        1,
        9,
        0,
        2.133,
        20,
        0,
        2.3,
        10,
        0,
        4,
        20
      ]
    },
    {
      "Target": "Parameter",
      "Id": "ParamBleath",
      "Segments": [
        0,
        0,
        0,
        0.167,
        18,
        0,
        0.9,
        0,
        0,
        1,
        18,
        0,
        1.133,
        5,
        0,
        1.233,
        24,
        0,
        2.133,
        0,
        0,
        2.3,
        19,
        0,
        3.733,
        -23,
        1,
        3.811,
        -23,
        3.889,
        -18.299,
        3.967,
        -6.268,
        1,
        3.978,
        -4.549,
        3.989,
        0,
        4,
        0
      ]
    },
    {
      "Target": "Parameter",
      "Id": "ParamHair",
      "Segments": [
        0,
        0,
        0,
        4,
        0
      ]
    }
  ],
  "UserData": [
    {
      "Time": 0.9,
      "Value": ""
    },
    {
      "Time": 2.13333344,
      "Value": ""
    },
    {
      "Time": 3.9666667,
      "Value": ""
    }
  ]
}