{
  "Version": 3,
  "Meta": {
    "Duration": 2.667,
    "Fps": 30.0,
    "Loop": true,
    "AreBeziersRestricted": true,
    "CurveCount": 16,
    "TotalSegmentCount": 87,
    "TotalPointCount": 97,
    "UserDataCount": 3,
    "TotalUserDataSize": 0
  },
  "Curves": [
    {
      "Target": "Parameter",
      "Id": "ParamBleath",
      "Segments": [
        0,
        20,
        0,
        0.2,
        30,
        2,
        0.667,
        30,
        0,
        0.833,
        0,
        2,
        1.333,
        0,
        0,
        1.833,
        4,
        0,
        2.667,
        0
      ]
    },
    {
      "Target": "Parameter",
      "Id": "ParamRope",
      "Segments": [
        0,
        0,
        0,
        0.5,
        30,
        2,
        1.167,
        30,
        0,
        2.667,
        15
      ]
    },
    {
      "Target": "Parameter",
      "Id": "ParamAngleY",
      "Segments": [
        0,
        -30,
        1,
        0.167,
        -30,
        0.333,
        -30.469,
        0.5,
        -21,
        1,
        0.667,
        -11.531,
        0.833,
        30,
        1,
        30,
        0,
        1.5,
        20,
        0,
        2,
        30,
        0,
        2.667,
        10
      ]
    },
    {
      "Target": "Parameter",
      "Id": "ParamHeadLR",
      "Segments": [
        0,
        -30,
        0,
        0.4,
        30,
        0,
        2.667,
        -30
      ]
    },
    {
      "Target": "Parameter",
      "Id": "ParamHeadUP",
      "Segments": [
        0,
        0,
        2,
        0.733,
        0,
        0,
        0.9,
        30,
        0,
        1.1,
        -1,
        0,
        2.667,
        30
      ]
    },
    {
      "Target": "Parameter",
      "Id": "ParamEyeOpen",
      "Segments": [
        0,
        15,
        1,
        0.167,
        15,
        0.333,
        14.295,
        0.5,
        11,
        1,
        0.556,
        9.902,
        0.611,
        0,
        0.667,
        0,
        0,
        2.667,
        3
      ]
    },
    {
      "Target": "Parameter",
      "Id": "ParamEyeLR",
      "Segments": [
        0,
        -10,
        2,
        1.233,
        -10,
        0,
        2,
        30,
        2,
        2.667,
        30
      ]
    },
    {
      "Target": "Parameter",
      "Id": "ParamMouth",
      "Segments": [
        0,
        12,
        0,
        0.7,
        3.673,
        0,
        0.9,
        30,
        0,
        1.7,
        14,
        0,
        2.667,
        20
      ]
    },
    {
      "Target": "Parameter",
      "Id": "ParamBoobsRUp",
      "Segments": [
        0,
        0,
        0,
        0.667,
        -30,
        0,
        1.033,
        30,
        0,
        1.333,
        -30,
        0,
        1.633,
        20,
        0,
        1.9,
        -15,
        0,
        2.2,
        12,
        0,
        2.467,
        -8,
        0,
        2.667,
        0
      ]
    },
    {
      "Target": "Parameter",
      "Id": "ParamBoobsRLR",
      "Segments": [
        0,
        0,
        0,
        0.667,
        30,
        2,
        0.933,
        30,
        0,
        1.167,
        -30,
        0,
        1.5,
        30,
        0,
        1.8,
        -18,
        0,
        2.033,
        11,
        0,
        2.367,
        -8,
        0,
        2.567,
        6,
        0,
        2.667,
        0
      ]
    },
    {
      "Target": "Parameter",
      "Id": "ParamBoobsLUp",
      "Segments": [
        0,
        0,
        0,
        0.667,
        -30,
        0,
        1.033,
        30,
        0,
        1.333,
        -30,
        0,
        1.633,
        20,
        0,
        1.9,
        -15,
        0,
        2.2,
        12,
        0,
        2.467,
        -8,
        0,
        2.667,
        0
      ]
    },
    {
      "Target": "Parameter",
      "Id": "ParamBoobsLLR",
      "Segments": [
        0,
        0,
        0,
        0.667,
        -30,
        2,
        0.933,
        -30,
        0,
        1.167,
        30,
        0,
        1.5,
        -30,
        0,
        1.8,
        18,
        0,
        2.033,
        -11,
        0,
        2.367,
        8,
        0,
        2.567,
        -6,
        0,
        2.667,
        0
      ]
    },
    {
      "Target": "Parameter",
      "Id": "ParamHair",
      "Segments": [
        0,
        0,
        0,
        0.633,
        16.043,
        0,
        1.133,
        -21,
        0,
        1.8,
        16.043,
        0,
        2.3,
        -11,
        0,
        2.667,
        0
      ]
    },
    {
      "Target": "Parameter",
      "Id": "ParamHipUp",
      "Segments": [
        0,
        0,
        0,
        0.733,
        30,
        0,
        1.067,
        -30,
        0,
        1.233,
        30,
        0,
        1.433,
        -30,
        0,
        1.633,
        20.408,
        0,
        1.8,
        -17.143,
        0,
        2,
        12.653,
        0,
        2.167,
        -8.98,
        0,
        2.433,
        3,
        0,
        2.667,
        0
      ]
    },
    {
      "Target": "Parameter",
      "Id": "ParamHipLR",
      "Segments": [
        0,
        0,
        0,
        0.9,
        -30,
        0,
        1.1,
        30,
        0,
        2,
        -30,
        0,
        2.667,
        30
      ]
    },
    {
      "Target": "Parameter",
      "Id": "ParamToiki",
      "Segments": [
        0,
        0,
        2,
        0.7,
        0,
        1,
        0.911,
        10,
        1.122,
        20,
        1.333,
        30,
        2,
        2.667,
        30
      ]
    }
  ],
  "UserData": [
    {
      "Time": 0.6666667,
      "Value": ""
    },
    {
      "Time": 0.7,
      "Value": ""
    },
    {
      "Time": 2.63333344,
      "Value": ""
    }
  ]
}