{
  "Version": 3,
  "Meta": {
    "Duration": 3.0,
    "Fps": 30.0,
    "Loop": true,
    "AreBeziersRestricted": true,
    "CurveCount": 1,
    "TotalSegmentCount": 2,
    "TotalPointCount": 2,
    "UserDataCount": 3,
    "TotalUserDataSize": 0
  },
  "Curves": [
    {
      "Target": "Parameter",
      "Id": "ParamEyeLR",
      "Segments": [
        0,
        -30,
        0,
        3,
        -30
      ]
    }
  ],
  "UserData": [
    {
      "Time": 1.6,
      "Value": ""
    },
    {
      "Time": 1.66666663,
      "Value": ""
    },
    {
      "Time": 2.9666667,
      "Value": ""
    }
  ]
}