{
  "Version": 3,
  "Meta": {
    "Duration": 3.6,
    "Fps": 30.0,
    "Loop": true,
    "AreBeziersRestricted": true,
    "CurveCount": 16,
    "TotalSegmentCount": 123,
    "TotalPointCount": 181,
    "UserDataCount": 5,
    "TotalUserDataSize": 0
  },
  "Curves": [
    {
      "Target": "Parameter",
      "Id": "ParamBleath",
      "Segments": [
        0,
        0,
        2,
        0.367,
        0,
        0,
        0.4,
        3,
        0,
        0.8,
        0,
        1,
        0.933,
        0,
        1.067,
        0.284,
        1.2,
        1,
        1,
        1.211,
        1.06,
        1.222,
        4,
        1.233,
        4,
        0,
        1.8,
        0,
        1,
        1.922,
        0,
        2.045,
        0.863,
        2.167,
        3,
        1,
        2.178,
        3.194,
        2.189,
        6,
        2.2,
        6,
        0,
        2.6,
        0,
        1,
        2.733,
        0,
        2.867,
        0.575,
        3,
        2,
        1,
        3.011,
        2.119,
        3.022,
        6,
        3.033,
        6,
        0,
        3.6,
        0
      ]
    },
    {
      "Target": "Parameter",
      "Id": "ParamRope",
      "Segments": [
        0,
        15,
        0,
        0.4,
        30,
        2,
        1.1,
        30,
        0,
        1.7,
        23.878,
        0,
        2.033,
        30,
        2,
        3,
        30,
        0,
        3.6,
        15
      ]
    },
    {
      "Target": "Parameter",
      "Id": "ParamAngleY",
      "Segments": [
        0,
        10,
        0,
        0.4,
        30,
        0,
        0.8,
        13,
        0,
        1.233,
        30,
        0,
        1.667,
        10,
        0,
        2.2,
        30,
        0,
        2.6,
        10,
        0,
        3.033,
        30,
        0,
        3.6,
        10
      ]
    },
    {
      "Target": "Parameter",
      "Id": "ParamHeadLR",
      "Segments": [
        0,
        -30,
        0,
        0.5,
        -14,
        0,
        1.1,
        -30,
        0,
        1.533,
        30,
        0,
        1.9,
        -30,
        0,
        2.233,
        30,
        0,
        2.7,
        -30,
        0,
        3.133,
        -6,
        0,
        3.6,
        -30
      ]
    },
    {
      "Target": "Parameter",
      "Id": "ParamHeadUP",
      "Segments": [
        0,
        30,
        0,
        0.4,
        -30,
        0,
        0.8,
        18,
        0,
        1.233,
        -30,
        0,
        1.8,
        30,
        0,
        2.133,
        16,
        0,
        2.6,
        30,
        0,
        3.133,
        -6.122,
        0,
        3.6,
        30
      ]
    },
    {
      "Target": "Parameter",
      "Id": "ParamEyeOpen",
      "Segments": [
        0,
        4,
        0,
        0.533,
        11.143,
        1,
        0.7,
        11.143,
        0.866,
        6.458,
        1.033,
        4.118,
        1,
        1.289,
        0.53,
        1.544,
        0,
        1.8,
        0,
        2,
        2.033,
        0,
        1,
        2.311,
        0,
        2.589,
        0.006,
        2.867,
        1,
        1,
        3.111,
        1.875,
        3.356,
        4,
        3.6,
        4
      ]
    },
    {
      "Target": "Parameter",
      "Id": "ParamMouth",
      "Segments": [
        0,
        20,
        0,
        0.333,
        8,
        0,
        0.833,
        16,
        1,
        0.9,
        16,
        0.966,
        7.631,
        1.033,
        7,
        1,
        1.289,
        4.582,
        1.544,
        4,
        1.8,
        4,
        1,
        1.911,
        4,
        2.022,
        4.131,
        2.133,
        8,
        1,
        2.211,
        10.709,
        2.289,
        30,
        2.367,
        30,
        0,
        2.8,
        7,
        0,
        3.6,
        20
      ]
    },
    {
      "Target": "Parameter",
      "Id": "ParamBoobsRUp",
      "Segments": [
        0,
        0,
        0,
        0.233,
        -30,
        0,
        0.567,
        21,
        0,
        1.067,
        -24.517,
        0,
        1.533,
        12.259,
        1,
        1.611,
        12.259,
        1.689,
        6.641,
        1.767,
        1,
        1,
        1.778,
        0.194,
        1.789,
        1.273,
        1.8,
        0,
        1,
        1.878,
        -8.908,
        1.955,
        -30,
        2.033,
        -30,
        0,
        2.367,
        21,
        0,
        2.867,
        -24.517,
        0,
        3.333,
        12.259,
        1,
        3.411,
        12.259,
        3.489,
        7.942,
        3.567,
        1,
        1,
        3.578,
        0.008,
        3.589,
        0,
        3.6,
        0
      ]
    },
    {
      "Target": "Parameter",
      "Id": "ParamBoobsRLR",
      "Segments": [
        0,
        0,
        0,
        0.433,
        13,
        0,
        0.9,
        -30,
        0,
        1.367,
        8,
        0,
        1.8,
        -30,
        0,
        2.233,
        13,
        0,
        2.7,
        -30,
        0,
        3.167,
        8,
        0,
        3.6,
        0
      ]
    },
    {
      "Target": "Parameter",
      "Id": "ParamBoobsLUp",
      "Segments": [
        0,
        0,
        1,
        0.011,
        0,
        0.022,
        -5.358,
        0.033,
        -8,
        1,
        0.1,
        -23.85,
        0.166,
        -30,
        0.233,
        -30,
        0,
        0.633,
        30,
        0,
        1.167,
        -25,
        0,
        1.6,
        21,
        1,
        1.656,
        21,
        1.711,
        16,
        1.767,
        6,
        1,
        1.778,
        4,
        1.789,
        2.282,
        1.8,
        0,
        1,
        1.811,
        -2.282,
        1.822,
        -5.526,
        1.833,
        -8,
        1,
        1.9,
        -22.842,
        1.966,
        -30,
        2.033,
        -30,
        0,
        2.433,
        30,
        0,
        2.967,
        -25,
        0,
        3.4,
        21,
        1,
        3.456,
        21,
        3.511,
        16.872,
        3.567,
        6,
        1,
        3.578,
        3.826,
        3.589,
        0,
        3.6,
        0
      ]
    },
    {
      "Target": "Parameter",
      "Id": "ParamBoobsLLR",
      "Segments": [
        0,
        0,
        0,
        0.367,
        -19.592,
        0,
        0.8,
        30,
        0,
        1.333,
        -15.51,
        0,
        1.767,
        30,
        0,
        2.167,
        -19.592,
        0,
        2.6,
        30,
        0,
        3.133,
        -15.51,
        0,
        3.6,
        0
      ]
    },
    {
      "Target": "Parameter",
      "Id": "ParamHipUp",
      "Segments": [
        0,
        0,
        0,
        0.4,
        26,
        0,
        0.667,
        -13,
        0,
        0.833,
        8,
        0,
        1,
        0,
        0,
        1.233,
        30,
        0,
        1.567,
        -21.224,
        1,
        1.645,
        -21.224,
        1.722,
        -11.271,
        1.8,
        0,
        1,
        1.933,
        19.323,
        2.067,
        26,
        2.2,
        26,
        0,
        2.467,
        -30,
        0,
        2.633,
        8,
        0,
        2.8,
        -16,
        0,
        3.033,
        30,
        0,
        3.6,
        0
      ]
    },
    {
      "Target": "Parameter",
      "Id": "ParamHipLR",
      "Segments": [
        0,
        30,
        0,
        0.4,
        -30,
        0,
        0.667,
        30,
        0,
        1.233,
        -30,
        0,
        1.8,
        30,
        0,
        2.2,
        -30,
        0,
        2.467,
        30,
        0,
        3.033,
        -30,
        0,
        3.6,
        30
      ]
    },
    {
      "Target": "Parameter",
      "Id": "ParamEyeLR",
      "Segments": [
        0,
        30,
        0,
        3.6,
        30
      ]
    },
    {
      "Target": "Parameter",
      "Id": "ParamHair",
      "Segments": [
        0,
        0,
        0,
        3.6,
        0
      ]
    },
    {
      "Target": "Parameter",
      "Id": "ParamToiki",
      "Segments": [
        0,
        30,
        0,
        3.6,
        30
      ]
    }
  ],
  "UserData": [
    {
      "Time": 0.4,
      "Value": ""
    },
    {
      "Time": 1.23333335,
      "Value": ""
    },
    {
      "Time": 2.2,
      "Value": ""
    },
    {
      "Time": 3.0333333,
      "Value": ""
    },
    {
      "Time": 3.5666666,
      "Value": ""
    }
  ]
}