{
  "Version": 3,
  "Meta": {
    "Duration": 8.0,
    "Fps": 30.0,
    "Loop": true,
    "AreBeziersRestricted": true,
    "CurveCount": 2,
    "TotalSegmentCount": 7,
    "TotalPointCount": 7,
    "UserDataCount": 8,
    "TotalUserDataSize": 0
  },
  "Curves": [
    {
      "Target": "Parameter",
      "Id": "ParamEyeLR",
      "Segments": [
        0,
        -30,
        2,
        3,
        -30,
        2,
        3.1,
        -30,
        2,
        5.667,
        -30,
        0,
        6,
        30,
        0,
        8,
        -15
      ]
    },
    {
      "Target": "Parameter",
      "Id": "ParamToiki",
      "Segments": [
        0,
        0,
        0,
        8,
        0
      ]
    }
  ],
  "UserData": [
    {
      "Time": 2.2,
      "Value": ""
    },
    {
      "Time": 2.5,
      "Value": ""
    },
    {
      "Time": 4.0333333,
      "Value": ""
    },
    {
      "Time": 4.1,
      "Value": ""
    },
    {
      "Time": 5.266667,
      "Value": ""
    },
    {
      "Time": 5.3,
      "Value": ""
    },
    {
      "Time": 6.633333,
      "Value": ""
    },
    {
      "Time": 7.9666667,
      "Value": ""
    }
  ]
}