{
  "Version": 3,
  "Meta": {
    "Duration": 8.0,
    "Fps": 30.0,
    "Loop": true,
    "AreBeziersRestricted": true,
    "CurveCount": 3,
    "TotalSegmentCount": 32,
    "TotalPointCount": 48,
    "UserDataCount": 1,
    "TotalUserDataSize": 0
  },
  "Curves": [
    {
      "Target": "Parameter",
      "Id": "ParamMouth",
      "Segments": [
        0,
        20,
        0,
        0.133,
        0,
        1,
        0.466,
        0,
        0.8,
        3.006,
        1.133,
        13,
        1,
        1.211,
        15.332,
        1.289,
        30,
        1.367,
        30,
        0,
        2.6,
        13,
        0,
        3.867,
        27,
        0,
        4.133,
        13,
        0,
        5.267,
        20,
        0,
        5.533,
        0,
        1,
        5.889,
        0,
        6.244,
        3.399,
        6.6,
        13,
        1,
        6.656,
        14.5,
        6.711,
        27,
        6.767,
        27,
        0,
        8,
        20
      ]
    },
    {
      "Target": "Parameter",
      "Id": "ParamBleath",
      "Segments": [
        0,
        0,
        1,
        0.011,
        0,
        0.022,
        3.714,
        0.033,
        5.253,
        1,
        0.1,
        14.49,
        0.166,
        18,
        0.233,
        18,
        0,
        1.167,
        -15,
        0,
        1.467,
        16,
        0,
        1.633,
        3,
        0,
        1.8,
        30,
        0,
        2.5,
        -11,
        0,
        2.9,
        19,
        0,
        3.733,
        -23,
        0,
        4.233,
        18,
        0,
        5.167,
        -15,
        0,
        5.467,
        16,
        0,
        5.533,
        5.253,
        0,
        5.6,
        30,
        0,
        6.5,
        -11,
        0,
        6.9,
        19,
        0,
        7.733,
        -23,
        1,
        7.811,
        -23,
        7.889,
        -18.299,
        7.967,
        -6.268,
        1,
        7.978,
        -4.549,
        7.989,
        0,
        8,
        0
      ]
    },
    {
      "Target": "Parameter",
      "Id": "ParamHair",
      "Segments": [
        0,
        0,
        0,
        8,
        0
      ]
    }
  ],
  "UserData": [
    {
      "Time": 7.9666667,
      "Value": ""
    }
  ]
}