{
  "Version": 3,
  "Meta": {
    "Duration": 4.5,
    "Fps": 30.0,
    "Loop": true,
    "AreBeziersRestricted": true,
    "CurveCount": 3,
    "TotalSegmentCount": 12,
    "TotalPointCount": 20,
    "UserDataCount": 1,
    "TotalUserDataSize": 0
  },
  "Curves": [
    {
      "Target": "Parameter",
      "Id": "ParamBleath",
      "Segments": [
        0,
        0,
        0,
        0.367,
        -30,
        1,
        0.467,
        -30,
        0.567,
        -30.585,
        0.667,
        -26,
        1,
        0.811,
        -19.377,
        0.956,
        0,
        1.1,
        0,
        0,
        1.533,
        -30,
        1,
        1.8,
        -30,
        2.066,
        -30.786,
        2.333,
        -26,
        1,
        2.644,
        -20.416,
        2.956,
        21,
        3.267,
        21,
        0,
        4.5,
        0
      ]
    },
    {
      "Target": "Parameter",
      "Id": "ParamMouth",
      "Segments": [
        0,
        0,
        0,
        0.333,
        20,
        0,
        2.5,
        0,
        2,
        4.5,
        0
      ]
    },
    {
      "Target": "Parameter",
      "Id": "ParamHair",
      "Segments": [
        0,
        0,
        0,
        4.5,
        0
      ]
    }
  ],
  "UserData": [
    {
      "Time": 4.4666667,
      "Value": ""
    }
  ]
}