{
  "Version": 3,
  "Meta": {
    "Duration": 2.467,
    "Fps": 30.0,
    "Loop": true,
    "AreBeziersRestricted": true,
    "CurveCount": 1,
    "TotalSegmentCount": 2,
    "TotalPointCount": 2,
    "UserDataCount": 3,
    "TotalUserDataSize": 0
  },
  "Curves": [
    {
      "Target": "Parameter",
      "Id": "ParamEyeLR",
      "Segments": [
        0,
        -15,
        0,
        2.467,
        -15
      ]
    }
  ],
  "UserData": [
    {
      "Time": 0.0333333351,
      "Value": ""
    },
    {
      "Time": 1.0,
      "Value": ""
    },
    {
      "Time": 2.4333334,
      "Value": ""
    }
  ]
}