{
  "Version": 3,
  "Meta": {
    "Duration": 4.0,
    "Fps": 30.0,
    "Loop": true,
    "AreBeziersRestricted": true,
    "CurveCount": 3,
    "TotalSegmentCount": 27,
    "TotalPointCount": 33,
    "UserDataCount": 2,
    "TotalUserDataSize": 0
  },
  "Curves": [
    {
      "Target": "Parameter",
      "Id": "ParamMouth",
      "Segments": [
        0,
        20,
        0,
        0.167,
        30,
        0,
        1.1,
        25.329,
        0,
        1.367,
        30,
        0,
        2.6,
        13,
        0,
        2.867,
        28,
        1,
        3.245,
        28,
        3.622,
        25.915,
        4,
        20
      ]
    },
    {
      "Target": "Parameter",
      "Id": "ParamBleath",
      "Segments": [
        0,
        0,
        1,
        0.011,
        0,
        0.022,
        1.486,
        0.033,
        5.253,
        1,
        0.055,
        12.787,
        0.078,
        17,
        0.1,
        17,
        0,
        0.2,
        5.253,
        0,
        0.3,
        28,
        0,
        0.367,
        13,
        0,
        0.467,
        30,
        0,
        0.567,
        18,
        0,
        0.667,
        30,
        0,
        0.733,
        21,
        0,
        0.8,
        30,
        0,
        1.167,
        -15,
        0,
        1.467,
        16,
        0,
        1.633,
        3,
        0,
        1.8,
        30,
        0,
        2.5,
        -11,
        0,
        2.6,
        7,
        0,
        2.733,
        -1,
        0,
        2.9,
        19,
        0,
        4,
        0
      ]
    },
    {
      "Target": "Parameter",
      "Id": "ParamHair",
      "Segments": [
        0,
        0,
        0,
        4,
        0
      ]
    }
  ],
  "UserData": [
    {
      "Time": 3.0333333,
      "Value": ""
    },
    {
      "Time": 3.9666667,
      "Value": ""
    }
  ]
}