{
  "Version": 3,
  "Meta": {
    "Duration": 4.533,
    "Fps": 30.0,
    "Loop": true,
    "AreBeziersRestricted": true,
    "CurveCount": 1,
    "TotalSegmentCount": 2,
    "TotalPointCount": 2,
    "UserDataCount": 7,
    "TotalUserDataSize": 0
  },
  "Curves": [
    {
      "Target": "Parameter",
      "Id": "ParamEyeLR",
      "Segments": [
        0,
        -15,
        0,
        4.533,
        -15
      ]
    }
  ],
  "UserData": [
    {
      "Time": 0.266666681,
      "Value": ""
    },
    {
      "Time": 1.4666667,
      "Value": ""
    },
    {
      "Time": 2.0,
      "Value": ""
    },
    {
      "Time": 3.0,
      "Value": ""
    },
    {
      "Time": 3.4,
      "Value": ""
    },
    {
      "Time": 3.73333335,
      "Value": ""
    },
    {
      "Time": 4.5,
      "Value": ""
    }
  ]
}