{
  "Version": 3,
  "Meta": {
    "Duration": 4.133,
    "Fps": 30.0,
    "Loop": true,
    "AreBeziersRestricted": true,
    "CurveCount": 1,
    "TotalSegmentCount": 2,
    "TotalPointCount": 2,
    "UserDataCount": 5,
    "TotalUserDataSize": 0
  },
  "Curves": [
    {
      "Target": "Parameter",
      "Id": "ParamEyeLR",
      "Segments": [
        0,
        30,
        0,
        4.133,
        30
      ]
    }
  ],
  "UserData": [
    {
      "Time": 0.266666681,
      "Value": ""
    },
    {
      "Time": 1.26666665,
      "Value": ""
    },
    {
      "Time": 2.3,
      "Value": ""
    },
    {
      "Time": 3.33333325,
      "Value": ""
    },
    {
      "Time": 4.1,
      "Value": ""
    }
  ]
}