{
  "Version": 3,
  "Meta": {
    "Duration": 7.0,
    "Fps": 30.0,
    "Loop": true,
    "AreBeziersRestricted": true,
    "CurveCount": 2,
    "TotalSegmentCount": 6,
    "TotalPointCount": 8,
    "UserDataCount": 6,
    "TotalUserDataSize": 0
  },
  "Curves": [
    {
      "Target": "Parameter",
      "Id": "ParamToiki",
      "Segments": [
        0,
        0,
        2,
        4.033,
        0,
        2,
        5.667,
        0,
        1,
        5.889,
        10,
        6.111,
        20,
        6.333,
        30,
        2,
        7,
        30
      ]
    },
    {
      "Target": "Parameter",
      "Id": "ParamEyeLR",
      "Segments": [
        0,
        30,
        0,
        7,
        30
      ]
    }
  ],
  "UserData": [
    {
      "Time": 0.266666681,
      "Value": ""
    },
    {
      "Time": 0.966666639,
      "Value": ""
    },
    {
      "Time": 1.66666663,
      "Value": ""
    },
    {
      "Time": 3.0666666,
      "Value": ""
    },
    {
      "Time": 5.5,
      "Value": ""
    },
    {
      "Time": 6.9666667,
      "Value": ""
    }
  ]
}